<config>
    <ConfiguracionGeneral>
        <namespace>curriculumvitae</namespace>
        <idiomasOnto>
            <idiomaOnto>es</idiomaOnto>
        </idiomasOnto>
        <ocultarTituloDescpImgDoc></ocultarTituloDescpImgDoc>
        <TituloDoc EntidadID="http://w3id.org/roh/CV">http://xmlns.com/foaf/0.1/name</TituloDoc>
        <DescripcionDoc EntidadID="http://w3id.org/roh/CV">http://xmlns.com/foaf/0.1/name</DescripcionDoc>
        <HtmlNuevo>true</HtmlNuevo>
		<CategorizacionTesauroGnossObligatoria>false</CategorizacionTesauroGnossObligatoria>
    </ConfiguracionGeneral>
    <EspefPropiedad>
        <Propiedad  ID="http://vivoweb.org/ontology/core#relatedBy" EntidadID="http://w3id.org/roh/RelatedNetwork">
                        			<SeleccionEntidad>
                <TipoSeleccion>Autocompletar</TipoSeleccion>
                <Grafo>network.owl</Grafo>
                <UrlTipoEntSolicitada>http://w3id.org/roh/Network</UrlTipoEntSolicitada>              
                <PropsEntEdicion>
                    <NameProp>http://w3id.org/roh/title</NameProp>
                </PropsEntEdicion>
                <PropsEntLectura>
                    <Propiedad ID="http://w3id.org/roh/title" EntidadID="http://w3id.org/roh/Network">
                        <AtrNombreLectura></AtrNombreLectura>
                    </Propiedad>
                </PropsEntLectura>
            </SeleccionEntidad>
        </Propiedad>
        <Propiedad  ID="http://vivoweb.org/ontology/core#relatedBy" EntidadID="http://w3id.org/roh/RelatedOtherDistinction">
                        			<SeleccionEntidad>
                <TipoSeleccion>Autocompletar</TipoSeleccion>
                <Grafo>accreditation.owl</Grafo>
                <UrlTipoEntSolicitada>http://w3id.org/roh/Accreditation</UrlTipoEntSolicitada>              
                <PropsEntEdicion>
                    <NameProp>http://w3id.org/roh/title</NameProp>
                </PropsEntEdicion>
                <PropsEntLectura>
                    <Propiedad ID="http://w3id.org/roh/title" EntidadID="http://w3id.org/roh/Accreditation">
                        <AtrNombreLectura></AtrNombreLectura>
                    </Propiedad>
                </PropsEntLectura>
            </SeleccionEntidad>
        </Propiedad>
        <Propiedad  ID="http://vivoweb.org/ontology/core#relatedBy" EntidadID="http://w3id.org/roh/RelatedWorkSubmittedConferences">
                        			<SeleccionEntidad>
                <TipoSeleccion>Autocompletar</TipoSeleccion>
                <Grafo>document.owl</Grafo>
                <UrlTipoEntSolicitada>http://purl.org/ontology/bibo/Document</UrlTipoEntSolicitada>              
                <PropsEntEdicion>
                    <NameProp>http://w3id.org/roh/title</NameProp>
                </PropsEntEdicion>
                <PropsEntLectura>
                    <Propiedad ID="http://w3id.org/roh/title" EntidadID="http://purl.org/ontology/bibo/Document">
                        <AtrNombreLectura></AtrNombreLectura>
                    </Propiedad>
                </PropsEntLectura>
            </SeleccionEntidad>
        </Propiedad>
        <Propiedad  ID="http://vivoweb.org/ontology/core#relatedBy" EntidadID="http://w3id.org/roh/RelatedOtherCollaboration">
                        			<SeleccionEntidad>
                <TipoSeleccion>Autocompletar</TipoSeleccion>
                <Grafo>collaboration.owl</Grafo>
                <UrlTipoEntSolicitada>http://w3id.org/roh/Collaboration</UrlTipoEntSolicitada>              
                <PropsEntEdicion>
                    <NameProp>http://w3id.org/roh/title</NameProp>
                </PropsEntEdicion>
                <PropsEntLectura>
                    <Propiedad ID="http://w3id.org/roh/title" EntidadID="http://w3id.org/roh/Collaboration">
                        <AtrNombreLectura></AtrNombreLectura>
                    </Propiedad>
                </PropsEntLectura>
            </SeleccionEntidad>
        </Propiedad>
        <Propiedad  ID="http://vivoweb.org/ontology/core#relatedBy" EntidadID="http://w3id.org/roh/RelatedCommittee">
                        			<SeleccionEntidad>
                <TipoSeleccion>Autocompletar</TipoSeleccion>
                <Grafo>committee.owl</Grafo>
                <UrlTipoEntSolicitada>http://w3id.org/roh/Committee</UrlTipoEntSolicitada>              
                <PropsEntEdicion>
                    <NameProp>http://w3id.org/roh/title</NameProp>
                </PropsEntEdicion>
                <PropsEntLectura>
                    <Propiedad ID="http://w3id.org/roh/title" EntidadID="http://w3id.org/roh/Committee">
                        <AtrNombreLectura></AtrNombreLectura>
                    </Propiedad>
                </PropsEntLectura>
            </SeleccionEntidad>
        </Propiedad>
        <Propiedad  ID="http://w3id.org/roh/accessSystem" EntidadID="http://w3id.org/roh/RelatedResearchEvaluationCV">
            <AtrNombre>http://w3id.org/roh/accessSystem</AtrNombre>
            <AtrNombreLectura>http://w3id.org/roh/accessSystem</AtrNombreLectura>
			<SeleccionEntidad>
                <TipoSeleccion>Combo</TipoSeleccion>
                <Grafo>accesssystemactivity.owl</Grafo>
                <UrlTipoEntSolicitada>http://w3id.org/roh/AccessSystemActivity</UrlTipoEntSolicitada>              
                <PropsEntEdicion>
                    <NameProp>http://purl.org/dc/elements/1.1/title</NameProp>
                </PropsEntEdicion>
                <PropsEntLectura>
                    <Propiedad ID="http://purl.org/dc/elements/1.1/title" EntidadID="http://w3id.org/roh/AccessSystemActivity">
                        <AtrNombreLectura></AtrNombreLectura>
                    </Propiedad>
                </PropsEntLectura>
            </SeleccionEntidad>
        </Propiedad>
        <Propiedad  ID="http://w3id.org/roh/accessSystem" EntidadID="http://w3id.org/roh/RelatedActivityManagementCV">
            <AtrNombre>http://w3id.org/roh/accessSystem</AtrNombre>
            <AtrNombreLectura>http://w3id.org/roh/accessSystem</AtrNombreLectura>
			<SeleccionEntidad>
                <TipoSeleccion>Combo</TipoSeleccion>
                <Grafo>accesssystemactivity.owl</Grafo>
                <UrlTipoEntSolicitada>http://w3id.org/roh/AccessSystemActivity</UrlTipoEntSolicitada>              
                <PropsEntEdicion>
                    <NameProp>http://purl.org/dc/elements/1.1/title</NameProp>
                </PropsEntEdicion>
                <PropsEntLectura>
                    <Propiedad ID="http://purl.org/dc/elements/1.1/title" EntidadID="http://w3id.org/roh/AccessSystemActivity">
                        <AtrNombreLectura></AtrNombreLectura>
                    </Propiedad>
                </PropsEntLectura>
            </SeleccionEntidad>
        </Propiedad>
        <Propiedad  ID="http://vivoweb.org/ontology/core#relatedBy" EntidadID="http://w3id.org/roh/RelatedCouncil">
                        			<SeleccionEntidad>
                <TipoSeleccion>Autocompletar</TipoSeleccion>
                <Grafo>council.owl</Grafo>
                <UrlTipoEntSolicitada>http://w3id.org/roh/Council</UrlTipoEntSolicitada>              
                <PropsEntEdicion>
                    <NameProp>http://w3id.org/roh/title</NameProp>
                </PropsEntEdicion>
                <PropsEntLectura>
                    <Propiedad ID="http://w3id.org/roh/title" EntidadID="http://w3id.org/roh/Council">
                        <AtrNombreLectura></AtrNombreLectura>
                    </Propiedad>
                </PropsEntLectura>
            </SeleccionEntidad>
        </Propiedad>
        <Propiedad  ID="http://vivoweb.org/ontology/core#relatedBy" EntidadID="http://w3id.org/roh/RelatedPrize">
                        			<SeleccionEntidad>
                <TipoSeleccion>Autocompletar</TipoSeleccion>
                <Grafo>accreditation.owl</Grafo>
                <UrlTipoEntSolicitada>http://w3id.org/roh/Accreditation</UrlTipoEntSolicitada>              
                <PropsEntEdicion>
                    <NameProp>http://w3id.org/roh/title</NameProp>
                </PropsEntEdicion>
                <PropsEntLectura>
                    <Propiedad ID="http://w3id.org/roh/title" EntidadID="http://w3id.org/roh/Accreditation">
                        <AtrNombreLectura></AtrNombreLectura>
                    </Propiedad>
                </PropsEntLectura>
            </SeleccionEntidad>
        </Propiedad>
        <Propiedad  ID="http://vivoweb.org/ontology/core#relatedBy" EntidadID="http://w3id.org/roh/RelatedResearchEvaluation">
                        			<SeleccionEntidad>
                <TipoSeleccion>Autocompletar</TipoSeleccion>
                <Grafo>activity.owl</Grafo>
                <UrlTipoEntSolicitada>http://w3id.org/roh/Activity</UrlTipoEntSolicitada>              
                <PropsEntEdicion>
                    <NameProp>http://w3id.org/roh/title</NameProp>
                </PropsEntEdicion>
                <PropsEntLectura>
                    <Propiedad ID="http://w3id.org/roh/title" EntidadID="http://w3id.org/roh/Activity">
                        <AtrNombreLectura></AtrNombreLectura>
                    </Propiedad>
                </PropsEntLectura>
            </SeleccionEntidad>
        </Propiedad>
        <Propiedad  ID="http://vivoweb.org/ontology/core#relatedBy" EntidadID="http://w3id.org/roh/RelatedActivityManagement">
                        			<SeleccionEntidad>
                <TipoSeleccion>Autocompletar</TipoSeleccion>
                <Grafo>activity.owl</Grafo>
                <UrlTipoEntSolicitada>http://w3id.org/roh/Activity</UrlTipoEntSolicitada>              
                <PropsEntEdicion>
                    <NameProp>http://w3id.org/roh/title</NameProp>
                </PropsEntEdicion>
                <PropsEntLectura>
                    <Propiedad ID="http://w3id.org/roh/title" EntidadID="http://w3id.org/roh/Activity">
                        <AtrNombreLectura></AtrNombreLectura>
                    </Propiedad>
                </PropsEntLectura>
            </SeleccionEntidad>
        </Propiedad>
        <Propiedad  ID="http://vivoweb.org/ontology/core#relatedBy" EntidadID="http://w3id.org/roh/RelatedStay">
                        			<SeleccionEntidad>
                <TipoSeleccion>Autocompletar</TipoSeleccion>
                <Grafo>stay.owl</Grafo>
                <UrlTipoEntSolicitada>http://w3id.org/roh/Stay</UrlTipoEntSolicitada>              
                <PropsEntEdicion>
                    <NameProp>http://w3id.org/roh/title</NameProp>
                </PropsEntEdicion>
                <PropsEntLectura>
                    <Propiedad ID="http://w3id.org/roh/title" EntidadID="http://w3id.org/roh/Stay">
                        <AtrNombreLectura></AtrNombreLectura>
                    </Propiedad>
                </PropsEntLectura>
            </SeleccionEntidad>
        </Propiedad>
        <Propiedad  ID="http://xmlns.com/foaf/0.1/gender" EntidadID="http://w3id.org/roh/PersonalData">
			<SeleccionEntidad>
                <TipoSeleccion>Combo</TipoSeleccion>
                <Grafo>gender.owl</Grafo>
                <UrlTipoEntSolicitada>http://w3id.org/roh/Gender</UrlTipoEntSolicitada>              
                <PropsEntEdicion>
                    <NameProp>http://purl.org/dc/elements/1.1/title</NameProp>
                </PropsEntEdicion>
                <PropsEntLectura>
                    <Propiedad ID="http://purl.org/dc/elements/1.1/title" EntidadID="http://w3id.org/roh/Gender">
                        <AtrNombreLectura></AtrNombreLectura>
                    </Propiedad>
                </PropsEntLectura>
            </SeleccionEntidad>
        </Propiedad>
        <Propiedad  ID="http://www.schema.org/nationality" EntidadID="http://w3id.org/roh/PersonalData">
			<SeleccionEntidad>
                <TipoSeleccion>Autocompletar</TipoSeleccion>
                <Grafo>feature.owl</Grafo>
                <UrlTipoEntSolicitada>http://www.geonames.org/ontology#Feature</UrlTipoEntSolicitada>              
                <PropsEntEdicion>
                    <NameProp>http://www.geonames.org/ontology#name</NameProp>
                </PropsEntEdicion>
                <PropsEntLectura>
                    <Propiedad ID="http://www.geonames.org/ontology#name" EntidadID="http://www.geonames.org/ontology#Feature">
                        <AtrNombreLectura></AtrNombreLectura>
                    </Propiedad>
                </PropsEntLectura>
            </SeleccionEntidad>
        </Propiedad>
        <Propiedad  ID="http://vivoweb.org/ontology/core#relatedBy" EntidadID="http://w3id.org/roh/RelatedTechnologicalResult">
                        			<SeleccionEntidad>
                <TipoSeleccion>Autocompletar</TipoSeleccion>
                <Grafo>technologicalresult.owl</Grafo>
                <UrlTipoEntSolicitada>http://w3id.org/roh/TechnologicalResult</UrlTipoEntSolicitada>              
                <PropsEntEdicion>
                    <NameProp>http://purl.org/dc/elements/1.1/title</NameProp>
                </PropsEntEdicion>
                <PropsEntLectura>
                    <Propiedad ID="http://purl.org/dc/elements/1.1/title" EntidadID="http://w3id.org/roh/TechnologicalResult">
                        <AtrNombreLectura></AtrNombreLectura>
                    </Propiedad>
                </PropsEntLectura>
            </SeleccionEntidad>
        </Propiedad>
        <Propiedad  ID="http://w3id.org/roh/contributionGradeProject" EntidadID="http://w3id.org/roh/RelatedSupervisedArtisticProjectCV">
			<SeleccionEntidad>
                <TipoSeleccion>Autocompletar</TipoSeleccion>
                <Grafo>contributiongradeproject.owl</Grafo>
                <UrlTipoEntSolicitada>http://w3id.org/roh/ContributionGradeProject</UrlTipoEntSolicitada>              
                <PropsEntEdicion>
                    <NameProp>http://purl.org/dc/elements/1.1/title</NameProp>
                </PropsEntEdicion>
                <PropsEntLectura>
                    <Propiedad ID="http://purl.org/dc/elements/1.1/title" EntidadID="http://w3id.org/roh/ContributionGradeProject">
                        <AtrNombreLectura></AtrNombreLectura>
                    </Propiedad>
                </PropsEntLectura>
            </SeleccionEntidad>
        </Propiedad>
        <Propiedad  ID="http://w3id.org/roh/categoryNode" EntidadID="http://w3id.org/roh/CategoryPath">
			<SeleccionEntidad>
				<TipoSeleccion>Tesauro</TipoSeleccion>
				<Grafo>taxonomy.owl</Grafo>				
				<UrlPropiedad>um</UrlPropiedad>                
			</SeleccionEntidad>
        </Propiedad>
        <Propiedad  ID="http://vivoweb.org/ontology/core#relatedBy" EntidadID="http://w3id.org/roh/RelatedSupervisedArtisticProject">
                        			<SeleccionEntidad>
                <TipoSeleccion>Autocompletar</TipoSeleccion>
                <Grafo>supervisedartisticproject.owl</Grafo>
                <UrlTipoEntSolicitada>http://w3id.org/roh/SupervisedArtisticProject</UrlTipoEntSolicitada>              
                <PropsEntEdicion>
                    <NameProp>http://w3id.org/roh/title</NameProp>
                </PropsEntEdicion>
                <PropsEntLectura>
                    <Propiedad ID="http://w3id.org/roh/title" EntidadID="http://w3id.org/roh/SupervisedArtisticProject">
                        <AtrNombreLectura></AtrNombreLectura>
                    </Propiedad>
                </PropsEntLectura>
            </SeleccionEntidad>
        </Propiedad>        
        <Propiedad  ID="http://vivoweb.org/ontology/core#relatedBy" EntidadID="http://w3id.org/roh/RelatedObtainedRecognition">
                        			<SeleccionEntidad>
                <TipoSeleccion>Autocompletar</TipoSeleccion>
                <Grafo>accreditation.owl</Grafo>
                <UrlTipoEntSolicitada>http://w3id.org/roh/Accreditation</UrlTipoEntSolicitada>              
                <PropsEntEdicion>
                    <NameProp>http://w3id.org/roh/title</NameProp>
                </PropsEntEdicion>
                <PropsEntLectura>
                    <Propiedad ID="http://w3id.org/roh/title" EntidadID="http://w3id.org/roh/Accreditation">
                        <AtrNombreLectura></AtrNombreLectura>
                    </Propiedad>
                </PropsEntLectura>
            </SeleccionEntidad>
        </Propiedad>
        <Propiedad  ID="http://vivoweb.org/ontology/core#relatedBy" EntidadID="http://w3id.org/roh/RelatedResearchActivityPeriod">
                        			<SeleccionEntidad>
                <TipoSeleccion>Autocompletar</TipoSeleccion>
                <Grafo>accreditation.owl</Grafo>
                <UrlTipoEntSolicitada>http://w3id.org/roh/Accreditation</UrlTipoEntSolicitada>              
                <PropsEntEdicion>
                    <NameProp>http://w3id.org/roh/title</NameProp>
                </PropsEntEdicion>
                <PropsEntLectura>
                    <Propiedad ID="http://w3id.org/roh/title" EntidadID="http://w3id.org/roh/Accreditation">
                        <AtrNombreLectura></AtrNombreLectura>
                    </Propiedad>
                </PropsEntLectura>
            </SeleccionEntidad>
        </Propiedad>
        <Propiedad  ID="http://w3id.org/roh/represents" EntidadID="http://w3id.org/roh/RelatedForumCV">
			<SeleccionEntidad>
                <TipoSeleccion>Autocompletar</TipoSeleccion>
                <Grafo>organization.owl</Grafo>
                <UrlTipoEntSolicitada>http://xmlns.com/foaf/0.1/Organization</UrlTipoEntSolicitada>              
                <PropsEntEdicion>
                    <NameProp>http://w3id.org/roh/title</NameProp>
                </PropsEntEdicion>
                <PropsEntLectura>
                    <Propiedad ID="http://w3id.org/roh/title" EntidadID="http://xmlns.com/foaf/0.1/Organization">
                        <AtrNombreLectura></AtrNombreLectura>
                    </Propiedad>
                </PropsEntLectura>
            </SeleccionEntidad>
        </Propiedad>
        <Propiedad  ID="http://vivoweb.org/ontology/core#start" EntidadID="http://w3id.org/roh/RelatedForumCV">
			<SeleccionEntidad>
                <TipoSeleccion>Autocompletar</TipoSeleccion>
                <Grafo>activity.owl</Grafo>
                <UrlTipoEntSolicitada>http://w3id.org/roh/Activity</UrlTipoEntSolicitada>              
                <PropsEntEdicion>
                    <NameProp>http://w3id.org/roh/title</NameProp>
                </PropsEntEdicion>
                <PropsEntLectura>
                    <Propiedad ID="http://w3id.org/roh/title" EntidadID="http://w3id.org/roh/Activity">
                        <AtrNombreLectura></AtrNombreLectura>
                    </Propiedad>
                </PropsEntLectura>
            </SeleccionEntidad>
        </Propiedad>
        <Propiedad  ID="http://vivoweb.org/ontology/core#relatedBy" EntidadID="http://w3id.org/roh/RelatedOtherAchievement">
                        			<SeleccionEntidad>
                <TipoSeleccion>Autocompletar</TipoSeleccion>
                <Grafo>accreditation.owl</Grafo>
                <UrlTipoEntSolicitada>http://w3id.org/roh/Accreditation</UrlTipoEntSolicitada>              
                <PropsEntEdicion>
                    <NameProp>http://w3id.org/roh/title</NameProp>
                </PropsEntEdicion>
                <PropsEntLectura>
                    <Propiedad ID="http://w3id.org/roh/title" EntidadID="http://w3id.org/roh/Accreditation">
                        <AtrNombreLectura></AtrNombreLectura>
                    </Propiedad>
                </PropsEntLectura>
            </SeleccionEntidad>
        </Propiedad>
        <Propiedad  ID="https://www.w3.org/2006/vcard/ns#hasCountryName" EntidadID="https://www.w3.org/2006/vcard/ns#Address">
			<SeleccionEntidad>
                <TipoSeleccion>Combo</TipoSeleccion>
                <Grafo>feature.owl</Grafo>
                <UrlTipoEntSolicitada>http://www.geonames.org/ontology#Feature</UrlTipoEntSolicitada>              
                <PropsEntEdicion>
                    <NameProp>http://www.geonames.org/ontology#name</NameProp>
                </PropsEntEdicion>
                <PropsEntLectura>
                    <Propiedad ID="http://www.geonames.org/ontology#name" EntidadID="http://www.geonames.org/ontology#Feature">
                        <AtrNombreLectura></AtrNombreLectura>
                    </Propiedad>
                </PropsEntLectura>
            </SeleccionEntidad>
        </Propiedad>
        <Propiedad  ID="http://w3id.org/roh/hasProvince" EntidadID="https://www.w3.org/2006/vcard/ns#Address">      
			<SeleccionEntidad>
                <TipoSeleccion>Combo</TipoSeleccion>
                <Grafo>feature.owl</Grafo>
                <UrlTipoEntSolicitada>http://www.geonames.org/ontology#Feature</UrlTipoEntSolicitada>              
                <PropsEntEdicion>
                    <NameProp>http://www.geonames.org/ontology#name</NameProp>
                </PropsEntEdicion>
                <PropsEntLectura>
                    <Propiedad ID="http://www.geonames.org/ontology#name" EntidadID="http://www.geonames.org/ontology#Feature">
                        <AtrNombreLectura></AtrNombreLectura>
                    </Propiedad>
                </PropsEntLectura>
            </SeleccionEntidad>
        </Propiedad>
        <Propiedad  ID="https://www.w3.org/2006/vcard/ns#hasRegion" EntidadID="https://www.w3.org/2006/vcard/ns#Address">
			<SeleccionEntidad>
                <TipoSeleccion>Combo</TipoSeleccion>
                <Grafo>feature.owl</Grafo>
                <UrlTipoEntSolicitada>http://www.geonames.org/ontology#Feature</UrlTipoEntSolicitada>              
                <PropsEntEdicion>
                    <NameProp>http://www.geonames.org/ontology#name</NameProp>
                </PropsEntEdicion>
                <PropsEntLectura>
                    <Propiedad ID="http://www.geonames.org/ontology#name" EntidadID="http://www.geonames.org/ontology#Feature">
                        <AtrNombreLectura></AtrNombreLectura>
                    </Propiedad>
                </PropsEntLectura>
            </SeleccionEntidad>
        </Propiedad>
        <Propiedad  ID="http://vivoweb.org/ontology/core#relatedBy" EntidadID="http://w3id.org/roh/RelatedGroup">
                        			<SeleccionEntidad>
                <TipoSeleccion>Autocompletar</TipoSeleccion>
                <Grafo>group.owl</Grafo>
                <UrlTipoEntSolicitada>http://xmlns.com/foaf/0.1/Group</UrlTipoEntSolicitada>              
                <PropsEntEdicion>
                    <NameProp>http://w3id.org/roh/title</NameProp>
                </PropsEntEdicion>
                <PropsEntLectura>
                    <Propiedad ID="http://w3id.org/roh/title" EntidadID="http://xmlns.com/foaf/0.1/Group">
                        <AtrNombreLectura></AtrNombreLectura>
                    </Propiedad>
                </PropsEntLectura>
            </SeleccionEntidad>
        </Propiedad>
		<Propiedad  ID="http://vivoweb.org/ontology/core#relatedBy" EntidadID="http://w3id.org/roh/RelatedResearchObject">
                        			<SeleccionEntidad>
                <TipoSeleccion>Autocompletar</TipoSeleccion>
                <Grafo>researchobject.owl</Grafo>
                <UrlTipoEntSolicitada>http://w3id.org/roh/ResearchObject</UrlTipoEntSolicitada>              
                <PropsEntEdicion>
                    <NameProp>http://w3id.org/roh/title</NameProp>
                </PropsEntEdicion>
                <PropsEntLectura>
                    <Propiedad ID="http://w3id.org/roh/title" EntidadID="http://w3id.org/roh/ResearchObject">
                        <AtrNombreLectura></AtrNombreLectura>
                    </Propiedad>
                </PropsEntLectura>
            </SeleccionEntidad>
        </Propiedad>
        <Propiedad  ID="http://vivoweb.org/ontology/core#relatedBy" EntidadID="http://w3id.org/roh/RelatedForum">
                        			<SeleccionEntidad>
                <TipoSeleccion>Autocompletar</TipoSeleccion>
                <Grafo>activity.owl</Grafo>
                <UrlTipoEntSolicitada>http://w3id.org/roh/Activity</UrlTipoEntSolicitada>              
                <PropsEntEdicion>
                    <NameProp>http://w3id.org/roh/title</NameProp>
                </PropsEntEdicion>
                <PropsEntLectura>
                    <Propiedad ID="http://w3id.org/roh/title" EntidadID="http://w3id.org/roh/Activity">
                        <AtrNombreLectura></AtrNombreLectura>
                    </Propiedad>
                </PropsEntLectura>
            </SeleccionEntidad>
        </Propiedad>
        <Propiedad  ID="http://vivoweb.org/ontology/core#relatedBy" EntidadID="http://w3id.org/roh/RelatedGrant">
                        			<SeleccionEntidad>
                <TipoSeleccion>Autocompletar</TipoSeleccion>
                <Grafo>grant.owl</Grafo>
                <UrlTipoEntSolicitada>http://vivoweb.org/ontology/core#Grant</UrlTipoEntSolicitada>              
                <PropsEntEdicion>
                    <NameProp>http://w3id.org/roh/title</NameProp>
                </PropsEntEdicion>
                <PropsEntLectura>
                    <Propiedad ID="http://w3id.org/roh/title" EntidadID="http://vivoweb.org/ontology/core#Grant">
                        <AtrNombreLectura></AtrNombreLectura>
                    </Propiedad>
                </PropsEntLectura>
            </SeleccionEntidad>
        </Propiedad>
        <Propiedad  ID="http://vivoweb.org/ontology/core#relatedBy" EntidadID="http://w3id.org/roh/RelatedNonCompetitiveProject">
                        			<SeleccionEntidad>
                <TipoSeleccion>Autocompletar</TipoSeleccion>
                <Grafo>project.owl</Grafo>
                <UrlTipoEntSolicitada>http://vivoweb.org/ontology/core#Project</UrlTipoEntSolicitada>              
                <PropsEntEdicion>
                    <NameProp>http://w3id.org/roh/title</NameProp>
                </PropsEntEdicion>
                <PropsEntLectura>
                    <Propiedad ID="http://w3id.org/roh/title" EntidadID="http://vivoweb.org/ontology/core#Project">
                        <AtrNombreLectura></AtrNombreLectura>
                    </Propiedad>
                </PropsEntLectura>
            </SeleccionEntidad>
        </Propiedad>
        <Propiedad  ID="http://vivoweb.org/ontology/core#relatedBy" EntidadID="http://w3id.org/roh/RelatedActivityOrganization">
                        			<SeleccionEntidad>
                <TipoSeleccion>Autocompletar</TipoSeleccion>
                <Grafo>activity.owl</Grafo>
                <UrlTipoEntSolicitada>http://w3id.org/roh/Activity</UrlTipoEntSolicitada>              
                <PropsEntEdicion>
                    <NameProp>http://w3id.org/roh/title</NameProp>
                </PropsEntEdicion>
                <PropsEntLectura>
                    <Propiedad ID="http://w3id.org/roh/title" EntidadID="http://w3id.org/roh/Activity">
                        <AtrNombreLectura></AtrNombreLectura>
                    </Propiedad>
                </PropsEntLectura>
            </SeleccionEntidad>
        </Propiedad>
        <Propiedad  ID="http://vivoweb.org/ontology/core#relatedBy" EntidadID="http://w3id.org/roh/RelatedSociety">
                        			<SeleccionEntidad>
                <TipoSeleccion>Autocompletar</TipoSeleccion>
                <Grafo>society.owl</Grafo>
                <UrlTipoEntSolicitada>http://w3id.org/roh/Society</UrlTipoEntSolicitada>              
                <PropsEntEdicion>
                    <NameProp>http://w3id.org/roh/title</NameProp>
                </PropsEntEdicion>
                <PropsEntLectura>
                    <Propiedad ID="http://w3id.org/roh/title" EntidadID="http://w3id.org/roh/Society">
                        <AtrNombreLectura></AtrNombreLectura>
                    </Propiedad>
                </PropsEntLectura>
            </SeleccionEntidad>
        </Propiedad>
        <Propiedad  ID="http://vivoweb.org/ontology/core#relatedBy" EntidadID="http://w3id.org/roh/RelatedWorkSubmittedSeminars">
                        			<SeleccionEntidad>
                <TipoSeleccion>Autocompletar</TipoSeleccion>
                <Grafo>document.owl</Grafo>
                <UrlTipoEntSolicitada>http://purl.org/ontology/bibo/Document</UrlTipoEntSolicitada>              
                <PropsEntEdicion>
                    <NameProp>http://w3id.org/roh/title</NameProp>
                </PropsEntEdicion>
                <PropsEntLectura>
                    <Propiedad ID="http://w3id.org/roh/title" EntidadID="http://purl.org/ontology/bibo/Document">
                        <AtrNombreLectura></AtrNombreLectura>
                    </Propiedad>
                </PropsEntLectura>
            </SeleccionEntidad>
        </Propiedad>
        <Propiedad  ID="http://w3id.org/roh/contributionGrade" EntidadID="http://w3id.org/roh/RelatedScientificPublicationCV">
			<SeleccionEntidad>
                <TipoSeleccion>Combo</TipoSeleccion>
                <Grafo>contributiongradedocument.owl</Grafo>
                <UrlTipoEntSolicitada>http://w3id.org/roh/ContributionGradeDocument</UrlTipoEntSolicitada>              
                <PropsEntEdicion>
                    <NameProp>http://purl.org/dc/elements/1.1/title</NameProp>
                </PropsEntEdicion>
                <PropsEntLectura>
                    <Propiedad ID="http://purl.org/dc/elements/1.1/title" EntidadID="http://w3id.org/roh/ContributionGradeDocument">
                        <AtrNombreLectura></AtrNombreLectura>
                    </Propiedad>
                </PropsEntLectura>
            </SeleccionEntidad>
        </Propiedad>
        <Propiedad  ID="http://vivoweb.org/ontology/core#relatedBy" EntidadID="http://w3id.org/roh/RelatedCompetitiveProject">
                        			<SeleccionEntidad>
                <TipoSeleccion>Autocompletar</TipoSeleccion>
                <Grafo>project.owl</Grafo>
                <UrlTipoEntSolicitada>http://vivoweb.org/ontology/core#Project</UrlTipoEntSolicitada>              
                <PropsEntEdicion>
                    <NameProp>http://vivoweb.org/ontology/core#name</NameProp>
                </PropsEntEdicion>
                <PropsEntLectura>
                    <Propiedad ID="http://vivoweb.org/ontology/core#name" EntidadID="http://vivoweb.org/ontology/core#Project">
                        <AtrNombreLectura></AtrNombreLectura>
                    </Propiedad>
                </PropsEntLectura>
            </SeleccionEntidad>
        </Propiedad>
        <Propiedad  ID="http://vivoweb.org/ontology/core#relatedBy" EntidadID="http://w3id.org/roh/RelatedScientificPublication">
                        			<SeleccionEntidad>
                <TipoSeleccion>Autocompletar</TipoSeleccion>
                <Grafo>document.owl</Grafo>
                <UrlTipoEntSolicitada>http://purl.org/ontology/bibo/Document</UrlTipoEntSolicitada>              
                <PropsEntEdicion>
                    <NameProp>http://w3id.org/roh/title</NameProp>
                </PropsEntEdicion>
                <PropsEntLectura>
                    <Propiedad ID="http://w3id.org/roh/title" EntidadID="http://purl.org/ontology/bibo/Document">
                        <AtrNombreLectura></AtrNombreLectura>
                    </Propiedad>
                </PropsEntLectura>
            </SeleccionEntidad>
        </Propiedad>
        <Propiedad  ID="http://w3id.org/roh/inscriptionType" EntidadID="http://w3id.org/roh/RelatedWorkSubmittedSeminarsCV">
			<SeleccionEntidad>
                <TipoSeleccion>Combo</TipoSeleccion>
                <Grafo>eventinscriptiontype.owl</Grafo>
                <UrlTipoEntSolicitada>http://w3id.org/roh/EventInscriptionType</UrlTipoEntSolicitada>              
                <PropsEntEdicion>
                    <NameProp>http://purl.org/dc/elements/1.1/title</NameProp>
                </PropsEntEdicion>
                <PropsEntLectura>
                    <Propiedad ID="http://vivoweb.org/ontology/core#name" EntidadID="http://w3id.org/roh/EventInscriptionType">
                        <AtrNombreLectura></AtrNombreLectura>
                    </Propiedad>
                </PropsEntLectura>
            </SeleccionEntidad>
        </Propiedad>
        <Propiedad  ID="http://w3id.org/roh/contributionGradeProject" EntidadID="http://w3id.org/roh/RelatedNonCompetitiveProjectCV">
			<SeleccionEntidad>
                <TipoSeleccion>Autocompletar</TipoSeleccion>
                <Grafo>contributiongradeproject.owl</Grafo>
                <UrlTipoEntSolicitada>http://w3id.org/roh/ContributionGradeProject</UrlTipoEntSolicitada>              
                <PropsEntEdicion>
                    <NameProp>http://purl.org/dc/elements/1.1/title</NameProp>
                </PropsEntEdicion>
                <PropsEntLectura>
                    <Propiedad ID="http://purl.org/dc/elements/1.1/title" EntidadID="http://w3id.org/roh/ContributionGradeProject">
                        <AtrNombreLectura></AtrNombreLectura>
                    </Propiedad>
                </PropsEntLectura>
            </SeleccionEntidad>
        </Propiedad>
        <Propiedad  ID="http://vivoweb.org/ontology/core#relatedBy" EntidadID="http://w3id.org/roh/RelatedPatent">
                        			<SeleccionEntidad>
                <TipoSeleccion>Autocompletar</TipoSeleccion>
                <Grafo>patent.owl</Grafo>
                <UrlTipoEntSolicitada>http://purl.org/ontology/bibo/Patent</UrlTipoEntSolicitada>              
                <PropsEntEdicion>
                    <NameProp>http://w3id.org/roh/title</NameProp>
                </PropsEntEdicion>
                <PropsEntLectura>
                    <Propiedad ID="http://w3id.org/roh/title" EntidadID="http://purl.org/ontology/bibo/Patent">
                        <AtrNombreLectura></AtrNombreLectura>
                    </Propiedad>
                </PropsEntLectura>
            </SeleccionEntidad>
        </Propiedad>
        <Propiedad  ID="http://vivoweb.org/ontology/core#relatedBy" EntidadID="http://w3id.org/roh/RelatedOtherDisseminationActivity">
                        			<SeleccionEntidad>
                <TipoSeleccion>Autocompletar</TipoSeleccion>
                <Grafo>activity.owl</Grafo>
                <UrlTipoEntSolicitada>http://w3id.org/roh/Activity</UrlTipoEntSolicitada>              
                <PropsEntEdicion>
                    <NameProp>http://w3id.org/roh/title</NameProp>
                </PropsEntEdicion>
                <PropsEntLectura>
                    <Propiedad ID="http://w3id.org/roh/title" EntidadID="http://w3id.org/roh/Activity">
                        <AtrNombreLectura></AtrNombreLectura>
                    </Propiedad>
                </PropsEntLectura>
            </SeleccionEntidad>
        </Propiedad>
        <Propiedad  ID="http://w3id.org/roh/contributionGradeProject" EntidadID="http://w3id.org/roh/RelatedTechnologicalResultCV">
			<SeleccionEntidad>
                <TipoSeleccion>Autocompletar</TipoSeleccion>
                <Grafo>contributiongradeproject.owl</Grafo>
                <UrlTipoEntSolicitada>http://w3id.org/roh/ContributionGradeProject</UrlTipoEntSolicitada>              
                <PropsEntEdicion>
                    <NameProp>http://purl.org/dc/elements/1.1/title</NameProp>
                </PropsEntEdicion>
                <PropsEntLectura>
                    <Propiedad ID="http://purl.org/dc/elements/1.1/title" EntidadID="http://w3id.org/roh/ContributionGradeProject">
                        <AtrNombreLectura></AtrNombreLectura>
                    </Propiedad>
                </PropsEntLectura>
            </SeleccionEntidad>
        </Propiedad>
        <Propiedad  ID="http://w3id.org/roh/dedication" EntidadID="http://w3id.org/roh/RelatedCompetitiveProjectCV">
			<SeleccionEntidad>
                <TipoSeleccion>Combo</TipoSeleccion>
                <Grafo>dedicationregime.owl</Grafo>
                <UrlTipoEntSolicitada>http://w3id.org/roh/DedicationRegime</UrlTipoEntSolicitada>              
                <PropsEntEdicion>
                    <NameProp>http://purl.org/dc/elements/1.1/title</NameProp>
                </PropsEntEdicion>
                <PropsEntLectura>
                    <Propiedad ID="http://purl.org/dc/elements/1.1/title" EntidadID="http://w3id.org/roh/DedicationRegime">
                        <AtrNombreLectura></AtrNombreLectura>
                    </Propiedad>
                </PropsEntLectura>
            </SeleccionEntidad>
        </Propiedad>
        <Propiedad  ID="http://w3id.org/roh/participationType" EntidadID="http://w3id.org/roh/RelatedCompetitiveProjectCV">
			<SeleccionEntidad>
                <TipoSeleccion>Combo</TipoSeleccion>
                <Grafo>participationtypeproject.owl</Grafo>
                <UrlTipoEntSolicitada>http://w3id.org/roh/ParticipationTypeProject</UrlTipoEntSolicitada>              
                <PropsEntEdicion>
                    <NameProp>http://purl.org/dc/elements/1.1/title</NameProp>
                </PropsEntEdicion>
                <PropsEntLectura>
                    <Propiedad ID="http://purl.org/dc/elements/1.1/title" EntidadID="http://w3id.org/roh/ParticipationTypeProject">
                        <AtrNombreLectura></AtrNombreLectura>
                    </Propiedad>
                </PropsEntLectura>
            </SeleccionEntidad>
        </Propiedad>
        <Propiedad  ID="http://w3id.org/roh/contributionGradeProject" EntidadID="http://w3id.org/roh/RelatedCompetitiveProjectCV">
			<SeleccionEntidad>
                <TipoSeleccion>Autocompletar</TipoSeleccion>
                <Grafo>contributiongradeproject.owl</Grafo>
                <UrlTipoEntSolicitada>http://w3id.org/roh/ContributionGradeProject</UrlTipoEntSolicitada>              
                <PropsEntEdicion>
                    <NameProp>http://purl.org/dc/elements/1.1/title</NameProp>
                </PropsEntEdicion>
                <PropsEntLectura>
                    <Propiedad ID="http://purl.org/dc/elements/1.1/title" EntidadID="http://w3id.org/roh/ContributionGradeProject">
                        <AtrNombreLectura></AtrNombreLectura>
                    </Propiedad>
                </PropsEntLectura>
            </SeleccionEntidad>
        </Propiedad>
        <Propiedad  ID="http://w3id.org/roh/cvOf" EntidadID="http://w3id.org/roh/CV">
			<SeleccionEntidad>
                <TipoSeleccion>Autocompletar</TipoSeleccion>
                <Grafo>person.owl</Grafo>
                <UrlTipoEntSolicitada>http://xmlns.com/foaf/0.1/Person</UrlTipoEntSolicitada>              
                <PropsEntEdicion>
                    <NameProp>http://xmlns.com/foaf/0.1/name</NameProp>
                </PropsEntEdicion>
                <PropsEntLectura>
                    <Propiedad ID="http://xmlns.com/foaf/0.1/name" EntidadID="http://xmlns.com/foaf/0.1/Person">
                        <AtrNombreLectura></AtrNombreLectura>
                    </Propiedad>
					<Propiedad ID="http://w3id.org/roh/gnossUser" EntidadID="http://xmlns.com/foaf/0.1/Person">
                        <AtrNombreLectura></AtrNombreLectura>
                    </Propiedad>
                </PropsEntLectura>
            </SeleccionEntidad>
        </Propiedad>
        <Propiedad  ID="http://w3id.org/roh/participationType" EntidadID="http://w3id.org/roh/RelatedWorkSubmittedConferencesCV">
			<SeleccionEntidad>
                <TipoSeleccion>Combo</TipoSeleccion>
                <Grafo>participationtypedocument.owl</Grafo>
                <UrlTipoEntSolicitada>http://w3id.org/roh/ParticipationTypeDocument</UrlTipoEntSolicitada>              
                <PropsEntEdicion>
                    <NameProp>http://purl.org/dc/elements/1.1/title</NameProp>
                </PropsEntEdicion>
                <PropsEntLectura>
                    <Propiedad ID="http://purl.org/dc/elements/1.1/title" EntidadID="http://w3id.org/roh/ParticipationTypeDocument">
                        <AtrNombreLectura></AtrNombreLectura>
                    </Propiedad>
                </PropsEntLectura>
            </SeleccionEntidad>
        </Propiedad>
        <Propiedad  ID="http://w3id.org/roh/inscriptionType" EntidadID="http://w3id.org/roh/RelatedWorkSubmittedConferencesCV">
			<SeleccionEntidad>
                <TipoSeleccion>Autocompletar</TipoSeleccion>
                <Grafo>eventinscriptiontype.owl</Grafo>
                <UrlTipoEntSolicitada>http://w3id.org/roh/EventInscriptionType</UrlTipoEntSolicitada>              
                <PropsEntEdicion>
                    <NameProp>http://purl.org/dc/elements/1.1/title</NameProp>
                </PropsEntEdicion>
                <PropsEntLectura>
                    <Propiedad ID="http://vivoweb.org/ontology/core#name" EntidadID="http://w3id.org/roh/EventInscriptionType">
                        <AtrNombreLectura></AtrNombreLectura>
                    </Propiedad>
                </PropsEntLectura>
            </SeleccionEntidad>
        </Propiedad>
        <Propiedad  ID="http://vivoweb.org/ontology/core#relatedBy" EntidadID="http://w3id.org/roh/RelatedCurrentProfessionalSituation">
                        			<SeleccionEntidad>
                <TipoSeleccion>Autocompletar</TipoSeleccion>
                <Grafo>position.owl</Grafo>
                <UrlTipoEntSolicitada>http://vivoweb.org/ontology/core#Position</UrlTipoEntSolicitada>              
                <PropsEntEdicion>
                    <NameProp>http://w3id.org/roh/title</NameProp>
                </PropsEntEdicion>
                <PropsEntLectura>
                    <Propiedad ID="http://w3id.org/roh/title" EntidadID="http://vivoweb.org/ontology/core#Position">
                        <AtrNombreLectura></AtrNombreLectura>
                    </Propiedad>
                </PropsEntLectura>
            </SeleccionEntidad>
        </Propiedad>
		<Propiedad  ID="http://vivoweb.org/ontology/core#relatedBy" EntidadID="http://w3id.org/roh/RelatedPreviousPositions">
                        			<SeleccionEntidad>
                <TipoSeleccion>Autocompletar</TipoSeleccion>
                <Grafo>position.owl</Grafo>
                <UrlTipoEntSolicitada>http://vivoweb.org/ontology/core#Position</UrlTipoEntSolicitada>              
                <PropsEntEdicion>
                    <NameProp>http://w3id.org/roh/title</NameProp>
                </PropsEntEdicion>
                <PropsEntLectura>
                    <Propiedad ID="http://w3id.org/roh/title" EntidadID="http://vivoweb.org/ontology/core#Position">
                        <AtrNombreLectura></AtrNombreLectura>
                    </Propiedad>
                </PropsEntLectura>
            </SeleccionEntidad>
        </Propiedad>
		<Propiedad  ID="http://vivoweb.org/ontology/core#relatedBy" EntidadID="http://w3id.org/roh/RelatedScientificProduction">
                        			<SeleccionEntidad>
                <TipoSeleccion>Autocompletar</TipoSeleccion>
                <Grafo>scientificproduction.owl</Grafo>
                <UrlTipoEntSolicitada>http://w3id.org/roh/ScientificProduction</UrlTipoEntSolicitada>              
                <PropsEntEdicion>
                    <NameProp>http://w3id.org/roh/h-index</NameProp>
                </PropsEntEdicion>
                <PropsEntLectura>
                    <Propiedad ID="http://w3id.org/roh/h-index" EntidadID="http://w3id.org/roh/ScientificProduction">
                        <AtrNombreLectura></AtrNombreLectura>
                    </Propiedad>
                </PropsEntLectura>
            </SeleccionEntidad>
        </Propiedad>	


		<Propiedad  ID="http://vivoweb.org/ontology/core#relatedBy" EntidadID="http://w3id.org/roh/RelatedFirstSecondCycles">
                        			<SeleccionEntidad>
                <TipoSeleccion>Autocompletar</TipoSeleccion>
                <Grafo>academicdegree.owl</Grafo>
                <UrlTipoEntSolicitada>http://vivoweb.org/ontology/core#AcademicDegree</UrlTipoEntSolicitada>              
                <PropsEntEdicion>
                    <NameProp>http://w3id.org/roh/title</NameProp>
                </PropsEntEdicion>
                <PropsEntLectura>
                    <Propiedad ID="http://w3id.org/roh/title" EntidadID="http://vivoweb.org/ontology/core#AcademicDegree">
                        <AtrNombreLectura></AtrNombreLectura>
                    </Propiedad>
                </PropsEntLectura>
            </SeleccionEntidad>
        </Propiedad>
		<Propiedad  ID="http://vivoweb.org/ontology/core#relatedBy" EntidadID="http://w3id.org/roh/RelatedDoctorates">
                        			<SeleccionEntidad>
                <TipoSeleccion>Autocompletar</TipoSeleccion>
                <Grafo>academicdegree.owl</Grafo>
                <UrlTipoEntSolicitada>http://vivoweb.org/ontology/core#AcademicDegree</UrlTipoEntSolicitada>              
                <PropsEntEdicion>
                    <NameProp>http://w3id.org/roh/title</NameProp>
                </PropsEntEdicion>
                <PropsEntLectura>
                    <Propiedad ID="http://w3id.org/roh/title" EntidadID="http://vivoweb.org/ontology/core#AcademicDegree">
                        <AtrNombreLectura></AtrNombreLectura>
                    </Propiedad>
                </PropsEntLectura>
            </SeleccionEntidad>
        </Propiedad>
		<Propiedad  ID="http://vivoweb.org/ontology/core#relatedBy" EntidadID="http://w3id.org/roh/RelatedPostGraduates">
                        			<SeleccionEntidad>
                <TipoSeleccion>Autocompletar</TipoSeleccion>
                <Grafo>academicdegree.owl</Grafo>
                <UrlTipoEntSolicitada>http://vivoweb.org/ontology/core#AcademicDegree</UrlTipoEntSolicitada>              
                <PropsEntEdicion>
                    <NameProp>http://w3id.org/roh/title</NameProp>
                </PropsEntEdicion>
                <PropsEntLectura>
                    <Propiedad ID="http://w3id.org/roh/title" EntidadID="http://vivoweb.org/ontology/core#AcademicDegree">
                        <AtrNombreLectura></AtrNombreLectura>
                    </Propiedad>
                </PropsEntLectura>
            </SeleccionEntidad>
        </Propiedad>
		<Propiedad  ID="http://vivoweb.org/ontology/core#relatedBy" EntidadID="http://w3id.org/roh/RelatedSpecialisedTrainings">
                        			<SeleccionEntidad>
                <TipoSeleccion>Autocompletar</TipoSeleccion>
                <Grafo>academicdegree.owl</Grafo>
                <UrlTipoEntSolicitada>http://vivoweb.org/ontology/core#AcademicDegree</UrlTipoEntSolicitada>              
                <PropsEntEdicion>
                    <NameProp>http://w3id.org/roh/title</NameProp>
                </PropsEntEdicion>
                <PropsEntLectura>
                    <Propiedad ID="http://w3id.org/roh/title" EntidadID="http://vivoweb.org/ontology/core#AcademicDegree">
                        <AtrNombreLectura></AtrNombreLectura>
                    </Propiedad>
                </PropsEntLectura>
            </SeleccionEntidad>
        </Propiedad>
		<Propiedad  ID="http://vivoweb.org/ontology/core#relatedBy" EntidadID="http://w3id.org/roh/RelatedCoursesAndSeminars">
                        			<SeleccionEntidad>
                <TipoSeleccion>Autocompletar</TipoSeleccion>
                <Grafo>academicdegree.owl</Grafo>
                <UrlTipoEntSolicitada>http://vivoweb.org/ontology/core#AcademicDegree</UrlTipoEntSolicitada>              
                <PropsEntEdicion>
                    <NameProp>http://w3id.org/roh/title</NameProp>
                </PropsEntEdicion>
                <PropsEntLectura>
                    <Propiedad ID="http://w3id.org/roh/title" EntidadID="http://vivoweb.org/ontology/core#AcademicDegree">
                        <AtrNombreLectura></AtrNombreLectura>
                    </Propiedad>
                </PropsEntLectura>
            </SeleccionEntidad>
        </Propiedad>
		<Propiedad  ID="http://vivoweb.org/ontology/core#relatedBy" EntidadID="http://w3id.org/roh/RelatedLanguageSkills">
                        			<SeleccionEntidad>
                <TipoSeleccion>Autocompletar</TipoSeleccion>
                <Grafo>languagecertificate.owl</Grafo>
                <UrlTipoEntSolicitada>http://w3id.org/roh/LanguageCertificate</UrlTipoEntSolicitada>              
                <PropsEntEdicion>
                    <NameProp>http://w3id.org/roh/languageOfTheCertificate</NameProp>
                </PropsEntEdicion>
                <PropsEntLectura>
                    <Propiedad ID="http://w3id.org/roh/languageOfTheCertificate" EntidadID="http://w3id.org/roh/LanguageCertificate">
                        <AtrNombreLectura></AtrNombreLectura>
                    </Propiedad>
                </PropsEntLectura>
            </SeleccionEntidad>
        </Propiedad>
		<Propiedad  ID="http://vivoweb.org/ontology/core#relatedBy" EntidadID="http://w3id.org/roh/RelatedAcademicTutorials">
                        			<SeleccionEntidad>
                <TipoSeleccion>Autocompletar</TipoSeleccion>
                <Grafo>tutorship.owl</Grafo>
                <UrlTipoEntSolicitada>http://w3id.org/roh/Tutorship</UrlTipoEntSolicitada>              
                <PropsEntEdicion>
                    <NameProp>http://w3id.org/roh/tutorshipProgramType</NameProp>
                </PropsEntEdicion>
                <PropsEntLectura>
                    <Propiedad ID="http://w3id.org/roh/tutorshipProgramType" EntidadID="http://w3id.org/roh/Tutorship">
                        <AtrNombreLectura></AtrNombreLectura>
                    </Propiedad>
                </PropsEntLectura>
            </SeleccionEntidad>
        </Propiedad>
		<Propiedad  ID="http://vivoweb.org/ontology/core#relatedBy" EntidadID="http://w3id.org/roh/RelatedOtherActivities">
                        			<SeleccionEntidad>
                <TipoSeleccion>Autocompletar</TipoSeleccion>
                <Grafo>activity.owl</Grafo>
                <UrlTipoEntSolicitada>http://w3id.org/roh/Activity</UrlTipoEntSolicitada>              
                <PropsEntEdicion>
                    <NameProp>http://w3id.org/roh/title</NameProp>
                </PropsEntEdicion>
                <PropsEntLectura>
                    <Propiedad ID="http://w3id.org/roh/title" EntidadID="http://w3id.org/roh/Activity">
                        <AtrNombreLectura></AtrNombreLectura>
                    </Propiedad>
                </PropsEntLectura>
            </SeleccionEntidad>
        </Propiedad>
		<Propiedad  ID="http://vivoweb.org/ontology/core#relatedBy" EntidadID="http://w3id.org/roh/RelatedMostRelevantContributions">
                        			<SeleccionEntidad>
                <TipoSeleccion>Autocompletar</TipoSeleccion>
                <Grafo>activity.owl</Grafo>
                <UrlTipoEntSolicitada>http://w3id.org/roh/Activity</UrlTipoEntSolicitada>              
                <PropsEntEdicion>
                    <NameProp>http://w3id.org/roh/title</NameProp>
                </PropsEntEdicion>
                <PropsEntLectura>
                    <Propiedad ID="http://w3id.org/roh/title" EntidadID="http://w3id.org/roh/Activity">
                        <AtrNombreLectura></AtrNombreLectura>
                    </Propiedad>
                </PropsEntLectura>
            </SeleccionEntidad>
        </Propiedad>
		<Propiedad  ID="http://vivoweb.org/ontology/core#relatedBy" EntidadID="http://w3id.org/roh/RelatedTeachingInnovationAwardsReceived">
                        			<SeleccionEntidad>
                <TipoSeleccion>Autocompletar</TipoSeleccion>
                <Grafo>accreditation.owl</Grafo>
                <UrlTipoEntSolicitada>http://w3id.org/roh/Accreditation</UrlTipoEntSolicitada>              
                <PropsEntEdicion>
                    <NameProp>http://w3id.org/roh/title</NameProp>
                </PropsEntEdicion>
                <PropsEntLectura>
                    <Propiedad ID="http://w3id.org/roh/title" EntidadID="http://w3id.org/roh/Accreditation">
                        <AtrNombreLectura></AtrNombreLectura>
                    </Propiedad>
                </PropsEntLectura>
            </SeleccionEntidad>
        </Propiedad>
		<Propiedad  ID="http://vivoweb.org/ontology/core#relatedBy" EntidadID="http://w3id.org/roh/RelatedThesisSupervisions">
                        			<SeleccionEntidad>
                <TipoSeleccion>Autocompletar</TipoSeleccion>
                <Grafo>thesissupervision.owl</Grafo>
                <UrlTipoEntSolicitada>http://w3id.org/roh/ThesisSupervision</UrlTipoEntSolicitada>              
                <PropsEntEdicion>
                    <NameProp>http://w3id.org/roh/title</NameProp>
                </PropsEntEdicion>
                <PropsEntLectura>
                    <Propiedad ID="http://w3id.org/roh/title" EntidadID="http://w3id.org/roh/ThesisSupervision">
                        <AtrNombreLectura></AtrNombreLectura>
                    </Propiedad>
                </PropsEntLectura>
            </SeleccionEntidad>
        </Propiedad>
		<Propiedad  ID="http://vivoweb.org/ontology/core#relatedBy" EntidadID="http://w3id.org/roh/RelatedImpartedAcademicTrainings">
                        			<SeleccionEntidad>
                <TipoSeleccion>Autocompletar</TipoSeleccion>
                <Grafo>impartedacademictraining.owl</Grafo>
                <UrlTipoEntSolicitada>http://w3id.org/roh/ImpartedAcademicTraining</UrlTipoEntSolicitada>              
                <PropsEntEdicion>
                    <NameProp>http://w3id.org/roh/title</NameProp>
                </PropsEntEdicion>
                <PropsEntLectura>
                    <Propiedad ID="http://w3id.org/roh/title" EntidadID="http://w3id.org/roh/ImpartedAcademicTraining">
                        <AtrNombreLectura></AtrNombreLectura>
                    </Propiedad>
                </PropsEntLectura>
            </SeleccionEntidad>
        </Propiedad>
		<Propiedad  ID="http://vivoweb.org/ontology/core#relatedBy" EntidadID="http://w3id.org/roh/RelatedImpartedCoursesSeminars">
			<SeleccionEntidad>
                <TipoSeleccion>Autocompletar</TipoSeleccion>
                <Grafo>impartedcoursesseminars.owl</Grafo>
                <UrlTipoEntSolicitada>http://w3id.org/roh/ImpartedCoursesSeminars</UrlTipoEntSolicitada>              
                <PropsEntEdicion>
                    <NameProp>http://w3id.org/roh/title</NameProp>
                </PropsEntEdicion>
                <PropsEntLectura>
                    <Propiedad ID="http://w3id.org/roh/title" EntidadID="http://w3id.org/roh/ImpartedCoursesSeminars">
                        <AtrNombreLectura></AtrNombreLectura>
                    </Propiedad>
                </PropsEntLectura>
            </SeleccionEntidad>
        </Propiedad>
		<Propiedad  ID="http://vivoweb.org/ontology/core#relatedBy" EntidadID="http://w3id.org/roh/RelatedTeachingPublications">
			<SeleccionEntidad>
                <TipoSeleccion>Autocompletar</TipoSeleccion>
                <Grafo>teachingpublication.owl</Grafo>
                <UrlTipoEntSolicitada>http://w3id.org/roh/TeachingPublication</UrlTipoEntSolicitada>              
                <PropsEntEdicion>
                    <NameProp>http://w3id.org/roh/title</NameProp>
                </PropsEntEdicion>
                <PropsEntLectura>
                    <Propiedad ID="http://w3id.org/roh/title" EntidadID="http://w3id.org/roh/TeachingPublication">
                        <AtrNombreLectura></AtrNombreLectura>
                    </Propiedad>
                </PropsEntLectura>
            </SeleccionEntidad>
        </Propiedad>
		<Propiedad  ID="http://vivoweb.org/ontology/core#relatedBy" EntidadID="http://w3id.org/roh/RelatedTeachingProjects">
			<SeleccionEntidad>
                <TipoSeleccion>Autocompletar</TipoSeleccion>
                <Grafo>teachingproject.owl</Grafo>
                <UrlTipoEntSolicitada>http://w3id.org/roh/TeachingProject</UrlTipoEntSolicitada>              
                <PropsEntEdicion>
                    <NameProp>http://w3id.org/roh/title</NameProp>
                </PropsEntEdicion>
                <PropsEntLectura>
                    <Propiedad ID="http://w3id.org/roh/title" EntidadID="http://w3id.org/roh/TeachingProject">
                        <AtrNombreLectura></AtrNombreLectura>
                    </Propiedad>
                </PropsEntLectura>
            </SeleccionEntidad>
        </Propiedad>
		<Propiedad  ID="http://vivoweb.org/ontology/core#relatedBy" EntidadID="http://w3id.org/roh/RelatedTeachingCongress">
			<SeleccionEntidad>
                <TipoSeleccion>Autocompletar</TipoSeleccion>
                <Grafo>teachingcongress.owl</Grafo>
                <UrlTipoEntSolicitada>http://w3id.org/roh/TeachingCongress</UrlTipoEntSolicitada>              
                <PropsEntEdicion>
                    <NameProp>http://w3id.org/roh/title</NameProp>
                </PropsEntEdicion>
                <PropsEntLectura>
                    <Propiedad ID="http://w3id.org/roh/title" EntidadID="http://w3id.org/roh/TeachingCongress">
                        <AtrNombreLectura></AtrNombreLectura>
                    </Propiedad>
                </PropsEntLectura>
            </SeleccionEntidad>
        </Propiedad>
		
		<Propiedad  ID="http://w3id.org/roh/collaborationType" EntidadID="http://w3id.org/roh/RelatedGroupCV">
			<SeleccionEntidad>
                <TipoSeleccion>Autocompletar</TipoSeleccion>
                <Grafo>colaborationtypegroup.owl</Grafo>
                <UrlTipoEntSolicitada>http://w3id.org/roh/ColaborationTypeGroup</UrlTipoEntSolicitada>              
                <PropsEntEdicion>
                    <NameProp>http://purl.org/dc/elements/1.1/title</NameProp>
                </PropsEntEdicion>
                <PropsEntLectura>
                    <Propiedad ID="http://purl.org/dc/elements/1.1/title" EntidadID="http://w3id.org/roh/ColaborationTypeGroup">
                        <AtrNombreLectura></AtrNombreLectura>
                    </Propiedad>
                </PropsEntLectura>
            </SeleccionEntidad>
        </Propiedad>		
		<Propiedad  ID="http://w3id.org/roh/filePDF" EntidadID="http://w3id.org/roh/GeneratedPDFFile">
			<TipoCampo>Archivo</TipoCampo>
        </Propiedad>		
    </EspefPropiedad>
    <EspefEntidad>
    </EspefEntidad>
</config>
