<config>
    <ConfiguracionGeneral>
        <namespace>offer</namespace>
        <idiomasOnto>
            <idiomaOnto>es</idiomaOnto>
        </idiomasOnto>
        <ocultarTituloDescpImgDoc></ocultarTituloDescpImgDoc>
        <TituloDoc EntidadID="http://www.schema.org/Offer">http://www.schema.org/name</TituloDoc>
        <DescripcionDoc EntidadID="http://www.schema.org/Offer">http://www.schema.org/name</DescripcionDoc>
        <HtmlNuevo>true</HtmlNuevo>
		<CategorizacionTesauroGnossObligatoria>false</CategorizacionTesauroGnossObligatoria>
    </ConfiguracionGeneral>
    <EspefPropiedad>
        <Propiedad  ID="http://purl.org/ontology/bibo/status" EntidadID="http://www.schema.org/Offer">
            <SeleccionEntidad>
                <TipoSeleccion>Autocompletar</TipoSeleccion>
                <Grafo>maturestate.owl</Grafo>
                <UrlTipoEntSolicitada>http://w3id.org/roh/MatureState</UrlTipoEntSolicitada>              
                <PropsEntEdicion>
                    <NameProp>http://purl.org/dc/elements/1.1/title</NameProp>
                </PropsEntEdicion>
                <PropsEntLectura>
                    <Propiedad ID="http://purl.org/dc/elements/1.1/title" EntidadID="http://w3id.org/roh/MatureState">
                        <AtrNombreLectura></AtrNombreLectura>
                    </Propiedad>
                </PropsEntLectura>
            </SeleccionEntidad>
        </Propiedad>
        <Propiedad  ID="http://www.schema.org/availability" EntidadID="http://www.schema.org/Offer">
            <SeleccionEntidad>
                <TipoSeleccion>Autocompletar</TipoSeleccion>
                <Grafo>offerstate.owl</Grafo>
                <UrlTipoEntSolicitada>http://w3id.org/roh/OfferState</UrlTipoEntSolicitada>              
                <PropsEntEdicion>
                    <NameProp>http://purl.org/dc/elements/1.1/title</NameProp>
                </PropsEntEdicion>
                <PropsEntLectura>
                    <Propiedad ID="http://purl.org/dc/elements/1.1/title" EntidadID="http://w3id.org/roh/OfferState">
                        <AtrNombreLectura></AtrNombreLectura>
                    </Propiedad>
                    <Propiedad ID="http://purl.org/dc/elements/1.1/identifier" EntidadID="http://w3id.org/roh/OfferState">
                        <AtrNombreLectura></AtrNombreLectura>
                    </Propiedad>
                    <Propiedad ID="http://www.schema.org/color" EntidadID="http://w3id.org/roh/OfferState">
                        <AtrNombreLectura></AtrNombreLectura>
                    </Propiedad>
                </PropsEntLectura>
            </SeleccionEntidad>
        </Propiedad>
        <Propiedad  ID="http://www.schema.org/offeredBy" EntidadID="http://www.schema.org/Offer">
            <SeleccionEntidad>
                <TipoSeleccion>Autocompletar</TipoSeleccion>
                <Grafo>person.owl</Grafo>
                <UrlTipoEntSolicitada>http://xmlns.com/foaf/0.1/Person</UrlTipoEntSolicitada>
                <PropsEntEdicion>
                    <NameProp>http://xmlns.com/foaf/0.1/name</NameProp>
                </PropsEntEdicion>
                <PropsEntLectura>
                    <Propiedad ID="http://xmlns.com/foaf/0.1/name" EntidadID="http://xmlns.com/foaf/0.1/Person">
                        <AtrNombreLectura></AtrNombreLectura>
                    </Propiedad>
                    <Propiedad ID="http://w3id.org/roh/gnossUser" EntidadID="http://xmlns.com/foaf/0.1/Person">
                        <AtrNombreLectura></AtrNombreLectura>
                    </Propiedad>
                </PropsEntLectura>
            </SeleccionEntidad>
        </Propiedad>
		<Propiedad  ID="http://w3id.org/roh/groups" EntidadID="http://www.schema.org/Offer">
            <SeleccionEntidad>
                <TipoSeleccion>Autocompletar</TipoSeleccion>
                <Grafo>group.owl</Grafo>
                <UrlTipoEntSolicitada>http://xmlns.com/foaf/0.1/Group</UrlTipoEntSolicitada>
                <PropsEntEdicion>
                    <NameProp>http://w3id.org/roh/title</NameProp>
                </PropsEntEdicion>
                <PropsEntLectura>
                    <Propiedad ID="http://w3id.org/roh/title" EntidadID="http://xmlns.com/foaf/0.1/Group">
                        <AtrNombreLectura></AtrNombreLectura>
                    </Propiedad>
                </PropsEntLectura>
            </SeleccionEntidad>
        </Propiedad>
        <Propiedad  ID="http://w3id.org/roh/document" EntidadID="http://www.schema.org/Offer">
            <SeleccionEntidad>
                <TipoSeleccion>Autocompletar</TipoSeleccion>
                <Grafo>document.owl</Grafo>
                <UrlTipoEntSolicitada>http://purl.org/ontology/bibo/Document</UrlTipoEntSolicitada>              
                <PropsEntEdicion>
                    <NameProp>http://w3id.org/roh/title</NameProp>
                </PropsEntEdicion>
                <PropsEntLectura>
                    <Propiedad ID="http://w3id.org/roh/title" EntidadID="http://purl.org/ontology/bibo/Document">
                        <AtrNombreLectura></AtrNombreLectura>
                    </Propiedad>
                    <Propiedad ID="http://w3id.org/roh/presentedAtStart" EntidadID="http://purl.org/ontology/bibo/Document">
                        <AtrNombreLectura></AtrNombreLectura>
                    </Propiedad>
                    <Propiedad ID="http://w3id.org/roh/presentedAtEnd" EntidadID="http://purl.org/ontology/bibo/Document">
                        <AtrNombreLectura></AtrNombreLectura>
                    </Propiedad>
                    <Propiedad ID="https://www.w3.org/2006/vcard/ns#hasRegion" EntidadID="http://purl.org/ontology/bibo/Document">
                        <AtrNombre>https://www.w3.org/2006/vcard/ns#hasRegion</AtrNombre>
                        <AtrNombreLectura>https://www.w3.org/2006/vcard/ns#hasRegion</AtrNombreLectura>
                        <SeleccionEntidad>
                            <TipoSeleccion>Combo</TipoSeleccion>
                            <Grafo>feature.owl</Grafo>
                            <UrlTipoEntSolicitada>http://www.geonames.org/ontology#Feature</UrlTipoEntSolicitada>
                            <PropsEntEdicion>
                                <NameProp>http://www.geonames.org/ontology#name</NameProp>
                            </PropsEntEdicion>
                            <PropsEntLectura>
                                <Propiedad ID="http://www.geonames.org/ontology#name" EntidadID="http://www.geonames.org/ontology#Feature">
                                    <AtrNombreLectura></AtrNombreLectura>
                                </Propiedad>
                            </PropsEntLectura>
                        </SeleccionEntidad>
                    </Propiedad>
                    <Propiedad ID="http://w3id.org/roh/conductedBy" EntidadID="http://purl.org/ontology/bibo/Document">
                        <AtrNombre>http://w3id.org/roh/conductedBy</AtrNombre>
                        <AtrNombreLectura>http://w3id.org/roh/conductedBy</AtrNombreLectura>
                        <SeleccionEntidad>
                            <TipoSeleccion>Combo</TipoSeleccion>
                            <Grafo>organization.owl</Grafo>
                            <UrlTipoEntSolicitada>http://xmlns.com/foaf/0.1/Organization</UrlTipoEntSolicitada>
                            <PropsEntEdicion>
                                <NameProp>http://w3id.org/roh/title</NameProp>
                            </PropsEntEdicion>
                            <PropsEntLectura>
                                <Propiedad ID="http://w3id.org/roh/title" EntidadID="http://xmlns.com/foaf/0.1/Organization">
                                    <AtrNombreLectura></AtrNombreLectura>
                                </Propiedad>
                            </PropsEntLectura>
                        </SeleccionEntidad>
                    </Propiedad>
                    <Propiedad ID="http://w3id.org/roh/title" EntidadID="http://vivoweb.org/ontology/Project">
                        <AtrNombreLectura></AtrNombreLectura>
                    </Propiedad>
                </PropsEntLectura>
            </SeleccionEntidad>
        </Propiedad>
        <Propiedad  ID="http://w3id.org/roh/patents" EntidadID="http://www.schema.org/Offer">
            <SeleccionEntidad>
                <TipoSeleccion>Autocompletar</TipoSeleccion>
                <Grafo>patent.owl</Grafo>
                <UrlTipoEntSolicitada>http://purl.org/ontology/bibo/Patent</UrlTipoEntSolicitada>              
                <PropsEntEdicion>
                    <NameProp>http://w3id.org/roh/title</NameProp>
                </PropsEntEdicion>
                <PropsEntLectura>
                    <Propiedad ID="http://w3id.org/roh/title" EntidadID="http://purl.org/ontology/bibo/Patent">
                        <AtrNombreLectura></AtrNombreLectura>
                    </Propiedad>
                    <Propiedad ID="http://w3id.org/roh/dateFiled" EntidadID="http://purl.org/ontology/bibo/Patent">
                        <AtrNombreLectura></AtrNombreLectura>
                    </Propiedad>
                    <Propiedad ID="http://w3id.org/roh/ownerOrganizationTitle" EntidadID="http://purl.org/ontology/bibo/Patent">
                        <AtrNombreLectura></AtrNombreLectura>
                    </Propiedad>
                    <Propiedad ID="http://w3id.org/roh/patentNumber" EntidadID="http://purl.org/ontology/bibo/Patent">
                        <AtrNombreLectura></AtrNombreLectura>
                    </Propiedad>
                </PropsEntLectura>
            </SeleccionEntidad>
        </Propiedad>
        <Propiedad  ID="http://w3id.org/roh/project" EntidadID="http://www.schema.org/Offer">
            <SeleccionEntidad>
                <TipoSeleccion>Autocompletar</TipoSeleccion>
                <Grafo>project.owl</Grafo>
                <UrlTipoEntSolicitada>http://vivoweb.org/ontology/Project</UrlTipoEntSolicitada>              
                <PropsEntEdicion>
                    <NameProp>http://w3id.org/roh/title</NameProp>
                </PropsEntEdicion>
                <PropsEntLectura>
                    <Propiedad ID="http://w3id.org/roh/title" EntidadID="http://vivoweb.org/ontology/Project">
                        <AtrNombreLectura></AtrNombreLectura>
                    </Propiedad>
                    <Propiedad ID="http://vivoweb.org/ontology/core#end" EntidadID="http://vivoweb.org/ontology/Project">
                        <AtrNombreLectura></AtrNombreLectura>
                    </Propiedad>
                    <Propiedad ID="http://vivoweb.org/ontology/core#start" EntidadID="http://vivoweb.org/ontology/Project">
                        <AtrNombreLectura></AtrNombreLectura>
                    </Propiedad>
                    <Propiedad ID="http://w3id.org/roh/conductedBy" EntidadID="http://vivoweb.org/ontology/Project">
                        <AtrNombre>http://w3id.org/roh/conductedBy</AtrNombre>
                        <AtrNombreLectura>http://w3id.org/roh/conductedBy</AtrNombreLectura>
                        <SeleccionEntidad>
                            <TipoSeleccion>Combo</TipoSeleccion>
                            <Grafo>organization.owl</Grafo>
                            <UrlTipoEntSolicitada>http://xmlns.com/foaf/0.1/Organization</UrlTipoEntSolicitada>
                            <PropsEntEdicion>
                                <NameProp>http://w3id.org/roh/title</NameProp>
                            </PropsEntEdicion>
                            <PropsEntLectura>
                                <Propiedad ID="http://w3id.org/roh/title" EntidadID="http://xmlns.com/foaf/0.1/Organization">
                                    <AtrNombreLectura></AtrNombreLectura>
                                </Propiedad>
                            </PropsEntLectura>
                        </SeleccionEntidad>
                    </Propiedad>
                    <Propiedad ID="http://w3id.org/roh/title" EntidadID="http://vivoweb.org/ontology/Project">
                        <AtrNombreLectura></AtrNombreLectura>
                    </Propiedad>
                </PropsEntLectura>
            </SeleccionEntidad>
        </Propiedad>
        <Propiedad  ID="http://w3id.org/roh/researchers" EntidadID="http://www.schema.org/Offer">
            <SeleccionEntidad>
                <TipoSeleccion>Autocompletar</TipoSeleccion>
                <Grafo>person.owl</Grafo>
                <UrlTipoEntSolicitada>http://xmlns.com/foaf/0.1/Person</UrlTipoEntSolicitada>              
                <PropsEntEdicion>
                    <NameProp>http://xmlns.com/foaf/0.1/name</NameProp>
                </PropsEntEdicion>
                <PropsEntLectura>
                    <Propiedad ID="http://xmlns.com/foaf/0.1/name" EntidadID="http://xmlns.com/foaf/0.1/Person">
                        <AtrNombreLectura></AtrNombreLectura>
                    </Propiedad>
                    <Propiedad ID="http://w3id.org/roh/hasPosition" EntidadID="http://xmlns.com/foaf/0.1/Person">
                        <AtrNombreLectura></AtrNombreLectura>
                    </Propiedad>
                    <Propiedad ID="http://w3id.org/roh/ipNumber" EntidadID="http://xmlns.com/foaf/0.1/Person">
                        <AtrNombreLectura></AtrNombreLectura>
                    </Propiedad>
                    <Propiedad  ID="http://vivoweb.org/ontology/core#departmentOrSchool" EntidadID="http://xmlns.com/foaf/0.1/Person">
                        <AtrNombre>http://vivoweb.org/ontology/core#departmentOrSchool</AtrNombre>
                        <AtrNombreLectura>http://vivoweb.org/ontology/core#departmentOrSchool</AtrNombreLectura>
                        <SeleccionEntidad>
                            <TipoSeleccion>Combo</TipoSeleccion>
                            <Grafo>department.owl</Grafo>
                            <UrlTipoEntSolicitada>http://vivoweb.org/ontology/core#Department</UrlTipoEntSolicitada>              
                            <PropsEntEdicion>
                                <NameProp>http://purl.org/dc/elements/1.1/title</NameProp>
                            </PropsEntEdicion>
                            <PropsEntLectura>
                                <Propiedad ID="http://purl.org/dc/elements/1.1/title" EntidadID="http://vivoweb.org/ontology/core#Department">
                                    <AtrNombreLectura></AtrNombreLectura>
                                </Propiedad>
                            </PropsEntLectura>
                        </SeleccionEntidad>
                    </Propiedad>
                    <Propiedad ID="http://w3id.org/roh/publicationsNumber" EntidadID="http://xmlns.com/foaf/0.1/Person">
                        <AtrNombreLectura></AtrNombreLectura>
                    </Propiedad>
                </PropsEntLectura>
            </SeleccionEntidad>
        </Propiedad>        
        <Propiedad  ID="http://www.schema.org/availability" EntidadID="http://w3id.org/roh/AvailabilityChangeEvent">
            <SeleccionEntidad>
                <TipoSeleccion>Autocompletar</TipoSeleccion>
                <Grafo>offerstate.owl</Grafo>
                <UrlTipoEntSolicitada>http://w3id.org/roh/OfferState</UrlTipoEntSolicitada>              
                <PropsEntEdicion>
                    <NameProp>http://purl.org/dc/elements/1.1/title</NameProp>
                </PropsEntEdicion>
                <PropsEntLectura>
                    <Propiedad ID="http://purl.org/dc/elements/1.1/title" EntidadID="http://w3id.org/roh/OfferState">
                        <AtrNombreLectura></AtrNombreLectura>
                    </Propiedad>
                    <Propiedad ID="http://purl.org/dc/elements/1.1/identifier" EntidadID="http://w3id.org/roh/OfferState">
                        <AtrNombreLectura></AtrNombreLectura>
                    </Propiedad>
                    <Propiedad ID="http://www.schema.org/color" EntidadID="http://w3id.org/roh/OfferState">
                        <AtrNombreLectura></AtrNombreLectura>
                    </Propiedad>
                </PropsEntLectura>
            </SeleccionEntidad>
        </Propiedad>
        <Propiedad  ID="http://w3id.org/roh/roleOf" EntidadID="http://w3id.org/roh/AvailabilityChangeEvent">
            <SeleccionEntidad>
                <TipoSeleccion>Autocompletar</TipoSeleccion>
                <Grafo>person.owl</Grafo>
                <UrlTipoEntSolicitada>http://xmlns.com/foaf/0.1/Person</UrlTipoEntSolicitada>              
                <PropsEntEdicion>
                    <NameProp>http://xmlns.com/foaf/0.1/name</NameProp>
                </PropsEntEdicion>
                <PropsEntLectura>
                    <Propiedad ID="http://xmlns.com/foaf/0.1/name" EntidadID="http://xmlns.com/foaf/0.1/Person">
                        <AtrNombreLectura></AtrNombreLectura>
                    </Propiedad>
                </PropsEntLectura>
            </SeleccionEntidad>
        </Propiedad>
		<Propiedad  ID="http://w3id.org/roh/categoryNode" EntidadID="http://w3id.org/roh/CategoryPath">
            <AtrNombre>http://w3id.org/roh/categoryNode</AtrNombre>
            <AtrNombreLectura>http://w3id.org/roh/categoryNode</AtrNombreLectura>
			<SeleccionEntidad>
				<TipoSeleccion>Tesauro</TipoSeleccion>
				<Grafo>taxonomy.owl</Grafo>				
				<UrlPropiedad>um</UrlPropiedad>                
			</SeleccionEntidad>
        </Propiedad>
    </EspefPropiedad>
    <EspefEntidad>
    </EspefEntidad>
</config>
