<config>
    <ConfiguracionGeneral>
        <namespace>qualificationtype</namespace>
        <idiomasOnto>
            <idiomaOnto>es</idiomaOnto>
        </idiomasOnto>
        <TituloDoc EntidadID="http://w3id.org/roh/QualificationType">http://purl.org/dc/elements/1.1/title</TituloDoc>
		<MultiIdioma></MultiIdioma>
        <HtmlNuevo>true</HtmlNuevo>
    </ConfiguracionGeneral>
    <EspefPropiedad>
        <Propiedad  ID="http://purl.org/dc/elements/1.1/title" EntidadID="http://w3id.org/roh/QualificationType">
            <AtrNombre>Tipo de inscripción en un evento</AtrNombre>
            <AtrNombreLectura>Tipo de inscripción en un evento</AtrNombreLectura>
        </Propiedad>
        <Propiedad  ID="http://purl.org/dc/elements/1.1/identifier" EntidadID="http://w3id.org/roh/QualificationType">
            <AtrNombre>Identificador del tipo de inscripción en un evento</AtrNombre>
            <AtrNombreLectura>Identificador del tipo de inscripción en un evento</AtrNombreLectura>
			<MultiIdioma>false</MultiIdioma>
        </Propiedad>
    </EspefPropiedad>
    <EspefEntidad>
    </EspefEntidad>
</config>
