<config>
    <ConfiguracionGeneral>
        <namespace>group</namespace>
        <idiomasOnto>
            <idiomaOnto>es</idiomaOnto>
        </idiomasOnto>
        <ocultarTituloDescpImgDoc></ocultarTituloDescpImgDoc>
        <TituloDoc EntidadID="http://xmlns.com/foaf/0.1/Group">http://w3id.org/roh/title</TituloDoc>
        <DescripcionDoc EntidadID="http://xmlns.com/foaf/0.1/Group">http://w3id.org/roh/title</DescripcionDoc>
        <HtmlNuevo>true</HtmlNuevo>
		<CategorizacionTesauroGnossObligatoria>false</CategorizacionTesauroGnossObligatoria>
    </ConfiguracionGeneral>
    <EspefPropiedad>
		 <Propiedad  ID="http://w3id.org/roh/categoryNode" EntidadID="http://w3id.org/roh/CategoryPath">
            <AtrNombre>http://w3id.org/roh/categoryNode</AtrNombre>
            <AtrNombreLectura>http://w3id.org/roh/categoryNode</AtrNombreLectura>
			<SeleccionEntidad>
				<TipoSeleccion>Tesauro</TipoSeleccion>
				<Grafo>taxonomy.owl</Grafo>				
				<UrlPropiedad>um</UrlPropiedad>                
			</SeleccionEntidad>
        </Propiedad>	
		<Propiedad  ID="http://w3id.org/roh/roleOf" EntidadID="http://purl.obolibrary.org/obo/BFO_0000023">
            <AtrNombre>Persona</AtrNombre>
            <AtrNombreLectura>Persona</AtrNombreLectura>
			<SeleccionEntidad>
				<LinkARecurso IrAComunidad="true" PropiedadID="http://xmlns.com/foaf/0.1/name"></LinkARecurso>
                <TipoSeleccion>Autocompletar</TipoSeleccion>
                <Grafo>person.owl</Grafo>
                <UrlTipoEntSolicitada>http://xmlns.com/foaf/0.1/Person</UrlTipoEntSolicitada>              
                <PropsEntEdicion>
                    <NameProp>http://xmlns.com/foaf/0.1/name</NameProp>
                </PropsEntEdicion>
                <PropsEntLectura>
                    <Propiedad ID="http://xmlns.com/foaf/0.1/name" EntidadID="http://xmlns.com/foaf/0.1/Person">
                        <AtrNombreLectura></AtrNombreLectura>
                    </Propiedad>
                </PropsEntLectura>
            </SeleccionEntidad>
        </Propiedad>
        <Propiedad  ID="http://vivoweb.org/ontology/core#affiliatedOrganization" EntidadID="http://xmlns.com/foaf/0.1/Group">
            <AtrNombre>Entidad de afiliación</AtrNombre>
            <AtrNombreLectura>Entidad de afiliación</AtrNombreLectura>
			<SeleccionEntidad>
                <TipoSeleccion>Autocompletar</TipoSeleccion>
                <Grafo>organization.owl</Grafo>
                <UrlTipoEntSolicitada>http://xmlns.com/foaf/0.1/Organization</UrlTipoEntSolicitada>              
                <PropsEntEdicion>
                    <NameProp>http://w3id.org/roh/title</NameProp>
                </PropsEntEdicion>
                <PropsEntLectura>
                    <Propiedad ID="http://w3id.org/roh/title" EntidadID="http://xmlns.com/foaf/0.1/Organization">
                        <AtrNombreLectura></AtrNombreLectura>
                    </Propiedad>
                </PropsEntLectura>
            </SeleccionEntidad>
        </Propiedad>
		<Propiedad  ID="http://w3id.org/roh/affiliatedOrganizationType" EntidadID="http://xmlns.com/foaf/0.1/Group">
			<SeleccionEntidad>
                <TipoSeleccion>Autocompletar</TipoSeleccion>
                <Grafo>organizationtype.owl</Grafo>
                <UrlTipoEntSolicitada>http://w3id.org/roh/OrganizationType</UrlTipoEntSolicitada>              
                <PropsEntEdicion>
                    <NameProp>http://purl.org/dc/elements/1.1/title</NameProp>
                </PropsEntEdicion>
                <PropsEntLectura>
                    <Propiedad ID="http://purl.org/dc/elements/1.1/title" EntidadID="http://w3id.org/roh/OrganizationType">
                        <AtrNombreLectura></AtrNombreLectura>
                    </Propiedad>
                </PropsEntLectura>
            </SeleccionEntidad>
        </Propiedad>
		<Propiedad  ID="https://www.w3.org/2006/vcard/ns#hasCountryName" EntidadID="http://xmlns.com/foaf/0.1/Group">
			<SeleccionEntidad>
                <TipoSeleccion>Autocompletar</TipoSeleccion>
                <Grafo>feature.owl</Grafo>
                <UrlTipoEntSolicitada>http://www.geonames.org/ontology#Feature</UrlTipoEntSolicitada>              
                <PropsEntEdicion>
                    <NameProp>http://www.geonames.org/ontology#name</NameProp>
                </PropsEntEdicion>
                <PropsEntLectura>
                    <Propiedad ID="http://www.geonames.org/ontology#name" EntidadID="http://www.geonames.org/ontology#Feature">
                        <AtrNombreLectura></AtrNombreLectura>
                    </Propiedad>
                </PropsEntLectura>
            </SeleccionEntidad>
        </Propiedad>
		<Propiedad  ID="https://www.w3.org/2006/vcard/ns#hasRegion" EntidadID="http://xmlns.com/foaf/0.1/Group">
			<SeleccionEntidad>
                <TipoSeleccion>Autocompletar</TipoSeleccion>
                <Grafo>feature.owl</Grafo>
                <UrlTipoEntSolicitada>http://www.geonames.org/ontology#Feature</UrlTipoEntSolicitada>              
                <PropsEntEdicion>
                    <NameProp>http://www.geonames.org/ontology#name</NameProp>
                </PropsEntEdicion>
                <PropsEntLectura>
                    <Propiedad ID="http://www.geonames.org/ontology#name" EntidadID="http://www.geonames.org/ontology#Feature">
                        <AtrNombreLectura></AtrNombreLectura>
                    </Propiedad>
                </PropsEntLectura>
            </SeleccionEntidad>
        </Propiedad>
		<Propiedad  ID="http://www.w3.org/1999/02/22-rdf-syntax-ns#member" EntidadID="http://w3id.org/roh/PersonAux">
            <AtrNombre>Persona</AtrNombre>
            <AtrNombreLectura>Persona</AtrNombreLectura>
			<SeleccionEntidad>
				<LinkARecurso IrAComunidad="true" PropiedadID="http://xmlns.com/foaf/0.1/name"></LinkARecurso>
                <TipoSeleccion>Autocompletar</TipoSeleccion>
                <Grafo>person.owl</Grafo>
                <UrlTipoEntSolicitada>http://xmlns.com/foaf/0.1/Person</UrlTipoEntSolicitada>              
                <PropsEntEdicion>
                    <NameProp>http://xmlns.com/foaf/0.1/name</NameProp>
                </PropsEntEdicion>
                <PropsEntLectura>
                    <Propiedad ID="http://xmlns.com/foaf/0.1/name" EntidadID="http://xmlns.com/foaf/0.1/Person">
                        <AtrNombreLectura></AtrNombreLectura>
                    </Propiedad>
                </PropsEntLectura>
            </SeleccionEntidad>
        </Propiedad>	
		<Propiedad  ID="http://w3id.org/roh/membersGroup" EntidadID="http://xmlns.com/foaf/0.1/Group">
            <AtrNombre>Persona</AtrNombre>
            <AtrNombreLectura>Persona</AtrNombreLectura>
			<SeleccionEntidad>
				<LinkARecurso IrAComunidad="true" PropiedadID="http://xmlns.com/foaf/0.1/name"></LinkARecurso>
                <TipoSeleccion>Autocompletar</TipoSeleccion>
                <Grafo>person.owl</Grafo>
                <UrlTipoEntSolicitada>http://xmlns.com/foaf/0.1/Person</UrlTipoEntSolicitada>              
                <PropsEntEdicion>
                    <NameProp>http://xmlns.com/foaf/0.1/name</NameProp>
                </PropsEntEdicion>
                <PropsEntLectura>
                    <Propiedad ID="http://xmlns.com/foaf/0.1/name" EntidadID="http://xmlns.com/foaf/0.1/Person">
                        <AtrNombreLectura></AtrNombreLectura>
                    </Propiedad>
                </PropsEntLectura>
            </SeleccionEntidad>
        </Propiedad>		
    </EspefPropiedad>
    <EspefEntidad>
    </EspefEntidad>
</config>
