{
  "Key": "09e50873-336a-4e4e-b1e0-3ed31db6415b",
  "Type": 105,
  "Rows": [
    {
      "Key": "b499a1b6-99f7-4a8e-8ad4-d64e252ed34c",
      "Attributes": "",
      "Cols": [
        {
          "Key": "068072a4-a77e-4afd-b8a4-33197f845b95",
          "Class": "span11 break",
          "Components": [
            {
              "Key": "0d4e5d18-9a0f-4cb7-bb44-5c55bcdbd036",
              "Type": "ConsultaSPARQL",
              "Name": "Listado cluster",
              "Options": null
            }
          ]
        }
      ]
    }
  ],
  "MostrarSoloCuerpo": false,
  "ListaComponentesPrivados": null
}