{
  "Key": "1ed82717-9e83-4a59-b6f4-525731c8bb87",
  "Type": 111,
  "Rows": [
    {
      "Key": "f4e904f8-c820-4bee-b204-a4dad0fd6af2",
      "Attributes": "",
      "Cols": [
        {
          "Key": "95b29de5-a8d2-49d2-bbda-e9dd62d9c7a1",
          "Class": "span11 break",
          "Components": [
            {
              "Key": "17472c59-8111-4d5d-8584-1cb0d2d2b168",
              "Type": "Destacado",
              "Name": "Mis ofertas buscador",
              "Options": null
            }
          ]
        }
      ]
    }
  ],
  "MostrarSoloCuerpo": false,
  "ListaComponentesPrivados": null
}