{
  "Key": "00000000-0000-0000-0000-000000000000",
  "Type": 2,
  "Rows": [
    {
      "Key": "75f287c9-1e6e-4e2c-821d-e7e0d1fde206",
      "Attributes": "class---row-full-width~~~",
      "Cols": [
        {
          "Key": "a66cf40c-3354-43d8-b752-eac7cd00afc0",
          "Class": "span11 break",
          "Components": [
            {
              "Key": "06c520ee-395e-4650-818d-fa53ae68f19d",
              "Type": "ConsultaSPARQL",
              "Name": "Cabecera Home",
              "Options": null
            }
          ]
        }
      ]
    },
    {
      "Key": "7ad786fc-3158-44c0-a80c-219b744522e5",
      "Attributes": "",
      "Cols": [
        {
          "Key": "90781a30-f006-44dc-894e-e268fef4ac57",
          "Class": "span11 break",
          "Components": [
            {
              "Key": "1f67a90c-b9f3-44b1-95d8-db864deb3834",
              "Type": "HTML",
              "Name": "Áreas de interés",
              "Options": null
            }
          ]
        }
      ]
    },
    {
      "Key": "74369767-239d-4d05-9ebb-7e87ea6a467a",
      "Attributes": "",
      "Cols": [
        {
          "Key": "d5f2c22b-3818-4e66-9066-6d7f720e469a",
          "Class": "span13",
          "Components": [
            {
              "Key": "be45d2a9-6eda-4bf3-916d-5e92a236239f",
              "Type": "HTML",
              "Name": "IA y Ciberseguridad",
              "Options": null
            }
          ]
        },
        {
          "Key": "422ae5b9-2d7b-4fc5-b852-49ed86c0814a",
          "Class": "span13",
          "Components": [
            {
              "Key": "de1b84e0-b3d6-43a0-b7d5-3c0f0efb9932",
              "Type": "HTML",
              "Name": "Ciencias Marinas",
              "Options": null
            }
          ]
        },
        {
          "Key": "f0e50003-3101-4460-9fc4-206895b49ba7",
          "Class": "span13 break",
          "Components": [
            {
              "Key": "a113105b-e3ce-46d1-ab31-1c66d5054754",
              "Type": "HTML",
              "Name": "Agroalimentarias",
              "Options": null
            }
          ]
        }
      ]
    },
    {
      "Key": "df83ac2c-a7df-415a-bd11-2184bace9ab8",
      "Attributes": "",
      "Cols": [
        {
          "Key": "ad55ac15-6326-4307-a5a7-f340a21c00f3",
          "Class": "span11 break",
          "Components": [
            {
              "Key": "95cf8013-5bb4-49d3-80d1-c7be4863147b",
              "Type": "HTML",
              "Name": "Grafica Publicaciones ",
              "Options": null
            },
            {
              "Key": "9869aff7-4665-4a03-a091-7491b2f67db7",
              "Type": "HTML",
              "Name": "Gráfica proyectos",
              "Options": null
            }
          ]
        }
      ]
    },
    {
      "Key": "69e81a89-5ab1-409e-8658-2bb4ef50a999",
      "Attributes": "",
      "Cols": [
        {
          "Key": "ee296556-4ecc-4df4-97f2-884c3dcbe411",
          "Class": "span12",
          "Components": [
            {
              "Key": "dd0f5dd5-d8be-449b-ae4a-a26f168e0f4f",
              "Type": "HTML",
              "Name": "Gráficas Áreas temáticas",
              "Options": null
            }
          ]
        },
        {
          "Key": "b5f3ee1b-5624-4f05-8507-04ffe9e044a4",
          "Class": "span12 break",
          "Components": [
            {
              "Key": "90dae90a-ab6c-4a7f-891b-a10c26bd2267",
              "Type": "HTML",
              "Name": "Gráfica Ámbito de los proyectos",
              "Options": null
            }
          ]
        }
      ]
    },
    {
      "Key": "ef36de42-8406-4fe0-b3c0-f09d0310b6af",
      "Attributes": "",
      "Cols": [
        {
          "Key": "314bbdff-799f-4e77-a653-ede68805a3bc",
          "Class": "span13",
          "Components": [
            {
              "Key": "b6885fea-aefd-4120-a480-855ff3ab1ffc",
              "Type": "ConsultaSPARQL",
              "Name": "Top investigadores",
              "Options": null
            }
          ]
        },
        {
          "Key": "c52ecab9-723a-49f3-92fb-ad311f7a9346",
          "Class": "span13",
          "Components": [
            {
              "Key": "f668994b-d8de-4e58-ba91-a517000f3099",
              "Type": "ConsultaSPARQL",
              "Name": "Top Grupos de investigación",
              "Options": null
            }
          ]
        },
        {
          "Key": "abd614b4-4e27-46d8-94ef-89044b196028",
          "Class": "span13 break",
          "Components": [
            {
              "Key": "b4ea6415-7750-4b97-b4ec-8f3eb946f2ac",
              "Type": "ConsultaSPARQL",
              "Name": "Top Proyectos",
              "Options": null
            }
          ]
        }
      ]
    },
    {
      "Key": "a5839b76-927b-4730-ae97-fb9f9be3fbfe",
      "Attributes": "",
      "Cols": [
        {
          "Key": "de05a116-7cbe-4fd1-83cd-c1a06fb59e6d",
          "Class": "span11 break",
          "Components": [
            {
              "Key": "03104fe4-24d0-47ba-b0c1-19b6c76e8783",
              "Type": "HTML",
              "Name": "Título ofertas tecnológicas",
              "Options": null
            }
          ]
        }
      ]
    },
    {
      "Key": "5af80793-961b-4ffa-bb1e-ff3b31986ffb",
      "Attributes": "",
      "Cols": [
        {
          "Key": "4f14a58e-87c1-4ec4-9225-ef3c1a850b7e",
          "Class": "span13",
          "Components": [
            {
              "Key": "a5605a59-2553-4e5e-b8be-ba17bb2a572b",
              "Type": "HTML",
              "Name": "Robótica y nuevos materiales",
              "Options": null
            }
          ]
        },
        {
          "Key": "f9b6e544-2673-42d8-b187-d2db91c39cae",
          "Class": "span13",
          "Components": [
            {
              "Key": "3aea67d1-bcb6-4cc3-95e1-ca07895d9a25",
              "Type": "HTML",
              "Name": "Sostenibilidad",
              "Options": null
            }
          ]
        },
        {
          "Key": "74fd9dae-df92-44e0-a8bb-4c5ee9312f7d",
          "Class": "span13 break",
          "Components": [
            {
              "Key": "86ee2b20-f675-4f3c-861b-f8bbfaf38642",
              "Type": "HTML",
              "Name": "Energía",
              "Options": null
            }
          ]
        }
      ]
    },
    {
      "Key": "2b4e4339-0b3e-4fb2-9efd-eb1c6acc561d",
      "Attributes": "",
      "Cols": [
        {
          "Key": "95da6389-c1d5-43db-917e-408458118007",
          "Class": "span13",
          "Components": [
            {
              "Key": "271b680e-2ae0-4ab3-852e-c0c4c1ddcd72",
              "Type": "HTML",
              "Name": "Vida digital",
              "Options": null
            }
          ]
        },
        {
          "Key": "4308e461-9643-4422-9203-5f7f17b97cd5",
          "Class": "span13",
          "Components": [
            {
              "Key": "340d54fb-d193-4d67-bf89-4c5a8f4137d9",
              "Type": "HTML",
              "Name": "Ciencias de la vida",
              "Options": null
            }
          ]
        },
        {
          "Key": "d29f9017-1373-42ef-a1ad-3fe8397717eb",
          "Class": "span13 break",
          "Components": [
            {
              "Key": "a7732371-b49b-42ce-9d16-fcfced730a07",
              "Type": "HTML",
              "Name": "Humanidades y Socioeconomía",
              "Options": null
            }
          ]
        }
      ]
    }
  ],
  "MostrarSoloCuerpo": false,
  "ListaComponentesPrivados": null
}