{
  "Key": "41264f42-697c-4411-af81-25963beff1fb",
  "Type": 106,
  "Rows": [
    {
      "Key": "3e6a026d-ccd7-4afb-b50f-26d5932b3df4",
      "Attributes": "",
      "Cols": [
        {
          "Key": "3694648b-a294-476b-b8ea-aa7bbee40968",
          "Class": "span11 break",
          "Components": [
            {
              "Key": "0531cc04-6d1f-41be-94a9-4f098f415590",
              "Type": "Destacado",
              "Name": "Login inexistente",
              "Options": null
            }
          ]
        }
      ]
    }
  ],
  "MostrarSoloCuerpo": false,
  "ListaComponentesPrivados": null
}