{
  "Key": "41d15a05-b76c-4653-9753-f5c428ebf354",
  "Type": 112,
  "Rows": [
    {
      "Key": "fc18186d-5a04-4de1-857d-e57076214cc4",
      "Attributes": "",
      "Cols": [
        {
          "Key": "e69c980e-012e-4183-951e-53920462c628",
          "Class": "span11 break",
          "Components": [
            {
              "Key": "8fed0606-b206-46c2-8d84-881e8bfd185d",
              "Type": "Destacado",
              "Name": "Gestor de ofertas tecnológicas",
              "Options": null
            }
          ]
        }
      ]
    }
  ],
  "MostrarSoloCuerpo": false,
  "ListaComponentesPrivados": null
}