{
  "Key": "4571807a-a095-4766-a762-1cdccbcc2815",
  "Type": 110,
  "Rows": [
    {
      "Key": "8fcbbf47-67d3-40c6-b96f-d007dd6d59d8",
      "Attributes": "",
      "Cols": [
        {
          "Key": "a9f31d21-d0c4-4f1d-afb4-73992b14067b",
          "Class": "span11 break",
          "Components": [
            {
              "Key": "3f348a81-49fc-4083-b536-6b621cf93be1",
              "Type": "Destacado",
              "Name": "CreacionOferta",
              "Options": null
            }
          ]
        }
      ]
    }
  ],
  "MostrarSoloCuerpo": false,
  "ListaComponentesPrivados": null
}