{
  "Key": "6ed742ed-7eb9-47e9-8315-9ba4cd39510b",
  "Type": 108,
  "Rows": [
    {
      "Key": "2ab5af84-249c-40b4-8421-1b1a3c7d28b3",
      "Attributes": "",
      "Cols": [
        {
          "Key": "0bb723a7-ea36-402a-bb23-6d551bbb9de3",
          "Class": "span11 break",
          "Components": [
            {
              "Key": "e601d3c5-89dc-4f53-ac03-f6201c54a359",
              "Type": "Destacado",
              "Name": "Importar CV",
              "Options": null
            }
          ]
        }
      ]
    }
  ],
  "MostrarSoloCuerpo": false,
  "ListaComponentesPrivados": null
}