{
  "Key": "721b27aa-4cc6-488f-bcd7-49705fa1d7b0",
  "Type": 104,
  "Rows": [
    {
      "Key": "e5099d99-021b-4851-b880-25bae9499b97",
      "Attributes": "",
      "Cols": [
        {
          "Key": "ac3c4413-aa24-4bcc-8d19-23ff8f7e010b",
          "Class": "span11 break",
          "Components": [
            {
              "Key": "94fa87b6-4661-48db-9af6-f1f4ccd719ac",
              "Type": "Destacado",
              "Name": "Creación cluster",
              "Options": null
            }
          ]
        }
      ]
    }
  ],
  "MostrarSoloCuerpo": false,
  "ListaComponentesPrivados": null
}