{
  "Key": "72cb6dea-67c5-4e21-b61d-61038e5f16a1",
  "Type": 107,
  "Rows": [
    {
      "Key": "77bba2b8-1a33-4090-81c5-3bde286bde44",
      "Attributes": "",
      "Cols": [
        {
          "Key": "b5392c18-a867-41b8-951f-3a7e900805e5",
          "Class": "span11 break",
          "Components": [
            {
              "Key": "30d2aaac-da5f-4329-9e50-8229ef2c34d9",
              "Type": "Destacado",
              "Name": "Exportar CV",
              "Options": null
            }
          ]
        }
      ]
    }
  ],
  "MostrarSoloCuerpo": false,
  "ListaComponentesPrivados": null
}