{
  "Key": "75fe6729-b7b9-4c2e-93b0-530816d34667",
  "Type": 113,
  "Rows": [
    {
      "Key": "35e95010-7ea6-4f19-be2f-7d327ae674ba",
      "Attributes": "",
      "Cols": [
        {
          "Key": "1f34eeec-dd9b-445d-aefd-cbc865cb93e9",
          "Class": "span23",
          "Components": [
            {
              "Key": "7c9b13a2-7172-4be5-bfad-38401191b363",
              "Type": "ConsultaSPARQL",
              "Name": "Alertas Home",
              "Options": null
            },
            {
              "Key": "267e0cc4-bb02-45bb-96b5-5f3af11c4f23",
              "Type": "BuscadorSPARQL",
              "Name": "Home ED publicaciones de interes",
              "Options": null
            }
          ]
        },
        {
          "Key": "5ae7a07e-720d-413f-8828-3d8b4bf25e02",
          "Class": "span13 break",
          "Components": [
            {
              "Key": "20e3cea9-c419-40b6-9dee-8fccefaa61d0",
              "Type": "ConsultaSPARQL",
              "Name": "Menu Home ED",
              "Options": null
            }
          ]
        }
      ]
    },
    {
      "Key": "e4085965-ebaa-4446-a218-64de225ae9ee",
      "Attributes": "",
      "Cols": [
        {
          "Key": "2dbb00f4-d550-49ba-b767-db1bb0c850fa",
          "Class": "span11 break",
          "Components": [
            {
              "Key": "fd71b5e6-4fc8-4186-b8eb-44ef96544bda",
              "Type": "Destacado",
              "Name": "Cabecera home ED",
              "Options": null
            }
          ]
        }
      ]
    }
  ],
  "MostrarSoloCuerpo": false,
  "ListaComponentesPrivados": null
}