{
  "Key": "75fe6729-b7b9-4c2e-93b0-530816d34667",
  "Type": 113,
  "Rows": [
    {
      "Key": "5e3df214-352a-42e1-ab71-292dddc2d9fe",
      "Attributes": "",
      "Cols": [
        {
          "Key": "f3908faf-7dc0-4fc1-845a-bd7c81d7af27",
          "Class": "span11 break",
          "Components": [
            {
              "Key": "fd71b5e6-4fc8-4186-b8eb-44ef96544bda",
              "Type": "Destacado",
              "Name": "Cabecera home ED",
              "Options": null
            }
          ]
        }
      ]
    },
    {
      "Key": "0afa482a-af65-475e-b24e-0c1b49fb3b7c",
      "Attributes": "",
      "Cols": [
        {
          "Key": "a6b86c87-9e49-4eb2-92b0-4ddcfd70db51",
          "Class": "span23",
          "Components": [
            {
              "Key": "7c9b13a2-7172-4be5-bfad-38401191b363",
              "Type": "ConsultaSPARQL",
              "Name": "Alertas Home",
              "Options": null
            },
            {
              "Key": "1def64c7-2050-46ef-9dd8-9432ee420731",
              "Type": "HTML",
              "Name": "Cabecera Publicaciones de interés",
              "Options": null
            },
            {
              "Key": "555e6c96-15d1-413b-8f53-c489d9ba4e26",
              "Type": "BuscadorSPARQL",
              "Name": "Home ED publicaciones de interés",
              "Options": null
            }
          ]
        },
        {
          "Key": "58dab3da-c2c7-4f51-bf31-822a3d586b29",
          "Class": "span13 break",
          "Components": [
            {
              "Key": "20e3cea9-c419-40b6-9dee-8fccefaa61d0",
              "Type": "ConsultaSPARQL",
              "Name": "Menu Home ED",
              "Options": null
            }
          ]
        }
      ]
    }
  ],
  "MostrarSoloCuerpo": false,
  "ListaComponentesPrivados": null
}