{
  "Key": "75fe6729-b7b9-4c2e-93b0-530816d34667",
  "Type": 113,
  "Rows": [
    {
      "Key": "549f76b8-b7ad-4529-8118-f99f60ef409d",
      "Attributes": "",
      "Cols": [
        {
          "Key": "2c8c4037-b2e7-4714-ad8b-74552bbeae09",
          "Class": "span11 break",
          "Components": [
            {
              "Key": "fd71b5e6-4fc8-4186-b8eb-44ef96544bda",
              "Type": "Destacado",
              "Name": "Cabecera home ED",
              "Options": null
            }
          ]
        }
      ]
    },
    {
      "Key": "1d5fa961-b0ce-4f61-91e1-bdfb3a721223",
      "Attributes": "",
      "Cols": [
        {
          "Key": "626f1ab7-bb35-4efb-aaa5-98ac89bb8e1b",
          "Class": "span23",
          "Components": [
            {
              "Key": "7c9b13a2-7172-4be5-bfad-38401191b363",
              "Type": "ConsultaSPARQL",
              "Name": "Alertas Home",
              "Options": null
            },
            {
              "Key": "267e0cc4-bb02-45bb-96b5-5f3af11c4f23",
              "Type": "BuscadorSPARQL",
              "Name": "Home ED publicaciones de interes",
              "Options": null
            }
          ]
        },
        {
          "Key": "b6e38e93-64a6-4e2c-8b38-7dfaaf35fe64",
          "Class": "span13 break",
          "Components": [
            {
              "Key": "20e3cea9-c419-40b6-9dee-8fccefaa61d0",
              "Type": "ConsultaSPARQL",
              "Name": "Menu Home ED",
              "Options": null
            }
          ]
        }
      ]
    }
  ],
  "MostrarSoloCuerpo": false,
  "ListaComponentesPrivados": null
}