{
  "Key": "a619edbd-5597-410f-a43b-373237501f41",
  "Type": 102,
  "Rows": [
    {
      "Key": "2c48418b-84dc-48e3-94fe-58d432306196",
      "Attributes": "",
      "Cols": [
        {
          "Key": "1459e9a8-544d-4454-a586-9a188718f1b7",
          "Class": "span11 break",
          "Components": [
            {
              "Key": "03a9d2c6-c9c6-443c-a123-bf211a9fc1fd",
              "Type": "Destacado",
              "Name": "Metricas",
              "Options": null
            }
          ]
        }
      ]
    }
  ],
  "MostrarSoloCuerpo": false,
  "ListaComponentesPrivados": null
}