{
  "Key": "b2e6bdc2-b510-42cc-86ff-197707284878",
  "Type": 109,
  "Rows": [
    {
      "Key": "e0dcdff7-f60f-4ebc-b8b8-d8800b5a0fc5",
      "Attributes": "",
      "Cols": [
        {
          "Key": "38641ee4-7fc1-4814-af42-682ba78edcba",
          "Class": "span11 break",
          "Components": [
            {
              "Key": "98ce9e82-5e2f-474b-9420-3e6cfad93265",
              "Type": "Destacado",
              "Name": "IndicadoresPersonales",
              "Options": null
            }
          ]
        }
      ]
    }
  ],
  "MostrarSoloCuerpo": false,
  "ListaComponentesPrivados": null
}