{
  "Key": "c1bdb11d-aa1d-4bdc-845a-9bfa12836391",
  "Type": 101,
  "Rows": [
    {
      "Key": "00bff11d-bbb1-476b-b24f-2cb9e1f11f1a",
      "Attributes": "",
      "Cols": [
        {
          "Key": "2fab7fea-19e6-4780-b28d-68f529bf42c5",
          "Class": "span11 break",
          "Components": [
            {
              "Key": "ca9fa3ac-90e4-4e66-834e-a5c4fb655ea0",
              "Type": "Destacado",
              "Name": "Redes",
              "Options": null
            }
          ]
        }
      ]
    }
  ],
  "MostrarSoloCuerpo": false,
  "ListaComponentesPrivados": null
}