{
  "Key": "d0cebfa5-449e-4408-a026-624fe58c53f8",
  "Type": 100,
  "Rows": [
    {
      "Key": "9a761a8c-0aab-463e-8b56-f3e4fc65bc82",
      "Attributes": "",
      "Cols": [
        {
          "Key": "a1ca8290-5135-4e01-9a3f-cf0ea5b21bb4",
          "Class": "col-12 col-xl-8 col-contenido izquierda",
          "Components": [
            {
              "Key": "11f013d3-9092-4341-8f1b-63149deb0a30",
              "Type": "ConsultaSPARQL",
              "Name": "Alertas - Contador y base",
              "Options": null
            }
          ]
        },
        {
          "Key": "4d942378-75e1-467a-8d1d-a83c18875a7b",
          "Class": "col-12 col-xl-4 col-lateral col-contexto derecha",
          "Components": [
            {
              "Key": "5914871b-2d8a-417d-9cc4-caad3c022f77",
              "Type": "ConsultaSPARQL",
              "Name": "Alertas_ DatosPersonales",
              "Options": null
            }
          ]
        }
      ]
    }
  ],
  "MostrarSoloCuerpo": false,
  "ListaComponentesPrivados": null
}