{
  "Key": "d635660b-4126-4a68-a784-53ac2d811616",
  "Type": 103,
  "Rows": [
    {
      "Key": "ab006111-13f7-4963-baa5-98df96af5951",
      "Attributes": "",
      "Cols": [
        {
          "Key": "28fb6b54-b540-4dd4-bf55-e14aa4bba6cd",
          "Class": "span11 break",
          "Components": [
            {
              "Key": "a85e5825-c08e-45db-933e-84b5386dd78e",
              "Type": "ConsultaSPARQL",
              "Name": "Listado alertas",
              "Options": null
            }
          ]
        }
      ]
    }
  ],
  "MostrarSoloCuerpo": false,
  "ListaComponentesPrivados": null
}