{
  "WikiDisponible": true,
  "PermisosDocumentacion": [
    {
      "TipoDocumento": 5,
      "TipoPermiso": 0
    }
  ],
  "PermisosDocumentacionSemantica": [
    {
      "TipoDocumento": "Activity",
      "Ontologia": "activity.owl",
      "TipoPermiso": 0,
      "PrivacidadGrupos": {}
    },
    {
      "TipoDocumento": "SupervisedArtisticProject",
      "Ontologia": "supervisedartisticproject.owl",
      "TipoPermiso": 0,
      "PrivacidadGrupos": {}
    },
    {
      "TipoDocumento": "Patent",
      "Ontologia": "patent.owl",
      "TipoPermiso": 0,
      "PrivacidadGrupos": {}
    },
    {
      "TipoDocumento": "TechnologicalResult",
      "Ontologia": "technologicalresult.owl",
      "TipoPermiso": 0,
      "PrivacidadGrupos": {}
    },
    {
      "TipoDocumento": "Network",
      "Ontologia": "network.owl",
      "TipoPermiso": 0,
      "PrivacidadGrupos": {}
    },
    {
      "TipoDocumento": "Grant",
      "Ontologia": "grant.owl",
      "TipoPermiso": 0,
      "PrivacidadGrupos": {}
    },
    {
      "TipoDocumento": "Committee",
      "Ontologia": "committee.owl",
      "TipoPermiso": 0,
      "PrivacidadGrupos": {}
    },
    {
      "TipoDocumento": "Stay",
      "Ontologia": "stay.owl",
      "TipoPermiso": 0,
      "PrivacidadGrupos": {}
    },
    {
      "TipoDocumento": "Organization",
      "Ontologia": "organization.owl",
      "TipoPermiso": 0,
      "PrivacidadGrupos": {}
    },
    {
      "TipoDocumento": "Society",
      "Ontologia": "society.owl",
      "TipoPermiso": 0,
      "PrivacidadGrupos": {}
    },
    {
      "TipoDocumento": "cluster",
      "Ontologia": "cluster.owl",
      "TipoPermiso": 0,
      "PrivacidadGrupos": {}
    },
    {
      "TipoDocumento": "Position",
      "Ontologia": "position.owl",
      "TipoPermiso": 0,
      "PrivacidadGrupos": {}
    },
    {
      "TipoDocumento": "MainDocument",
      "Ontologia": "maindocument.owl",
      "TipoPermiso": 0,
      "PrivacidadGrupos": {}
    },
    {
      "TipoDocumento": "ResearchObject",
      "Ontologia": "researchobject.owl",
      "TipoPermiso": 0,
      "PrivacidadGrupos": {}
    },
    {
      "TipoDocumento": "ScientificProduction",
      "Ontologia": "scientificproduction.owl",
      "TipoPermiso": 0,
      "PrivacidadGrupos": {}
    },
    {
      "TipoDocumento": "Group",
      "Ontologia": "group.owl",
      "TipoPermiso": 0,
      "PrivacidadGrupos": {}
    },
    {
      "TipoDocumento": "CurriculumVitae",
      "Ontologia": "curriculumvitae.owl",
      "TipoPermiso": 0,
      "PrivacidadGrupos": {}
    },
    {
      "TipoDocumento": "Council",
      "Ontologia": "council.owl",
      "TipoPermiso": 0,
      "PrivacidadGrupos": {}
    },
    {
      "TipoDocumento": "Collaboration",
      "Ontologia": "collaboration.owl",
      "TipoPermiso": 0,
      "PrivacidadGrupos": {}
    },
    {
      "TipoDocumento": "KeyWordConcept",
      "Ontologia": "keywordconcept.owl",
      "TipoPermiso": 0,
      "PrivacidadGrupos": {}
    },
    {
      "TipoDocumento": "AcademicDegree",
      "Ontologia": "academicdegree.owl",
      "TipoPermiso": 0,
      "PrivacidadGrupos": {}
    },
    {
      "TipoDocumento": "Tutorship",
      "Ontologia": "tutorship.owl",
      "TipoPermiso": 0,
      "PrivacidadGrupos": {}
    },
    {
      "TipoDocumento": "ThesisSupervision",
      "Ontologia": "thesissupervision.owl",
      "TipoPermiso": 0,
      "PrivacidadGrupos": {}
    },
    {
      "TipoDocumento": "Accreditation",
      "Ontologia": "accreditation.owl",
      "TipoPermiso": 0,
      "PrivacidadGrupos": {}
    },
    {
      "TipoDocumento": "ImpartedAcademicTraining",
      "Ontologia": "impartedacademictraining.owl",
      "TipoPermiso": 0,
      "PrivacidadGrupos": {}
    },
    {
      "TipoDocumento": "TeachingPublication",
      "Ontologia": "teachingpublication.owl",
      "TipoPermiso": 0,
      "PrivacidadGrupos": {}
    },
    {
      "TipoDocumento": "ImpartedCoursesSeminars",
      "Ontologia": "impartedcoursesseminars.owl",
      "TipoPermiso": 0,
      "PrivacidadGrupos": {}
    },
    {
      "TipoDocumento": "TeachingProject",
      "Ontologia": "teachingproject.owl",
      "TipoPermiso": 0,
      "PrivacidadGrupos": {}
    },
    {
      "TipoDocumento": "Notification",
      "Ontologia": "notification.owl",
      "TipoPermiso": 0,
      "PrivacidadGrupos": {}
    },
    {
      "TipoDocumento": "TeachingCongress",
      "Ontologia": "teachingcongress.owl",
      "TipoPermiso": 0,
      "PrivacidadGrupos": {}
    },
    {
      "TipoDocumento": "LanguageCertificate",
      "Ontologia": "languagecertificate.owl",
      "TipoPermiso": 0,
      "PrivacidadGrupos": {}
    },
    {
      "TipoDocumento": "Project",
      "Ontologia": "project.owl",
      "TipoPermiso": 0,
      "PrivacidadGrupos": {}
    },
    {
      "TipoDocumento": "ProjectAuthorization",
      "Ontologia": "projectauthorization.owl",
      "TipoPermiso": 0,
      "PrivacidadGrupos": {}
    },
    {
      "TipoDocumento": "Offer",
      "Ontologia": "offer.owl",
      "TipoPermiso": 0,
      "PrivacidadGrupos": {}
    },
    {
      "TipoDocumento": "Annotation",
      "Ontologia": "annotation.owl",
      "TipoPermiso": 0,
      "PrivacidadGrupos": {}
    },
    {
      "TipoDocumento": "Document",
      "Ontologia": "document.owl",
      "TipoPermiso": 0,
      "PrivacidadGrupos": {}
    },
    {
      "TipoDocumento": "Person",
      "Ontologia": "person.owl",
      "TipoPermiso": 0,
      "PrivacidadGrupos": {}
    }
  ],
  "NivelesCertificacionDisponibles": false,
  "NivelesCertificacion": [],
  "PoliticaCertificacion": null,
  "PermitirDescargarDocUsuInvitado": false
}