{
  "NombreParametro": "linkedROs",
  "WhereParametro": "{\n\tSELECT distinct ?s\n\tWHERE\n\t{\t\t\t\n\t\t{\n\n                        # Obtenemos los elementos relacionados desde el recurso dado\n                        ?resource ?related ?s.\n                        Filter (?related in (<http://w3id.org/roh/linkedDocument>, <http://w3id.org/roh/linkedRO>))\n                    }\n                    UNION\n                    {\n\n                        # Obtenemos los elementos relacionados desde el recurso dado\n                        ?s ?related ?resource\n                        Filter (?related in (<http://w3id.org/roh/linkedDocument>, <http://w3id.org/roh/linkedRO>))\n                   \n\n                    }\n                    FILTER(?resource = <[PARAMETRO]>)\n                    ?s roh:isValidated 'true'.\n\t}\n}",
  "OrderByParametro": "desc(?s)",
  "WhereFacetaParametro": "",
  "Nueva": false,
  "Deleted": false,
  "OmitirRdftype": false
}