{
  "NombreParametro": "searcherPII",
  "WhereParametro": "{      \n\tselect ?s ?scoreSum ?fecha where\n\t{\n\t\t{\n\t\t\tselect ?s sum(?score) as ?scoreSum  where \n\t\t\t{\n\t\t\t\t{\n\t\t\t\t\t?s roh:title ?title.\n\t\t\t\t\t?title bif:contains \"|||[PARAMETROESPACIOULTIMODIFERENTE]||'[PARAMETROESPACIOIN]' and||'[PARAMETROESPACIOIN]'|||\"\n\t\t\t\t\tBIND(10000000 as ?score)\n\t\t\t\t}\n\t\t\t\t\t\tUNION\n\t\t\t\t{\n\t\t\t\t\t?s vivo:freeTextKeyword ?keywordO.\n\t\t\t\t\t\t\t\t?keywordO roh:title ?keyword.\n\t\t\t\t\t?keyword bif:contains \"|||[PARAMETROESPACIOULTIMODIFERENTE]||'[PARAMETROESPACIOIN]' and||'[PARAMETROESPACIOIN]'|||\"\n\t\t\t\t\tBIND(10000 as ?score)\n\t\t\t\t}\n\t\t\t\tUNION\n\t\t\t\t{\n\t\t\t\t\t?s roh:qualityDescription ?abstract.\n\t\t\t\t\t?abstract bif:contains \"|||[PARAMETROESPACIOULTIMODIFERENTE]||'[PARAMETROESPACIOIN]' and||'[PARAMETROESPACIOIN]'|||\"\n\t\t\t\t\tBIND(1000 as ?score)\n\t\t\t\t}\t\t\n\t\t\t\tUNION\n\t\t\t\t{\n\t\t\t\t\t?s bibo:authorList ?authorList.\n\t\t\t\t\t?authorList rdf:member ?person.\n\t\t\t\t\t?person foaf:name ?namePerson.\n\t\t\t\t\t?namePerson bif:contains \"|||[PARAMETROESPACIOULTIMODIFERENTE]||'[PARAMETROESPACIOIN]' and||'[PARAMETROESPACIOIN]'|||\"\n\t\t\t\t\tBIND(1 as ?score)\n\t\t\t\t}               \n\t\t\t}\n\t\t}\n\t\tOPTIONAL{?s roh:dateFiled ?fecha}   \n\t}\n}",
  "OrderByParametro": "desc(?scoreSum ) desc(?fecha)",
  "WhereFacetaParametro": "{\n\tselect ?s\n\t{\n\t\t{\n\t\t\t?s roh:title ?title.\n\t\t\t?title bif:contains \"|||[PARAMETROESPACIOULTIMODIFERENTE]||'[PARAMETROESPACIOIN]' and||'[PARAMETROESPACIOIN]'|||\"\n\t\t}\n                UNION\n\t\t{\n\t\t\t?s vivo:freeTextKeyword ?keywordO.\n                        ?keywordO roh:title ?keyword.\n\t\t\t?keyword bif:contains \"|||[PARAMETROESPACIOULTIMODIFERENTE]||'[PARAMETROESPACIOIN]' and||'[PARAMETROESPACIOIN]'|||\"\n\t\t}\n\t\tUNION\n\t\t{\n\t\t\t?s roh:qualityDescription ?abstract.\n\t\t\t?abstract bif:contains \"|||[PARAMETROESPACIOULTIMODIFERENTE]||'[PARAMETROESPACIOIN]' and||'[PARAMETROESPACIOIN]'|||\"\n\t\t}\t\t\n\t\tUNION\n\t\t{\n\t\t\t?s bibo:authorList ?authorList.\n\t\t\t?authorList rdf:member ?person.\n\t\t\t?person foaf:name ?namePerson.\n\t\t\t?namePerson bif:contains \"|||[PARAMETROESPACIOULTIMODIFERENTE]||'[PARAMETROESPACIOIN]' and||'[PARAMETROESPACIOIN]'|||\"\n\t\t}\n\t}\n}",
  "Nueva": false,
  "Deleted": false,
  "OmitirRdftype": false
}