{
  "NombreParametro": "searcherProyectosValidadasPersonas",
  "WhereParametro": "{\n\tSELECT ?s ?title\n\tWHERE\n\t{\n                        FILTER(?person in([PARAMETRO]))\n\t\t\t?s a 'project'.\n\t\t\t?s <http://w3id.org/roh/title> ?title.\n\t\t\t?s <http://w3id.org/roh/isValidated> 'true'.\n\t\t\t?s ?propRol ?rol.\n                        FILTER(?propRol in (<http://w3id.org/roh/researchers>,<http://w3id.org/roh/mainResearchers>))\n                        ?rol <http://www.w3.org/1999/02/22-rdf-syntax-ns#member> ?person.\n\t}\n}",
  "OrderByParametro": "asc(?title)",
  "WhereFacetaParametro": "",
  "Nueva": false,
  "Deleted": false,
  "OmitirRdftype": false
}