{
  "NombreParametro": "searcherProjects",
  "WhereParametro": "{\n\tselect ?s ?scoreTitle ?scoreAbstract ?scoreNamePerson where \n\t{\n\t\t?s a 'project'\n\t\t{\n\t\t\t?s roh:title ?title.\n\t\t\t?title bif:contains \"|||[PARAMETROESPACIOULTIMODIFERENTE]||'[PARAMETROESPACIOIN]' and||'[PARAMETROESPACIOIN]'|||\"\n\t\t\tBIND(10000 as ?scoreTitle)\n\t\t}\n\t\tUNION\n\t\t{\n\t\t\t?s bibo:abstract ?abstract.\n\t\t\t?abstract bif:contains \"|||[PARAMETROESPACIOULTIMODIFERENTE]||'[PARAMETROESPACIOIN]' and||'[PARAMETROESPACIOIN]'|||\"\n\t\t\tBIND(1000 as ?scoreAbstract)\n\t\t}\n\t\tUNION\n\t\t{\n\t\t\t?person  a 'person'.\n\t\t\t?s roh:membersProject ?person.\n\t\t\t?person foaf:name ?namePerson.\n\t\t\t?namePerson bif:contains \"|||[PARAMETROESPACIOULTIMODIFERENTE]||'[PARAMETROESPACIOIN]' and||'[PARAMETROESPACIOIN]'|||\"\n\t\t\tBIND(1 as ?scoreNamePerson )\n\t\t}\n\t}\n}",
  "OrderByParametro": "desc(?scoreTitle ) desc(?scoreAbstract ) desc(?scoreNamePerson )",
  "WhereFacetaParametro": "{\n\tselect ?s\n\t{\n\t\t?s a 'project'\n\t\t{\n\t\t\t?s roh:title ?title.\n\t\t\t?title bif:contains \"|||[PARAMETROESPACIOULTIMODIFERENTE]||'[PARAMETROESPACIOIN]' and||'[PARAMETROESPACIOIN]'|||\"\n\t\t}\n\t\tUNION\n\t\t{\n\t\t\t?s bibo:abstract ?abstract.\n\t\t\t?abstract bif:contains \"|||[PARAMETROESPACIOULTIMODIFERENTE]||'[PARAMETROESPACIOIN]' and||'[PARAMETROESPACIOIN]'|||\"\n\t\t}\n\t\tUNION\n\t\t{\n\t\t\t?s vivo:freeTextKeyword ?keywordO.\n                        ?keywordO roh:title ?keyword.\n\t\t\t?keyword bif:contains \"|||[PARAMETROESPACIOULTIMODIFERENTE]||'[PARAMETROESPACIOIN]' and||'[PARAMETROESPACIOIN]'|||\"\n\t\t}\n\t\tUNION\n\t\t{\n                        ?person  a 'person'.\n                         ?s roh:membersProject ?person.\n\t\t\t?person foaf:name ?namePerson.\n\t\t\t?namePerson bif:contains \"|||[PARAMETROESPACIOULTIMODIFERENTE]||'[PARAMETROESPACIOIN]' and||'[PARAMETROESPACIOIN]'|||\"\n\t\t}\n\t}\n}",
  "Nueva": false,
  "Deleted": false,
  "OmitirRdftype": false
}