{
  "NombreParametro": "searchPublicacionesPublicasPerson",
  "WhereParametro": "{\n\tSELECT ?s\n\tWHERE\n\t{\t\t\n\t\t{\n                        FILTER(?person=<[PARAMETRO]>)\n\t\t\t?s a 'document'.\n\t\t\t?cv <http://w3id.org/roh/cvOf> ?person.\n\t\t\t?cv  <http://w3id.org/roh/scientificActivity> ?scientificActivity.\n\t\t\t?scientificActivity ?pAux ?oAux.\n\t\t\t?oAux <http://w3id.org/roh/isPublic> 'true'.\n\t\t\t?oAux <http://vivoweb.org/ontology/core#relatedBy> ?s\n\t\t}\n                #UNION\n\t\t#{\n                #       FILTER(?person=<[PARAMETRO]>)\n\t\t#\t?s a 'document'.\n\t\t#\t?s <http://w3id.org/roh/isValidated> 'true'.\n\t\t#\t?s <http://purl.org/ontology/bibo/authorList> ?list.\n\t\t#\t?list <http://www.w3.org/1999/02/22-rdf-syntax-ns#member> ?person.\n\t\t#}\n\t}\n}",
  "OrderByParametro": "",
  "WhereFacetaParametro": "",
  "Nueva": false,
  "Deleted": false,
  "OmitirRdftype": false
}