{
  "NombreParametro": "searchRelacionadosDocumento",
  "WhereParametro": "{\n   SELECT ?s count(?etiquetasRelacionadosRO) + count(?id_areaConocimiento) as ?ordersearch\n   WHERE\n   {\n      FILTER(?item = <http://gnoss/[PARAMETRO]>)\n      FILTER(?s != ?item )\n      {\n            ?s <http://vivoweb.org/ontology/core#freeTextKeyword> ?keywordO1.\n            ?keywordO1 <http://w3id.org/roh/title> ?etiquetasRelacionadosRO.\n            ?item <http://vivoweb.org/ontology/core#freeTextKeyword> ?keywordO2.\n            ?keywordO2 <http://w3id.org/roh/title> ?etiquetasRelacionadosRO.\n      }\n      UNION{\n            ?item  <http://w3id.org/roh/hasKnowledgeArea> ?areaConocimiento.\n            ?areaConocimiento <http://w3id.org/roh/categoryNode> ?id_areaConocimiento.\n            ?s <http://w3id.org/roh/hasKnowledgeArea> ?areaConocimiento2.  \n            ?areaConocimiento2 <http://w3id.org/roh/categoryNode> ?id_areaConocimiento.\n            MINUS{?id_areaConocimiento <http://www.w3.org/2008/05/skos#narrower> ?hijo}\n      }\n   } order by desc(count(?etiquetasRelacionadosRO) + count(?id_areaConocimiento)) limit 20\n}",
  "OrderByParametro": "desc(?ordersearch) ",
  "WhereFacetaParametro": "",
  "Nueva": false,
  "Deleted": false,
  "OmitirRdftype": false
}