{
  "NombreParametro": "searchColaboradoresGruposExternos",
  "WhereParametro": "{\nSELECT ?s\nWHERE\n{\n?s a 'person'\n{\n{\n#Documentos\nSELECT ?s\nWHERE {\n?documento <http://w3id.org/roh/isProducedBy> <[PARAMETRO]>.\n?documento a 'document'.\n?documento <http://purl.org/ontology/bibo/authorList> ?listaAutores.\n?listaAutores <http://www.w3.org/1999/02/22-rdf-syntax-ns#member> ?s.\n}\n}\nUNION\n{\n#Proyectos\nSELECT ?s\nWHERE {\n?proy <http://w3id.org/roh/isProducedBy> <[PARAMETRO]>.\n?proy a 'project'.\n?proy ?propRol ?role.\nFILTER(?propRol in (<http://w3id.org/roh/researchers>,<http://w3id.org/roh/mainResearchers>))\n?role <http://www.w3.org/1999/02/22-rdf-syntax-ns#member> ?s.\n}\n}\n}\nMINUS\n{\n<[PARAMETRO]> ?propRol ?rol.\nFILTER(?propRol in (<http://w3id.org/roh/researchers>,<http://w3id.org/roh/mainResearchers>))\n?rol <http://www.w3.org/1999/02/22-rdf-syntax-ns#member> ?s.\n}\n}\n}",
  "OrderByParametro": "",
  "WhereFacetaParametro": "",
  "Nueva": false,
  "Deleted": false,
  "OmitirRdftype": false
}