{
  "NombreParametro": "searchPersonasColaboradoresConProyecto",
  "WhereParametro": "{\nSELECT DISTINCT ?s\nWHERE\n{\n  ?doc a 'document'.\n  ?doc <http://w3id.org/roh/isValidated> 'true'.\n  ?doc <http://w3id.org/roh/project> <http://gnoss/[PARAMETRO]>.\n  ?doc <http://purl.org/ontology/bibo/authorList> ?relacion.\n  ?relacion <http://www.w3.org/1999/02/22-rdf-syntax-ns#member> ?s.\n\n  MINUS\n\t\t{\n\t\t\t<http://gnoss/[PARAMETRO]> <http://w3id.org/roh/membersProject> ?s  \n\t\t}\n}\n}",
  "OrderByParametro": "",
  "WhereFacetaParametro": "",
  "Nueva": false,
  "Deleted": false,
  "OmitirRdftype": false
}