{
  "NombreParametro": "searcherPublicacionesValidadasPersonas",
  "WhereParametro": "{\n\tSELECT ?s ?title\n\tWHERE\n\t{\t\n                        FILTER(?person in([PARAMETRO]))\n\t\t\t?s a 'document'.\n\t\t\t?s <http://w3id.org/roh/title> ?title.\n\t\t\t?s <http://w3id.org/roh/isValidated> 'true'.\n\t\t\t?s <http://purl.org/ontology/bibo/authorList> ?rol.\n                        ?rol <http://www.w3.org/1999/02/22-rdf-syntax-ns#member> ?person.\n\t\t\n\t}\n}",
  "OrderByParametro": "asc(?title)",
  "WhereFacetaParametro": "",
  "Nueva": false,
  "Deleted": false,
  "OmitirRdftype": false
}