{
  "NombreParametro": "searcherPublicationsHome",
  "WhereParametro": "{      \n\tselect ?s ?scoreSum \n\twhere\n\t{\n        |||||[PARAMETROSEPARADORULTIMODIFERENTE]||||@@@@||||\n\t\t{\n\t\t\tselect ?s sum(?score) as ?scoreSum  \n\t\t\twhere \n\t\t\t{\n\t\t\t\t{\n\t\t\t\t\t?s roh:title ?title.\n\t\t\t\t\t?title bif:contains \"|||[PARAMETROESPACIOULTIMODIFERENTE]||'[PARAMETROESPACIOIN]' and ||'[PARAMETROESPACIOIN]'|||\"\n\t\t\t\t\tBIND(10000000 as ?score)\n\t\t\t\t}\n\t\t\t\t\t\tUNION\n\t\t\t\t{\n\t\t\t\t\t?s vivo:freeTextKeyword ?keywordO.\n\t\t\t\t\t\t\t\t?keywordO roh:title ?keyword.\n\t\t\t\t\t?keyword bif:contains \"|||[PARAMETROESPACIOULTIMODIFERENTE]||'[PARAMETROESPACIOIN]' and ||'[PARAMETROESPACIOIN]'|||\"\n\t\t\t\t\tBIND(10000 as ?score)\n\t\t\t\t}\n\t\t\t\tUNION\n\t\t\t\t{\n\t\t\t\t\t?s roh:hasKnowledgeArea ?keywordO.\n\t\t\t\t\t?keywordO roh:categoryNode ?keywordNode.\n\t\t\t\t\t?keywordNode skos:prefLabel ?keyword.\n\t\t\t\t\t?keyword bif:contains \"|||[PARAMETROESPACIOULTIMODIFERENTE]||'[PARAMETROESPACIOIN]' and ||'[PARAMETROESPACIOIN]'|||\"\n\t\t\t\t\tBIND(10000 as ?score)\n\t\t\t\t}\n\t\t\t\tUNION\n\t\t\t\t{\n\t\t\t\t\t?s bibo:abstract ?abstract.\n\t\t\t\t\t?abstract bif:contains \"|||[PARAMETROESPACIOULTIMODIFERENTE]||'[PARAMETROESPACIOIN]' and ||'[PARAMETROESPACIOIN]'|||\"\n\t\t\t\t\tBIND(1000 as ?score)\n\t\t\t\t}              \n\t\t\t}\n\t\t} UNION||||\n\t\t{\n\t\t\tselect ?s sum(?score) as ?scoreSum  where \n\t\t\t{\n\t\t\t\t{\n\t\t\t\t\t?s roh:title ?title.\n\t\t\t\t\t?title bif:contains \"|||[PARAMETROESPACIOULTIMODIFERENTE]||'[PARAMETROESPACIOIN]' and ||'[PARAMETROESPACIOIN]'|||\"\n\t\t\t\t\tBIND(10000000 as ?score)\n\t\t\t\t}\n\t\t\t\t\t\tUNION\n\t\t\t\t{\n\t\t\t\t\t?s vivo:freeTextKeyword ?keywordO.\n\t\t\t\t\t\t\t\t?keywordO roh:title ?keyword.\n\t\t\t\t\t?keyword bif:contains \"|||[PARAMETROESPACIOULTIMODIFERENTE]||'[PARAMETROESPACIOIN]' and ||'[PARAMETROESPACIOIN]'|||\"\n\t\t\t\t\tBIND(10000 as ?score)\n\t\t\t\t}\n\t\t\t\tUNION\n\t\t\t\t{\n\t\t\t\t\t?s roh:hasKnowledgeArea ?keywordO.\n\t\t\t\t\t?keywordO roh:categoryNode ?keywordNode.\n\t\t\t\t\t?keywordNode skos:prefLabel ?keyword.\n\t\t\t\t\t?keyword bif:contains \"|||[PARAMETROESPACIOULTIMODIFERENTE]||'[PARAMETROESPACIOIN]' and ||'[PARAMETROESPACIOIN]'|||\"\n\t\t\t\t\tBIND(10000 as ?score)\n\t\t\t\t}\n\t\t\t\tUNION\n\t\t\t\t{\n\t\t\t\t\t?s bibo:abstract ?abstract.\n\t\t\t\t\t?abstract bif:contains \"|||[PARAMETROESPACIOULTIMODIFERENTE]||'[PARAMETROESPACIOIN]' and ||'[PARAMETROESPACIOIN]'|||\"\n\t\t\t\t\tBIND(1000 as ?score)\n\t\t\t\t}\n\t\t\t}\n\t\t}\n\t\t|||||\n\t}\n}",
  "OrderByParametro": "desc(?scoreSum )",
  "WhereFacetaParametro": "",
  "Nueva": false,
  "Deleted": false,
  "OmitirRdftype": false
}