{
  "NombreParametro": "searchOffersOtri",
  "WhereParametro": "{\nSELECT DISTINCT ?s ?isOtriManager\nWHERE {\n\t?actUser <http://w3id.org/roh/gnossUser> <http://gnoss/[PARAMETRO]>.\n\t?actUser  <http://w3id.org/roh/isOtriManager> ?isOtriManager.\n\t?actUser  <http://w3id.org/roh/hasRole> ?hasrole.\n\t?members <http://w3id.org/roh/hasRole> ?hasrole.\n\t?s <http://www.schema.org/offeredBy> ?members.\n\t?s a 'offer'.\n\t?s <http://www.schema.org/availability> ?state.\n\tFILTER (?state NOT IN (<http://gnoss.com/items/offerstate_001>,<http://gnoss.com/items/offerstate_005>))\n\tFILTER (?isOtriManager = 'true')\n}\n}",
  "OrderByParametro": "",
  "WhereFacetaParametro": "",
  "Nueva": false,
  "Deleted": false,
  "OmitirRdftype": false
}