{
  "NombreParametro": "searchOwnOffers",
  "WhereParametro": "{\n\tSELECT distinct ?s\n\t\n\tWHERE {\n\n\t\t{ \n\t\t\tSELECT distinct ?s\n\n\t\t\tWHERE {\n\t\t\t\t?actUserown <http://w3id.org/roh/gnossUser> <http://gnoss/[PARAMETRO]>.\n\n\t\t\t\tFILTER(?actUserown = ?membersown)\n\t\t\t\t?s <http://www.schema.org/offeredBy> ?membersown.\n\t\t\t\t?s a 'offer'.\n\t\t\t}\n\t\t}\n\t\tUNION\n\t\t{\n\t\t\tSELECT distinct ?s\n\n\t\t\tWHERE {\n\t\t\t\t?actUser <http://w3id.org/roh/gnossUser> <http://gnoss/[PARAMETRO]>.\n\n\t\t\t\t?actUser <http://w3id.org/roh/isIPGroupActually> 'true'.\n\n\t\t\t\t?actUser <http://vivoweb.org/ontology/core#relates> ?group.\n\t\t\t\t?members <http://vivoweb.org/ontology/core#relates> ?group.\n\t\t\t\t?s <http://www.schema.org/offeredBy> ?members.\n\t\t\t\t?s a 'offer'.\n\t\t\t}\n\t\t}\n\t}\n}",
  "OrderByParametro": "",
  "WhereFacetaParametro": "",
  "Nueva": false,
  "Deleted": false,
  "OmitirRdftype": false
}