{
  "NombreParametro": "searchProyectosPublicosPerson",
  "WhereParametro": "{\n\tSELECT ?s\n\tWHERE\n\t{\t\t\n\t\t{\n                        FILTER(?person=<[PARAMETRO]>)\n\t\t\t?s a 'project'.\n\t\t\t?cv <http://w3id.org/roh/cvOf> ?person.\n\t\t\t?cv  <http://w3id.org/roh/scientificExperience> ?scientificExperience.\n\t\t\t?scientificExperience ?pAux ?oAux.\n\t\t\t?oAux <http://w3id.org/roh/isPublic> 'true'.\n\t\t\t?oAux <http://vivoweb.org/ontology/core#relatedBy> ?s\n\t\t}\n                #UNION\n\t\t#{\n                #        FILTER(?person=<[PARAMETRO]>)\n\t\t#\t?s a 'project'.\n\t\t#\t?s <http://w3id.org/roh/isValidated> 'true'.\n\t\t#\t?s ?propRol ?rol.\n                #       FILTER(?propRol in (<http://w3id.org/roh/researchers>, http://w3id.org/roh/mainResearchers>))\n                #        ?rol <http://www.w3.org/1999/02/22-rdf-syntax-ns#member> ?person.\n\t\t#}\n\t}\n}",
  "OrderByParametro": "",
  "WhereFacetaParametro": "",
  "Nueva": false,
  "Deleted": false,
  "OmitirRdftype": false
}