{
  "NombreParametro": "searchProyectoReferentes",
  "WhereParametro": "{\nselect ?s where\n{\n  FILTER(?item=<http://gnoss/[PARAMETRO]>)\n  ?item  <http://w3id.org/roh/hasKnowledgeArea> ?areaConocimiento.\n  ?areaConocimiento <http://w3id.org/roh/categoryNode> ?categoryNode.\n\n  ?s <http://w3id.org/roh/hasKnowledgeArea> ?areaConocimiento2.  \n  ?areaConocimiento2 <http://w3id.org/roh/categoryNode> ?categoryNode\n  FILTER(?s!=?item)\n}limit 20\n}",
  "OrderByParametro": "",
  "WhereFacetaParametro": "",
  "Nueva": false,
  "Deleted": false,
  "OmitirRdftype": false
}