{
  "NombreParametro": "searchColaboradoresPersonPublic",
  "WhereParametro": "{\n\tSELECT DISTINCT ?s count(distinct ?documento) + count(distinct ?proy)  as ?num\n\tWHERE \n\t{\t\n                ?s a 'person'\t\n\t\t{\n\t\t\t{\n\t\t\t\t#Documentos\n\t\t\t\tSELECT *\n\t\t\t\tWHERE {\n\t\t\t\t\t?documento <http://purl.org/ontology/bibo/authorList> ?listaAutoresA.\n\t\t\t\t\t?listaAutoresA <http://www.w3.org/1999/02/22-rdf-syntax-ns#member> <[PARAMETRO]>.\n\t\t\t\t\t?documento a 'document'.\n\t\t\t\t\t?documento <http://purl.org/ontology/bibo/authorList> ?listaAutores.\n\t\t\t\t\t?listaAutores <http://www.w3.org/1999/02/22-rdf-syntax-ns#member> ?s.\n\t\t\t\t}\n\t\t\t} \n\t\t\tUNION \n\t\t\t{\n\t\t\t\t#Proyectos\n\t\t\t\tSELECT *\n\t\t\t\tWHERE {\n\t\t\t\t\t?proy <http://w3id.org/roh/membersProject>  <[PARAMETRO]>.\n\t\t\t\t\t?proy a 'project'.\n\t\t\t\t\t?proy <http://w3id.org/roh/membersProject> ?s.\n\t\t\t\t}\n\t\t\t}\n\t\t}\t\t\n\t\tFILTER(?s!=<[PARAMETRO]>)\n\t}\n}",
  "OrderByParametro": "desc(?num )",
  "WhereFacetaParametro": "",
  "Nueva": false,
  "Deleted": false,
  "OmitirRdftype": false
}