{
  "NombreParametro": "searcherAnnotations",
  "WhereParametro": "{\n\tselect ?s sum(?score) as ?scoreSum ?fecha where \n\t{\n                ?s roh:dateIssued ?fecha.\n\t\t{\n\t\t\t?s roh:title ?title.\n\t\t\t?title bif:contains \"|||[PARAMETROESPACIOULTIMODIFERENTE]||'[PARAMETROESPACIOIN]' and||'[PARAMETROESPACIOIN]'|||\"\n\t\t\tBIND(10000000 as ?score)\n\t\t}\n\t\tUNION\n\t\t{\n\t\t\t?s roh:text ?text.\n\t\t\t?text bif:contains \"|||[PARAMETROESPACIOULTIMODIFERENTE]||'[PARAMETROESPACIOIN]' and||'[PARAMETROESPACIOIN]'|||\"\n\t\t\tBIND(1000 as ?score)\n\t\t}\t\t\n\t\tUNION\n\t\t{\n\t\t\t?s roh:document ?document.\n\t\t\t?document roh:title ?docText.\n\t\t\t?docText bif:contains \"|||[PARAMETROESPACIOULTIMODIFERENTE]||'[PARAMETROESPACIOIN]' and||'[PARAMETROESPACIOIN]'|||\"\n\t\t\tBIND(1 as ?score)\n\t\t}\n\t\tUNION\n\t\t{\n\t\t\t?s roh:researchobject ?researchobject.\n\t\t\t?researchobject roh:title ?rohText.\n\t\t\t?rohText bif:contains \"|||[PARAMETROESPACIOULTIMODIFERENTE]||'[PARAMETROESPACIOIN]' and||'[PARAMETROESPACIOIN]'|||\"\n\t\t\tBIND(1 as ?score)\n\t\t}\n\t}\n}",
  "OrderByParametro": "desc(?scoreSum ) desc(?fecha)",
  "WhereFacetaParametro": "{\n\tselect ?s\n\twhere \n\t{\n\t\t{\n\t\t\t?s roh:title ?title.\n\t\t\t?title bif:contains \"|||[PARAMETROESPACIOULTIMODIFERENTE]||'[PARAMETROESPACIOIN]' and||'[PARAMETROESPACIOIN]'|||\"\n\t\t}\n\t\tUNION\n\t\t{\n\t\t\t?s roh:text ?text.\n\t\t\t?text bif:contains \"|||[PARAMETROESPACIOULTIMODIFERENTE]||'[PARAMETROESPACIOIN]' and||'[PARAMETROESPACIOIN]'|||\"\n\t\t}\t\t\n\t\tUNION\n\t\t{\n\t\t\t?s roh:document ?document.\n\t\t\t?document roh:title ?docText.\n\t\t\t?docText bif:contains \"|||[PARAMETROESPACIOULTIMODIFERENTE]||'[PARAMETROESPACIOIN]' and||'[PARAMETROESPACIOIN]'|||\"\n\t\t}\n\t\tUNION\n\t\t{\n\t\t\t?s roh:researchobject ?researchobject.\n\t\t\t?researchobject roh:title ?rohText.\n\t\t\t?rohText bif:contains \"|||[PARAMETROESPACIOULTIMODIFERENTE]||'[PARAMETROESPACIOIN]' and||'[PARAMETROESPACIOIN]'|||\"\n\t\t}\n\t}\n}",
  "Nueva": false,
  "Deleted": false,
  "OmitirRdftype": false
}