{
  "NombreParametro": "searchColaboradoresPorGrupo",
  "WhereParametro": "{\n\tSELECT DISTINCT ?s\n\tWHERE \n\t{\t\n                ?s a 'person'\t\n\t\t{\n\t\t\t{\n\t\t\t\t#Documentos\n\t\t\t\tSELECT *\n\t\t\t\tWHERE {\n\t\t\t\t\t?documento <http://w3id.org/roh/isProducedBy> <http://gnoss/[PARAMETRO]>.\n\t\t\t\t\t?documento a 'document'.\n\t\t\t\t\t?documento <http://purl.org/ontology/bibo/authorList> ?listaAutores.\n\t\t\t\t\t?listaAutores <http://www.w3.org/1999/02/22-rdf-syntax-ns#member> ?s.\n\t\t\t\t}\n\t\t\t} \n\t\t\tUNION \n\t\t\t{\n\t\t\t\t#Proyectos\n\t\t\t\tSELECT *\n\t\t\t\tWHERE {\n\t\t\t\t\t?proy <http://w3id.org/roh/publicGroupList> <http://gnoss/[PARAMETRO]>.\n\t\t\t\t\t?proy a 'project'.\n\t\t\t\t\t?proy ?propRol ?role.\n\t\t\t\t\tFILTER(?propRol in (<http://vivoweb.org/ontology/core#relates>,<http://w3id.org/roh/mainResearchers>))\n\t\t\t\t\t?role <http://www.w3.org/1999/02/22-rdf-syntax-ns#member> ?s.\n\t\t\t\t}\n\t\t\t}\n\t\t}\t\t\n\t\tMINUS\n\t\t{\n\t\t\t?s <http://vivoweb.org/ontology/core#relates> <http://gnoss/[PARAMETRO]>\n\t\t}\n\t}\n}",
  "OrderByParametro": "",
  "WhereFacetaParametro": "",
  "Nueva": false,
  "Deleted": false,
  "OmitirRdftype": false
}