{
  "NombreParametro": "searcherPersonsOffers",
  "WhereParametro": "{\t\t\tselect ?s count(distinct ?tag) as ?scoreOffer \n                        where \n\t\t\t{\n\t\t\t\t?doc a 'document'.\n\t\t\t\t?doc <http://w3id.org/roh/isValidated> 'true'.\n\t\t\t\t?doc <http://purl.org/ontology/bibo/authorList> ?authorList.\n\t\t\t\t?authorList <http://www.w3.org/1999/02/22-rdf-syntax-ns#member> ?s.\n\t\t\t\t?s a 'person'.\n\t\t\t\t?s <http://w3id.org/roh/isActive> 'true'.\n\t\t\t\t{\n\t\t\t\t\t?doc <http://vivoweb.org/ontology/core#freeTextKeyword>  ?keywordO.\n\t\t\t\t\t?keywordO <http://w3id.org/roh/title> ?tag.\n\t\t\t\t\tFILTER(?tag in([PARAMETRO]))\n\t\t\t\t}\n\t\t\t}\n}",
  "OrderByParametro": "desc ( ?scoreOffer)  desc ( ?s) ",
  "WhereFacetaParametro": "",
  "Nueva": false,
  "Deleted": false,
  "OmitirRdftype": false
}