{
  "NombreParametro": "searcherPersonsLikePrueba",
  "WhereParametro": "{\n\tselect ?s ?scoreNamePerson where \n\t{\n\t\t{\n\t\t\t?s foaf:name ?namePerson.\n                        |||[PARAMETROESPACIOULTIMODIFERENTELIKE]||FILTER ( regex(?namePerson ,\"(^| |.|-|,)[PARAMETROESPACIOIN]($| |.|-|,)\", \"i\")) ||FILTER ( regex(?namePerson ,\"(^| |.|-|,)[PARAMETROESPACIOIN]($| |.|-|,)\", \"i\"))|||\t\t\t\n\t\t\tBIND(1 as ?scoreNamePerson )\n\t\t}\n\t}\n}",
  "OrderByParametro": "desc(?scoreNamePerson )",
  "WhereFacetaParametro": "{\n\tselect ?s where \n\t{\n\t\t{\n\t\t\t?s foaf:name ?namePerson.\n\t\t\t |||[PARAMETROESPACIOULTIMODIFERENTELIKE]||FILTER ( regex(?namePerson ,\"(^| |.|-|,)[PARAMETROESPACIOIN]($| |.|-|,)\", \"i\")) ||FILTER ( regex(?namePerson ,\"(^| |.|-|,)[PARAMETROESPACIOIN]($| |.|-|,)\", \"i\"))|||\t\t\t\n\t\t}\n\t}\n}",
  "Nueva": false,
  "Deleted": false,
  "OmitirRdftype": false
}