{
  "NombreParametro": "searcherOffers",
  "WhereParametro": "{\n\tselect ?s ?scoreTitle ?scoreAbstract ?scoreSearch ?scoreNamePerson where \n\t{\n\t\t?s a 'offer'\n\t\t{\n\t\t\t?s <http://www.schema.org/name> ?title.\n\t\t\t?title bif:contains \"|||[PARAMETROESPACIOULTIMODIFERENTE]||'[PARAMETROESPACIOIN]' and||'[PARAMETROESPACIOIN]'|||\"\n\t\t\tBIND(10000 as ?scoreTitle)\n\t\t}\n\t\tUNION\n\t\t{\n\t\t\t?s roh:search ?search.\n\t\t\t?search bif:contains \"|||[PARAMETROESPACIOULTIMODIFERENTE]||'[PARAMETROESPACIOIN]' and||'[PARAMETROESPACIOIN]'|||\"\n\t\t\tBIND(100 as ?scoreSearch)\n\t\t}\n\t\tUNION\n\t\t{\n\t\t\t?person  a 'person'.\n\t\t\t?s roh:researchers ?person.\n\t\t\t?person foaf:name ?namePerson.\n\t\t\t?namePerson bif:contains \"|||[PARAMETROESPACIOULTIMODIFERENTE]||'[PARAMETROESPACIOIN]' and||'[PARAMETROESPACIOIN]'|||\"\n\t\t\tBIND(1 as ?scoreNamePerson )\n\t\t}\n\t}\n}",
  "OrderByParametro": "desc(?scoreTitle ) desc(?scoreAbstract ) desc(?scoreSearch) desc(?scoreNamePerson )",
  "WhereFacetaParametro": "{\n\tselect ?s\n\t{\n\t\t?s a 'offer'\n\t\t{\n\t\t\t?s <http://www.schema.org/name> ?title.\n\t\t\t?title bif:contains \"|||[PARAMETROESPACIOULTIMODIFERENTE]||'[PARAMETROESPACIOIN]' and||'[PARAMETROESPACIOIN]'|||\"\n\t\t}UNION\n\t\t{\n\t\t\t?s roh:search ?search.\n\t\t\t?search bif:contains \"|||[PARAMETROESPACIOULTIMODIFERENTE]||'[PARAMETROESPACIOIN]' and||'[PARAMETROESPACIOIN]'|||\"\n\t\t}\t\n\t\tUNION\n\t\t{\n                        ?person  a 'person'.\n                         ?s roh:researchers ?person.\n\t\t\t?person foaf:name ?namePerson.\n\t\t\t?namePerson bif:contains \"|||[PARAMETROESPACIOULTIMODIFERENTE]||'[PARAMETROESPACIOIN]' and||'[PARAMETROESPACIOIN]'|||\"\n\t\t}\n\t}\n}",
  "Nueva": false,
  "Deleted": false,
  "OmitirRdftype": false
}