{
  "NombreParametro": "searchRelacionadosDocumentoIn",
  "WhereParametro": "      |||||[PARAMETROSEPARADORULTIMODIFERENTE]||||@@@@||||\n\t\t{\n\t\t\tselect ?s ?score where{\n\t\t\t\t?s a 'document'.\t\n\t\t\t\t|||[PARAMETROSEPARADORULTIMODIFERENTE]||@@@||\n\t\t\t\tFILTER(?s=[PARAMETROSEPARADORIN])\n\t\t\t\t||\n\t\t\t\tBIND([PARAMETROSEPARADORIN] as ?score)\n\t\t\t\t|||\n\t\t\t}\n\t\t}UNION||||\n\t\t{\n\t\t\tselect ?s ?score where{\n\t\t\t\t?s a 'document'.\n\t\t\t\t|||[PARAMETROSEPARADORULTIMODIFERENTE]||@@@||\n\t\t\t\tFILTER(?s=[PARAMETROSEPARADORIN])\n\t\t\t\t||\n\t\t\t\tBIND([PARAMETROSEPARADORIN] as ?score)\n\t\t\t\t|||\n\t\t\t}\n\t\t}\n\t\t|||||",
  "OrderByParametro": "desc (?score)",
  "WhereFacetaParametro": "",
  "Nueva": false,
  "Deleted": false,
  "OmitirRdftype": false
}