{
  "NombreParametro": "searcherPersons",
  "WhereParametro": "{\n\tselect ?s ?scoreNamePerson where \n\t{\n\t\t{\n\t\t\t?s foaf:name ?namePerson.\n\t\t\t?namePerson bif:contains \"|||[PARAMETROESPACIOULTIMODIFERENTE]||'[PARAMETROESPACIOIN]' and||'[PARAMETROESPACIOIN]'|||\"\n\t\t\tBIND(1 as ?scoreNamePerson )\n\t\t}\n\t}\n}",
  "OrderByParametro": "desc(?scoreNamePerson )",
  "WhereFacetaParametro": "{\n\tselect ?s where \n\t{\n\t\t{\n\t\t\t?s foaf:name ?namePerson.\n\t\t\t?namePerson bif:contains \"|||[PARAMETROESPACIOULTIMODIFERENTE]||'[PARAMETROESPACIOIN]' and||'[PARAMETROESPACIOIN]'|||\"\n\t\t}\n\t}\n}",
  "Nueva": false,
  "Deleted": false,
  "OmitirRdftype": false
}