{
  "NombreParametro": "selectRODocument",
  "WhereParametro": "{\n\tSELECT ?s\n\tWHERE\n\t{\t\t\n\t\t{\n\t\t\t?s a 'researchobject'.\n\t\t\t# ?s <http://w3id.org/roh/isValidated> 'false'.\n                        # FILTER(?person=<[PARAMETRO]>)\n\t\t\t?person <http://w3id.org/roh/gnossUser> <http://gnoss/[PARAMETRO]>.\n\t\t \t?s <http://purl.org/ontology/bibo/authorList> ?list.\n\t\t \t?list <http://www.w3.org/1999/02/22-rdf-syntax-ns#member> ?person.\n\t\t}\n                UNION\n\t\t{\n\t\t\t?s a 'document'.\n\t\t\t# ?s <http://w3id.org/roh/isValidated> 'false'.\n                        # FILTER(?person=<[PARAMETRO]>)\n\t\t\t?person <http://w3id.org/roh/gnossUser> <http://gnoss/[PARAMETRO]>.\n\t\t \t?s <http://purl.org/ontology/bibo/authorList> ?list.\n\t\t \t?list <http://www.w3.org/1999/02/22-rdf-syntax-ns#member> ?person.\n\t\t}\n\t}\n}",
  "OrderByParametro": "",
  "WhereFacetaParametro": "",
  "Nueva": false,
  "Deleted": false,
  "OmitirRdftype": false
}