{
  "Key": "036074ee-cfd5-4f86-9763-1be697be34a3",
  "Name": "Ofertas tecnológicas@es|||",
  "EsNombrePorDefecto": false,
  "Url": "buscador-ofertas-tecnologicas@es|||",
  "EsUrlPorDefecto": false,
  "ShortName": "036074ee-cfd5-4f86-9763-1be697be34a3",
  "ClassCSSBody": "buscador-ofertas-tecnologicas",
  "Type": 9,
  "Active": true,
  "Deleted": false,
  "Modified": true,
  "Nueva": false,
  "Visible": true,
  "VisibleSinAcceso": false,
  "OpenInNewWindow": false,
  "Privacidad": 0,
  "PrivacidadPerfiles": null,
  "PrivacidadGrupos": null,
  "HtmlAlternativoPrivacidad": null,
  "ParentTabKey": "00000000-0000-0000-0000-000000000000",
  "Order": 15,
  "HomeCMS": null,
  "MetaDescription": null,
  "OpcionesBusqueda": {
    "ValoresPorDefecto": false,
    "CampoFiltro": "rdf:type=offer|schema:availability=http://gnoss.com/items/offerstate_003",
    "FiltrosOrden": [],
    "GruposConfiguracion": null,
    "OpcionesVistas": {
      "VistaPorDefecto": 0,
      "VistaListado": true,
      "VistaMosaico": false,
      "VistaMapa": false,
      "VistaGrafico": false,
      "PosicionCentralMapa": null
    },
    "NumeroResultados": 10,
    "MostrarFacetas": true,
    "AgruparFacetasPorTipo": false,
    "MostrarEnBusquedaCabecera": true,
    "MostrarCajaBusqueda": true,
    "ProyectoOrigenBusqueda": "00000000-0000-0000-0000-000000000000",
    "OcultarResultadosSinFiltros": false,
    "TextoBusquedaSinResultados": "",
    "IgnorarPrivacidadEnBusqueda": true,
    "OmitirCargaInicialFacetasResultados": false,
    "RelacionMandatory": null
  },
  "ListaIdiomasDisponibles": null,
  "ListaExportaciones": [],
  "ListaFacetas": []
}