{
  "Key": "09e50873-336a-4e4e-b1e0-3ed31db6415b",
  "Name": "Clusters@es|||",
  "EsNombrePorDefecto": false,
  "Url": "listado-cluster@es|||",
  "EsUrlPorDefecto": false,
  "ShortName": "09e50873-336a-4e4e-b1e0-3ed31db6415b",
  "ClassCSSBody": "",
  "Type": 8,
  "Active": true,
  "Deleted": false,
  "Modified": true,
  "Nueva": false,
  "Visible": true,
  "VisibleSinAcceso": false,
  "OpenInNewWindow": false,
  "Privacidad": 0,
  "PrivacidadPerfiles": null,
  "PrivacidadGrupos": null,
  "HtmlAlternativoPrivacidad": null,
  "ParentTabKey": "00000000-0000-0000-0000-000000000000",
  "Order": 13,
  "HomeCMS": null,
  "MetaDescription": null,
  "OpcionesBusqueda": null,
  "ListaIdiomasDisponibles": null,
  "ListaExportaciones": null,
  "ListaFacetas": []
}