{
  "Key": "167b0af9-2299-4dd4-a889-8c36d6d2e43b",
  "Name": "Grupos de investigación@es|||",
  "EsNombrePorDefecto": false,
  "Url": "buscador-grupos-de-investigacion@es|||",
  "EsUrlPorDefecto": false,
  "ShortName": "167b0af9-2299-4dd4-a889-8c36d6d2e43b",
  "ClassCSSBody": "",
  "Type": 9,
  "Active": true,
  "Deleted": false,
  "Modified": true,
  "Nueva": false,
  "Visible": true,
  "VisibleSinAcceso": false,
  "OpenInNewWindow": false,
  "Privacidad": 0,
  "PrivacidadPerfiles": null,
  "PrivacidadGrupos": null,
  "HtmlAlternativoPrivacidad": null,
  "ParentTabKey": "00000000-0000-0000-0000-000000000000",
  "Order": 6,
  "HomeCMS": null,
  "MetaDescription": null,
  "OpcionesBusqueda": {
    "ValoresPorDefecto": false,
    "CampoFiltro": "rdf:type=group|roh:isValidated=true",
    "FiltrosOrden": [
      {
        "Nombre": "Alfabético ascendente@es|||",
        "Filtro": "roh:title|asc",
        "Orden": 0,
        "Deleted": false
      },
      {
        "Nombre": "Alfabético descendente@es|||",
        "Filtro": "roh:title|desc",
        "Orden": 1,
        "Deleted": false
      }
    ],
    "GruposConfiguracion": null,
    "OpcionesVistas": {
      "VistaPorDefecto": 0,
      "VistaListado": true,
      "VistaMosaico": false,
      "VistaMapa": false,
      "VistaGrafico": false,
      "PosicionCentralMapa": null
    },
    "NumeroResultados": 10,
    "MostrarFacetas": true,
    "AgruparFacetasPorTipo": false,
    "MostrarEnBusquedaCabecera": true,
    "MostrarCajaBusqueda": true,
    "ProyectoOrigenBusqueda": "00000000-0000-0000-0000-000000000000",
    "OcultarResultadosSinFiltros": false,
    "TextoBusquedaSinResultados": "",
    "IgnorarPrivacidadEnBusqueda": true,
    "OmitirCargaInicialFacetasResultados": false,
    "RelacionMandatory": null
  },
  "ListaIdiomasDisponibles": null,
  "ListaExportaciones": [],
  "ListaFacetas": []
}