{
  "Key": "1ed82717-9e83-4a59-b6f4-525731c8bb87",
  "Name": "Mis ofertas tecnológicas@es|||",
  "EsNombrePorDefecto": false,
  "Url": "mis-ofertas-tecnologicas@es|||",
  "EsUrlPorDefecto": false,
  "ShortName": "1ed82717-9e83-4a59-b6f4-525731c8bb87",
  "ClassCSSBody": "",
  "Type": 8,
  "Active": true,
  "Deleted": false,
  "Modified": true,
  "Nueva": false,
  "Visible": true,
  "VisibleSinAcceso": false,
  "OpenInNewWindow": false,
  "Privacidad": 0,
  "PrivacidadPerfiles": null,
  "PrivacidadGrupos": null,
  "HtmlAlternativoPrivacidad": null,
  "ParentTabKey": "00000000-0000-0000-0000-000000000000",
  "Order": 16,
  "HomeCMS": null,
  "MetaDescription": null,
  "OpcionesBusqueda": null,
  "ListaIdiomasDisponibles": null,
  "ListaExportaciones": null,
  "ListaFacetas": []
}