{
  "Key": "3a53b7ff-bdb3-4f39-afa0-c71fa4966f4b",
  "Name": "Mis Anotaciones@es|||",
  "EsNombrePorDefecto": false,
  "Url": "gestion-anotaciones@es|||",
  "EsUrlPorDefecto": false,
  "ShortName": "3a53b7ff-bdb3-4f39-afa0-c71fa4966f4b",
  "ClassCSSBody": "ed_habilitado",
  "Type": 9,
  "Active": true,
  "Deleted": false,
  "Modified": true,
  "Nueva": false,
  "Visible": true,
  "VisibleSinAcceso": false,
  "OpenInNewWindow": false,
  "Privacidad": 0,
  "PrivacidadPerfiles": null,
  "PrivacidadGrupos": null,
  "HtmlAlternativoPrivacidad": null,
  "ParentTabKey": "00000000-0000-0000-0000-000000000000",
  "Order": 20,
  "HomeCMS": null,
  "MetaDescription": null,
  "OpcionesBusqueda": {
    "ValoresPorDefecto": false,
    "CampoFiltro": "rdf:type=annotation|roh:owner@@@roh:gnossUser=GETUSUARIOID()sinCache=true",
    "FiltrosOrden": [
      {
        "Nombre": "Filtrado por fecha descendente@es|||",
        "Filtro": "roh:dateIssued|desc",
        "Orden": 0,
        "Deleted": false
      },
      {
        "Nombre": "Filtrado por fecha ascendente@es|||",
        "Filtro": "roh:dateIssued|asc",
        "Orden": 1,
        "Deleted": false
      }
    ],
    "GruposConfiguracion": null,
    "OpcionesVistas": {
      "VistaPorDefecto": 0,
      "VistaListado": true,
      "VistaMosaico": false,
      "VistaMapa": false,
      "VistaGrafico": false,
      "PosicionCentralMapa": null
    },
    "NumeroResultados": 10,
    "MostrarFacetas": true,
    "AgruparFacetasPorTipo": false,
    "MostrarEnBusquedaCabecera": true,
    "MostrarCajaBusqueda": true,
    "ProyectoOrigenBusqueda": "00000000-0000-0000-0000-000000000000",
    "OcultarResultadosSinFiltros": false,
    "TextoBusquedaSinResultados": "",
    "IgnorarPrivacidadEnBusqueda": true,
    "OmitirCargaInicialFacetasResultados": false,
    "RelacionMandatory": null
  },
  "ListaIdiomasDisponibles": null,
  "ListaExportaciones": [],
  "ListaFacetas": []
}