{
  "Key": "41264f42-697c-4411-af81-25963beff1fb",
  "Name": "No existe investigador@es|||",
  "EsNombrePorDefecto": false,
  "Url": "notexistsmail ma_habilitado ed_habilitado@es|||",
  "EsUrlPorDefecto": false,
  "ShortName": "41264f42-697c-4411-af81-25963beff1fb",
  "ClassCSSBody": "",
  "Type": 8,
  "Active": true,
  "Deleted": false,
  "Modified": true,
  "Nueva": false,
  "Visible": true,
  "VisibleSinAcceso": false,
  "OpenInNewWindow": false,
  "Privacidad": 0,
  "PrivacidadPerfiles": null,
  "PrivacidadGrupos": null,
  "HtmlAlternativoPrivacidad": null,
  "ParentTabKey": "00000000-0000-0000-0000-000000000000",
  "Order": 13,
  "HomeCMS": null,
  "MetaDescription": null,
  "OpcionesBusqueda": null,
  "ListaIdiomasDisponibles": null,
  "ListaExportaciones": null,
  "ListaFacetas": []
}