{
  "Key": "41d15a05-b76c-4653-9753-f5c428ebf354",
  "Name": "Gestión de ofertas tecnológicas@es|||",
  "EsNombrePorDefecto": false,
  "Url": "gestion-ofertas-tecnologicas@es|||",
  "EsUrlPorDefecto": false,
  "ShortName": "41d15a05-b76c-4653-9753-f5c428ebf354",
  "ClassCSSBody": "gestorOfertaTech ma_habilitado",
  "Type": 8,
  "Active": true,
  "Deleted": false,
  "Modified": true,
  "Nueva": false,
  "Visible": true,
  "VisibleSinAcceso": false,
  "OpenInNewWindow": false,
  "Privacidad": 0,
  "PrivacidadPerfiles": null,
  "PrivacidadGrupos": null,
  "HtmlAlternativoPrivacidad": null,
  "ParentTabKey": "00000000-0000-0000-0000-000000000000",
  "Order": 19,
  "HomeCMS": null,
  "MetaDescription": null,
  "OpcionesBusqueda": null,
  "ListaIdiomasDisponibles": null,
  "ListaExportaciones": null,
  "ListaFacetas": []
}