{
  "Key": "4571807a-a095-4766-a762-1cdccbcc2815",
  "Name": "Nueva oferta tecnológica@es|||",
  "EsNombrePorDefecto": false,
  "Url": "nueva-oferta-tecnologica@es|||",
  "EsUrlPorDefecto": false,
  "ShortName": "4571807a-a095-4766-a762-1cdccbcc2815",
  "ClassCSSBody": "edicionOfertaTecnologica ma_habilitado",
  "Type": 8,
  "Active": true,
  "Deleted": false,
  "Modified": true,
  "Nueva": false,
  "Visible": true,
  "VisibleSinAcceso": false,
  "OpenInNewWindow": false,
  "Privacidad": 0,
  "PrivacidadPerfiles": null,
  "PrivacidadGrupos": null,
  "HtmlAlternativoPrivacidad": null,
  "ParentTabKey": "00000000-0000-0000-0000-000000000000",
  "Order": 18,
  "HomeCMS": null,
  "MetaDescription": null,
  "OpcionesBusqueda": null,
  "ListaIdiomasDisponibles": null,
  "ListaExportaciones": null,
  "ListaFacetas": []
}