{
  "Key": "51182dfb-d5b2-4d13-8595-a3949028837b",
  "Name": "Proyectos@es|||",
  "EsNombrePorDefecto": false,
  "Url": "buscador-proyectos@es|||",
  "EsUrlPorDefecto": false,
  "ShortName": "51182dfb-d5b2-4d13-8595-a3949028837b",
  "ClassCSSBody": "ma_habilitado",
  "Type": 9,
  "Active": true,
  "Deleted": false,
  "Modified": true,
  "Nueva": false,
  "Visible": true,
  "VisibleSinAcceso": false,
  "OpenInNewWindow": false,
  "Privacidad": 0,
  "PrivacidadPerfiles": null,
  "PrivacidadGrupos": null,
  "HtmlAlternativoPrivacidad": null,
  "ParentTabKey": "00000000-0000-0000-0000-000000000000",
  "Order": 4,
  "HomeCMS": null,
  "MetaDescription": null,
  "OpcionesBusqueda": {
    "ValoresPorDefecto": false,
    "CampoFiltro": "rdf:type=project|roh:isValidated=true",
    "FiltrosOrden": [
      {
        "Nombre": "Fecha de inicio descendente@es|||",
        "Filtro": "vivo:start|desc",
        "Orden": 0,
        "Deleted": false
      },
      {
        "Nombre": "Fecha de inicio ascendente@es|||",
        "Filtro": "vivo:start|asc",
        "Orden": 1,
        "Deleted": false
      },
      {
        "Nombre": "Fecha de fin descendente@es|||",
        "Filtro": "vivo:end|desc",
        "Orden": 2,
        "Deleted": false
      },
      {
        "Nombre": "Fecha de fin ascendente@es|||",
        "Filtro": "vivo:end|asc",
        "Orden": 3,
        "Deleted": false
      }
    ],
    "GruposConfiguracion": null,
    "OpcionesVistas": {
      "VistaPorDefecto": 0,
      "VistaListado": true,
      "VistaMosaico": false,
      "VistaMapa": false,
      "VistaGrafico": false,
      "PosicionCentralMapa": null
    },
    "NumeroResultados": 10,
    "MostrarFacetas": true,
    "AgruparFacetasPorTipo": false,
    "MostrarEnBusquedaCabecera": true,
    "MostrarCajaBusqueda": true,
    "ProyectoOrigenBusqueda": "00000000-0000-0000-0000-000000000000",
    "OcultarResultadosSinFiltros": false,
    "TextoBusquedaSinResultados": "",
    "IgnorarPrivacidadEnBusqueda": true,
    "OmitirCargaInicialFacetasResultados": false,
    "RelacionMandatory": null
  },
  "ListaIdiomasDisponibles": null,
  "ListaExportaciones": [],
  "ListaFacetas": []
}