{
  "Key": "65d83f50-542b-4f1e-993a-758431fdfac1",
  "Name": null,
  "EsNombrePorDefecto": true,
  "Url": null,
  "EsUrlPorDefecto": true,
  "ShortName": "65d83f50-542b-4f1e-993a-758431fdfac1",
  "ClassCSSBody": "home-ma",
  "Type": 0,
  "Active": true,
  "Deleted": false,
  "Modified": true,
  "Nueva": false,
  "Visible": true,
  "VisibleSinAcceso": false,
  "OpenInNewWindow": false,
  "Privacidad": 0,
  "PrivacidadPerfiles": null,
  "PrivacidadGrupos": null,
  "HtmlAlternativoPrivacidad": null,
  "ParentTabKey": "00000000-0000-0000-0000-000000000000",
  "Order": 0,
  "HomeCMS": {
    "HomeTodosUsuarios": true,
    "HomeMiembros": false,
    "HomeNoMiembros": false
  },
  "MetaDescription": null,
  "OpcionesBusqueda": null,
  "ListaIdiomasDisponibles": null,
  "ListaExportaciones": null,
  "ListaFacetas": []
}