{
  "Key": "6ed742ed-7eb9-47e9-8315-9ba4cd39510b",
  "Name": "Importar CV@es|||",
  "EsNombrePorDefecto": false,
  "Url": "importar-cv@es|||",
  "EsUrlPorDefecto": false,
  "ShortName": "6ed742ed-7eb9-47e9-8315-9ba4cd39510b",
  "ClassCSSBody": "page-cv importar-exportar-cv",
  "Type": 8,
  "Active": true,
  "Deleted": false,
  "Modified": true,
  "Nueva": false,
  "Visible": true,
  "VisibleSinAcceso": false,
  "OpenInNewWindow": false,
  "Privacidad": 0,
  "PrivacidadPerfiles": null,
  "PrivacidadGrupos": null,
  "HtmlAlternativoPrivacidad": null,
  "ParentTabKey": "00000000-0000-0000-0000-000000000000",
  "Order": 18,
  "HomeCMS": null,
  "MetaDescription": null,
  "OpcionesBusqueda": null,
  "ListaIdiomasDisponibles": null,
  "ListaExportaciones": null,
  "ListaFacetas": []
}