{
  "Key": "721b27aa-4cc6-488f-bcd7-49705fa1d7b0",
  "Name": "Nuevo Cluster@es|||",
  "EsNombrePorDefecto": false,
  "Url": "nuevo-cluster@es|||",
  "EsUrlPorDefecto": false,
  "ShortName": "721b27aa-4cc6-488f-bcd7-49705fa1d7b0",
  "ClassCSSBody": "edicionRecurso edicionCluster",
  "Type": 8,
  "Active": true,
  "Deleted": false,
  "Modified": true,
  "Nueva": false,
  "Visible": false,
  "VisibleSinAcceso": false,
  "OpenInNewWindow": false,
  "Privacidad": 0,
  "PrivacidadPerfiles": null,
  "PrivacidadGrupos": null,
  "HtmlAlternativoPrivacidad": null,
  "ParentTabKey": "00000000-0000-0000-0000-000000000000",
  "Order": 12,
  "HomeCMS": null,
  "MetaDescription": null,
  "OpcionesBusqueda": null,
  "ListaIdiomasDisponibles": null,
  "ListaExportaciones": null,
  "ListaFacetas": []
}