{
  "Key": "72cb6dea-67c5-4e21-b61d-61038e5f16a1",
  "Name": "Exportar CV@es|||",
  "EsNombrePorDefecto": false,
  "Url": "exportar-cv@es|||",
  "EsUrlPorDefecto": false,
  "ShortName": "72cb6dea-67c5-4e21-b61d-61038e5f16a1",
  "ClassCSSBody": "page-cv importar-exportar-cv",
  "Type": 8,
  "Active": true,
  "Deleted": false,
  "Modified": true,
  "Nueva": false,
  "Visible": true,
  "VisibleSinAcceso": false,
  "OpenInNewWindow": false,
  "Privacidad": 0,
  "PrivacidadPerfiles": null,
  "PrivacidadGrupos": null,
  "HtmlAlternativoPrivacidad": null,
  "ParentTabKey": "00000000-0000-0000-0000-000000000000",
  "Order": 17,
  "HomeCMS": null,
  "MetaDescription": null,
  "OpcionesBusqueda": null,
  "ListaIdiomasDisponibles": null,
  "ListaExportaciones": null,
  "ListaFacetas": []
}