{
  "Key": "75fe6729-b7b9-4c2e-93b0-530816d34667",
  "Name": "Home ED@es|||",
  "EsNombrePorDefecto": false,
  "Url": "homeed@es|||",
  "EsUrlPorDefecto": false,
  "ShortName": "75fe6729-b7b9-4c2e-93b0-530816d34667",
  "ClassCSSBody": "page-alertas ed_habilitado",
  "Type": 8,
  "Active": true,
  "Deleted": false,
  "Modified": true,
  "Nueva": false,
  "Visible": true,
  "VisibleSinAcceso": false,
  "OpenInNewWindow": false,
  "Privacidad": 0,
  "PrivacidadPerfiles": null,
  "PrivacidadGrupos": null,
  "HtmlAlternativoPrivacidad": null,
  "ParentTabKey": "00000000-0000-0000-0000-000000000000",
  "Order": 21,
  "HomeCMS": null,
  "MetaDescription": null,
  "OpcionesBusqueda": null,
  "ListaIdiomasDisponibles": null,
  "ListaExportaciones": null,
  "ListaFacetas": []
}