{
  "Key": "8c83445b-6d2c-41f1-a1d8-c6c68ff51503",
  "Name": "Gestión de ROs@es|||",
  "EsNombrePorDefecto": false,
  "Url": "gestionros@es|||",
  "EsUrlPorDefecto": false,
  "ShortName": "8c83445b-6d2c-41f1-a1d8-c6c68ff51503",
  "ClassCSSBody": "ed_habilitado ",
  "Type": 9,
  "Active": true,
  "Deleted": false,
  "Modified": true,
  "Nueva": false,
  "Visible": true,
  "VisibleSinAcceso": false,
  "OpenInNewWindow": false,
  "Privacidad": 0,
  "PrivacidadPerfiles": null,
  "PrivacidadGrupos": null,
  "HtmlAlternativoPrivacidad": null,
  "ParentTabKey": "00000000-0000-0000-0000-000000000000",
  "Order": 7,
  "HomeCMS": null,
  "MetaDescription": null,
  "OpcionesBusqueda": {
    "ValoresPorDefecto": false,
    "CampoFiltro": "rdf:type=document|rdf:type=researchobject|bibo:authorList@@@rdf:member@@@roh:gnossUser=GETUSUARIOID()sinCache=true",
    "FiltrosOrden": [
      {
        "Nombre": "Fecha descendente@es|||",
        "Filtro": "dct:issued|desc",
        "Orden": 0,
        "Deleted": false
      },
      {
        "Nombre": "Fecha ascendente@es|||",
        "Filtro": "dct:issued|asc",
        "Orden": 1,
        "Deleted": false
      }
    ],
    "GruposConfiguracion": null,
    "OpcionesVistas": {
      "VistaPorDefecto": 0,
      "VistaListado": true,
      "VistaMosaico": false,
      "VistaMapa": false,
      "VistaGrafico": false,
      "PosicionCentralMapa": null
    },
    "NumeroResultados": 10,
    "MostrarFacetas": true,
    "AgruparFacetasPorTipo": false,
    "MostrarEnBusquedaCabecera": true,
    "MostrarCajaBusqueda": true,
    "ProyectoOrigenBusqueda": "00000000-0000-0000-0000-000000000000",
    "OcultarResultadosSinFiltros": false,
    "TextoBusquedaSinResultados": "",
    "IgnorarPrivacidadEnBusqueda": true,
    "OmitirCargaInicialFacetasResultados": false,
    "RelacionMandatory": null
  },
  "ListaIdiomasDisponibles": null,
  "ListaExportaciones": [],
  "ListaFacetas": []
}