{
  "Key": "a619edbd-5597-410f-a43b-373237501f41",
  "Name": "Indicadores@es|||",
  "EsNombrePorDefecto": false,
  "Url": "indicadores@es|||",
  "EsUrlPorDefecto": false,
  "ShortName": "a619edbd-5597-410f-a43b-373237501f41",
  "ClassCSSBody": "vista-grafico listado ma_habilitado",
  "Type": 8,
  "Active": true,
  "Deleted": false,
  "Modified": true,
  "Nueva": false,
  "Visible": true,
  "VisibleSinAcceso": false,
  "OpenInNewWindow": false,
  "Privacidad": 0,
  "PrivacidadPerfiles": null,
  "PrivacidadGrupos": null,
  "HtmlAlternativoPrivacidad": null,
  "ParentTabKey": "00000000-0000-0000-0000-000000000000",
  "Order": 9,
  "HomeCMS": null,
  "MetaDescription": null,
  "OpcionesBusqueda": null,
  "ListaIdiomasDisponibles": null,
  "ListaExportaciones": null,
  "ListaFacetas": []
}