{
  "Key": "b2e6bdc2-b510-42cc-86ff-197707284878",
  "Name": "Indicadores personales@es|||",
  "EsNombrePorDefecto": false,
  "Url": "indicadores-personales@es|||",
  "EsUrlPorDefecto": false,
  "ShortName": "b2e6bdc2-b510-42cc-86ff-197707284878",
  "ClassCSSBody": "vista-grafico listado",
  "Type": 8,
  "Active": true,
  "Deleted": false,
  "Modified": true,
  "Nueva": false,
  "Visible": true,
  "VisibleSinAcceso": false,
  "OpenInNewWindow": false,
  "Privacidad": 0,
  "PrivacidadPerfiles": null,
  "PrivacidadGrupos": null,
  "HtmlAlternativoPrivacidad": null,
  "ParentTabKey": "00000000-0000-0000-0000-000000000000",
  "Order": 11,
  "HomeCMS": null,
  "MetaDescription": null,
  "OpcionesBusqueda": null,
  "ListaIdiomasDisponibles": null,
  "ListaExportaciones": null,
  "ListaFacetas": []
}