{
  "Key": "c1bdb11d-aa1d-4bdc-845a-9bfa12836391",
  "Name": "Redes@es|||",
  "EsNombrePorDefecto": false,
  "Url": "redes@es|||",
  "EsUrlPorDefecto": false,
  "ShortName": "c1bdb11d-aa1d-4bdc-845a-9bfa12836391",
  "ClassCSSBody": "",
  "Type": 8,
  "Active": true,
  "Deleted": false,
  "Modified": true,
  "Nueva": false,
  "Visible": true,
  "VisibleSinAcceso": false,
  "OpenInNewWindow": false,
  "Privacidad": 1,
  "PrivacidadPerfiles": null,
  "PrivacidadGrupos": null,
  "HtmlAlternativoPrivacidad": null,
  "ParentTabKey": "00000000-0000-0000-0000-000000000000",
  "Order": 9,
  "HomeCMS": null,
  "MetaDescription": null,
  "OpcionesBusqueda": null,
  "ListaIdiomasDisponibles": null,
  "ListaExportaciones": null,
  "ListaFacetas": []
}