{
  "Key": "d0cebfa5-449e-4408-a026-624fe58c53f8",
  "Name": "Alertas temp@es|||",
  "EsNombrePorDefecto": false,
  "Url": "alertas-temp@es|||",
  "EsUrlPorDefecto": false,
  "ShortName": "d0cebfa5-449e-4408-a026-624fe58c53f8",
  "ClassCSSBody": "page-alertas",
  "Type": 8,
  "Active": true,
  "Deleted": false,
  "Modified": true,
  "Nueva": false,
  "Visible": true,
  "VisibleSinAcceso": false,
  "OpenInNewWindow": false,
  "Privacidad": 0,
  "PrivacidadPerfiles": null,
  "PrivacidadGrupos": null,
  "HtmlAlternativoPrivacidad": null,
  "ParentTabKey": "00000000-0000-0000-0000-000000000000",
  "Order": 4,
  "HomeCMS": null,
  "MetaDescription": null,
  "OpcionesBusqueda": null,
  "ListaIdiomasDisponibles": null,
  "ListaExportaciones": null,
  "ListaFacetas": []
}