{
  "Key": "d635660b-4126-4a68-a784-53ac2d811616",
  "Name": "Alertas@es|||",
  "EsNombrePorDefecto": false,
  "Url": "alertas@es|||",
  "EsUrlPorDefecto": false,
  "ShortName": "d635660b-4126-4a68-a784-53ac2d811616",
  "ClassCSSBody": "ed_habilitado",
  "Type": 8,
  "Active": true,
  "Deleted": false,
  "Modified": true,
  "Nueva": false,
  "Visible": true,
  "VisibleSinAcceso": false,
  "OpenInNewWindow": false,
  "Privacidad": 0,
  "PrivacidadPerfiles": null,
  "PrivacidadGrupos": null,
  "HtmlAlternativoPrivacidad": null,
  "ParentTabKey": "00000000-0000-0000-0000-000000000000",
  "Order": 3,
  "HomeCMS": null,
  "MetaDescription": null,
  "OpcionesBusqueda": null,
  "ListaIdiomasDisponibles": null,
  "ListaExportaciones": null,
  "ListaFacetas": []
}