{
  "Key": "f0ba215c-1629-456a-a7ac-69b63f4e986f",
  "Name": "Personal investigador@es|||",
  "EsNombrePorDefecto": false,
  "Url": "buscador-personal-investigador@es|||",
  "EsUrlPorDefecto": false,
  "ShortName": "f0ba215c-1629-456a-a7ac-69b63f4e986f",
  "ClassCSSBody": "",
  "Type": 9,
  "Active": true,
  "Deleted": false,
  "Modified": true,
  "Nueva": false,
  "Visible": true,
  "VisibleSinAcceso": false,
  "OpenInNewWindow": false,
  "Privacidad": 0,
  "PrivacidadPerfiles": null,
  "PrivacidadGrupos": null,
  "HtmlAlternativoPrivacidad": null,
  "ParentTabKey": "00000000-0000-0000-0000-000000000000",
  "Order": 2,
  "HomeCMS": null,
  "MetaDescription": null,
  "OpcionesBusqueda": {
    "ValoresPorDefecto": false,
    "CampoFiltro": "rdf:type=person|roh:isActive=true",
    "FiltrosOrden": [
      {
        "Nombre": "Apellidos ascendente@es|||",
        "Filtro": "foaf:lastName|asc",
        "Orden": 0,
        "Deleted": false
      },
      {
        "Nombre": "Apellidos descendentes@es|||",
        "Filtro": "foaf:lastName|desc",
        "Orden": 1,
        "Deleted": false
      }
    ],
    "GruposConfiguracion": null,
    "OpcionesVistas": {
      "VistaPorDefecto": 0,
      "VistaListado": true,
      "VistaMosaico": false,
      "VistaMapa": false,
      "VistaGrafico": false,
      "PosicionCentralMapa": null
    },
    "NumeroResultados": 10,
    "MostrarFacetas": true,
    "AgruparFacetasPorTipo": false,
    "MostrarEnBusquedaCabecera": true,
    "MostrarCajaBusqueda": true,
    "ProyectoOrigenBusqueda": "00000000-0000-0000-0000-000000000000",
    "OcultarResultadosSinFiltros": false,
    "TextoBusquedaSinResultados": "",
    "IgnorarPrivacidadEnBusqueda": true,
    "OmitirCargaInicialFacetasResultados": false,
    "RelacionMandatory": null
  },
  "ListaIdiomasDisponibles": null,
  "ListaExportaciones": [],
  "ListaFacetas": []
}