{
  "Key": "fbf49f72-46a4-46f4-ba4f-00088599f717",
  "Name": "Research Objects@es|||",
  "EsNombrePorDefecto": false,
  "Url": "buscador-researchobjects@es|||",
  "EsUrlPorDefecto": false,
  "ShortName": "fbf49f72-46a4-46f4-ba4f-00088599f717",
  "ClassCSSBody": "",
  "Type": 9,
  "Active": true,
  "Deleted": false,
  "Modified": true,
  "Nueva": false,
  "Visible": true,
  "VisibleSinAcceso": false,
  "OpenInNewWindow": false,
  "Privacidad": 0,
  "PrivacidadPerfiles": null,
  "PrivacidadGrupos": null,
  "HtmlAlternativoPrivacidad": null,
  "ParentTabKey": "00000000-0000-0000-0000-000000000000",
  "Order": 7,
  "HomeCMS": null,
  "MetaDescription": null,
  "OpcionesBusqueda": {
    "ValoresPorDefecto": false,
    "CampoFiltro": "rdf:type=researchobject|roh:isValidated=true",
    "FiltrosOrden": [
      {
        "Nombre": "Fecha descendente@es|||",
        "Filtro": "dct:issued|desc",
        "Orden": 0,
        "Deleted": false
      },
      {
        "Nombre": "Fecha ascendente@es|||",
        "Filtro": "dct:issued|asc",
        "Orden": 1,
        "Deleted": false
      }
    ],
    "GruposConfiguracion": null,
    "OpcionesVistas": {
      "VistaPorDefecto": 0,
      "VistaListado": true,
      "VistaMosaico": false,
      "VistaMapa": false,
      "VistaGrafico": false,
      "PosicionCentralMapa": null
    },
    "NumeroResultados": 10,
    "MostrarFacetas": true,
    "AgruparFacetasPorTipo": false,
    "MostrarEnBusquedaCabecera": true,
    "MostrarCajaBusqueda": true,
    "ProyectoOrigenBusqueda": "00000000-0000-0000-0000-000000000000",
    "OcultarResultadosSinFiltros": false,
    "TextoBusquedaSinResultados": "",
    "IgnorarPrivacidadEnBusqueda": true,
    "OmitirCargaInicialFacetasResultados": false,
    "RelacionMandatory": null
  },
  "ListaIdiomasDisponibles": null,
  "ListaExportaciones": [],
  "ListaFacetas": []
}