{
  "e6666df5-bc36-4df4-87f0-678724dd5fc1": {
    "Item1": "Original",
    "Item2": ""
  },
  "fe799704-29f8-4789-b67d-c2c6941d79ea": {
    "Item1": "Top resources - home MA",
    "Item2": ""
  },
  "addf4aca-9147-4946-8f9b-d23fb07719a2": {
    "Item1": "Listado_Cluster",
    "Item2": ""
  },
  "7d8791c0-3c9c-46fd-8382-f80116087e70": {
    "Item1": "Menu_Home_ED",
    "Item2": ""
  },
  "e4b0f260-6a21-4d2a-8214-517fbd0fa414": {
    "Item1": "Listado_Ofertas",
    "Item2": ""
  },
  "46afd47c-adec-4d99-9047-d782d5fd03e5": {
    "Item1": "Buscador_home",
    "Item2": ""
  },
  "7335a101-f9a2-4ac3-83b4-92d2dd782758": {
    "Item1": "Original",
    "Item2": ""
  },
  "3781d655-c097-46e3-b8ed-bd23d2ec6d21": {
    "Item1": "ExportadorCV",
    "Item2": ""
  },
  "cc429e2d-69b5-4e2f-86f1-8e4589f07e5c": {
    "Item1": "Listado mis ofertas",
    "Item2": ""
  },
  "29a986ea-390c-48fd-9972-1dae97ef0d3c": {
    "Item1": "ListadoRecursosHomeEd",
    "Item2": ""
  },
  "fd5352c6-5f78-4254-85b9-d7df7976aa9a": {
    "Item1": "Redes",
    "Item2": ""
  },
  "675df83d-c67d-490c-afce-744e9b0bfb40": {
    "Item1": "ItemRecursoHomeED",
    "Item2": ""
  },
  "9fb0b25d-3156-417d-a802-4092ab6d2a2c": {
    "Item1": "CreacionOferta",
    "Item2": ""
  },
  "83ab0e8a-998d-41b1-9502-b33f5eef3d7b": {
    "Item1": "Login inexistente",
    "Item2": ""
  },
  "fa1d2628-f4c5-4bd2-9257-3bf96e704d9a": {
    "Item1": "Top_investigadores",
    "Item2": ""
  },
  "2cd4955f-e19c-4a32-8530-4cae167796af": {
    "Item1": "IndicadoresPersonales",
    "Item2": ""
  },
  "948d322b-3f8b-4578-934b-54cacad011dc": {
    "Item1": "Top_Grupos_Investigacion",
    "Item2": ""
  },
  "9eaba1bb-9308-4c6e-b879-19559a5b0a53": {
    "Item1": "Top_Proyectos",
    "Item2": ""
  },
  "fb9e53e9-879c-4680-9796-fe5543bd6be4": {
    "Item1": "Gestor ofertas",
    "Item2": ""
  },
  "21cb1411-65ed-44d0-8b96-89186f54b6bb": {
    "Item1": "MenuHomeED",
    "Item2": ""
  },
  "64a939ed-0716-4b96-b24e-af622af23ce3": {
    "Item1": "ImportadorCV",
    "Item2": ""
  },
  "30f3b2f7-4bad-43aa-a715-e10b077a6db3": {
    "Item1": "Original",
    "Item2": ""
  },
  "6c4cc38d-7342-4329-8a62-686aec1a0c44": {
    "Item1": "CabeceraBreadcrumbGeneral",
    "Item2": ""
  },
  "f69da06a-9211-4722-abb6-a70bffb0a41e": {
    "Item1": "CreacionCluster",
    "Item2": ""
  },
  "689084fd-897c-4f0f-ab77-816d78cd08c4": {
    "Item1": "Alertas_Home_ED",
    "Item2": ""
  },
  "7af7ab86-f67e-401b-9b1b-0598204888a0": {
    "Item1": "Metricas",
    "Item2": ""
  },
  "0cf4489b-6ffe-44a0-af41-90a280e296e4": {
    "Item1": "Alertas",
    "Item2": ""
  }
}