{
  "ERDF": {
    "es": "ERDF"
  },
  "ID_BUSQUEDA_DOCUMENTOS": {
    "es": "6073a387-5e95-47b3-a4d1-09a95bb7c6e5"
  },
  "PUBLICACIONES": {
    "es": "Publicaciones",
    "en": "Publications",
    "gl": "Publicacións"
  },
  "WEBS": {
    "es": "Sitios webs",
    "en": "Websites",
    "gl": "Sitios web "
  },
  "ETIQUETAS": {
    "es": "Etiquetas",
    "en": "Tags",
    "gl": "Etiquetas "
  },
  "REFERENCIAS": {
    "es": "Referencias",
    "en": "References",
    "gl": "Referencias "
  },
  "TEMAS_INVESTIGACION": {
    "es": "Temas de investigación",
    "en": "Research topics",
    "gl": "Temas de investigación "
  },
  "FILTROS": {
    "es": "Filtros",
    "en": "Filters",
    "gl": "Filtros "
  },
  "LISTADO_PUBLICACIONES": {
    "es": "Listado de publicaciones",
    "en": "List of publications",
    "gl": "Lista de publicacións "
  },
  "INI_SESSION": {
    "es": "Iniciar sesión en",
    "en": "Login in",
    "gl": "Iniciar sesión "
  },
  "EMAIL": {
    "es": "Correo electrónico",
    "en": "E-mail",
    "gl": "Correo electrónico "
  },
  "PASS": {
    "es": "Contraseña",
    "en": "Password",
    "gl": "Contrasinal "
  },
  "COPYRIGHT": {
    "es": "Todos los derechos reservados",
    "en": "All rights reserved",
    "gl": "Todos os dereitos reservados "
  },
  "ERDF_TITLE": {
    "es": "FONDO EUROPEO DE DESARROLLO REGIONAL",
    "en": "EUROPEAN REGIONAL DEVELOPMENT FUND",
    "gl": "FONDO DE DESENVOLVEMENTO REXIONAL EUROPEO "
  },
  "ERDF_DESCRIPTION": {
    "es": "Una manera de hacer Europa",
    "en": "A way to make europe",
    "gl": "Un xeito de facer Europa "
  },
  "ID_BUSQUEDA_PERSONAS": {
    "es": "f0ba215c-1629-456a-a7ac-69b63f4e986f"
  },
  "RELACIONADOS": {
    "es": "Relacionados",
    "en": "Related",
    "gl": "Relacionado "
  },
  "FECHA_INICIO": {
    "es": "Fecha de inicio",
    "en": "Start date",
    "gl": "Data de inicio "
  },
  "FECHA_FIN": {
    "es": "Fecha de fin",
    "en": "Ending date",
    "gl": "Data de finalización "
  },
  "PROGRAMA_FINANCIACION": {
    "es": "Programa de financiación",
    "gl": "Programa de financiamento "
  },
  "AMBITO_GEOGRAFICO": {
    "es": "Ámbito geográfico",
    "gl": "Ámbito xeográfico "
  },
  "MODALIDAD_PROYECTO": {
    "es": "Modalidad del proyecto",
    "gl": "Modalidade do proxecto "
  },
  "NUMERO_INVESTIGADORES": {
    "es": "Número de investigadores",
    "gl": "Número de investigadores "
  },
  "PERSONAL_INVESTIGADOR_PRINCIPAL": {
    "es": "Personal investigador principal:",
    "gl": "Persoal de investigación principal: "
  },
  "PARTICIPANTES": {
    "es": "Participantes",
    "gl": "Participantes "
  },
  "VER_MAS": {
    "es": "Ver más",
    "gl": "Ver máis "
  },
  "VER_MENOS": {
    "es": "Ver menos",
    "gl": "É ver menos "
  },
  "LISTADO_COLABORADORES": {
    "es": "Listado de colaboradores",
    "gl": "Lista de colaboradores "
  },
  "LISTADO_PROYECTOS": {
    "es": "Listado de proyectos",
    "gl": "Lista de proxectos "
  },
  "OTROS_MERITOS": {
    "es": "Otros méritos",
    "gl": "Outros méritos "
  },
  "COLABORACIONES": {
    "es": "Colaboraciones",
    "gl": "Colaboracións "
  },
  "DIRECCION_CONTACTO": {
    "es": "Dirección de contacto",
    "gl": "Enderezo de contacto "
  },
  "TELEFONO": {
    "es": "Teléfono",
    "gl": "Teléfono "
  },
  "CORREO_ELECTRONICO": {
    "es": "Correo electrónico",
    "gl": "Correo electrónico "
  },
  "CONTACTO": {
    "es": "Contacto",
    "gl": "Contacto "
  },
  "PAGINA_WEB": {
    "es": "Página web",
    "gl": "páxina web "
  },
  "AREAS_TEMATICAS": {
    "es": "Áreas temáticas",
    "gl": "Áreas temáticas "
  },
  "GRUPOS_INVESTIGACION": {
    "es": "Grupos de investigación",
    "gl": "Grupos de investigación "
  },
  "PROYECTOS": {
    "es": "Proyectos",
    "gl": "Proxectos "
  },
  "MIEMBROS": {
    "es": "Miembros",
    "gl": "Membros "
  },
  "OTROS_RESULTADOS": {
    "es": "Otros resultados",
    "gl": "Outros resultados "
  },
  "CV_BUSCAR": {
    "es": "Buscar",
    "gl": "Busca "
  },
  "ENTIDAD_FINANCIADORA": {
    "es": "Entidades financiadoras",
    "gl": "Entidades de financiamento "
  },
  "POJECTS": {
    "es": "Proyectos",
    "en": "Projects",
    "gl": "Proxectos "
  },
  "PERSONAL_INVESTIGADOR": {
    "es": "Personal investigador",
    "gl": "Persoal de investigación "
  },
  "COLABORADORES": {
    "es": "Colaboradores",
    "gl": "Colaboradores "
  },
  "CV_FIRMANOSELECCIONADOPERSONA": {
    "es": "No se ha seleccionado persona para la firma",
    "gl": "Ningunha persoa foi seleccionada para a empresa "
  },
  "CV_OTECLEADATOSDE": {
    "es": "O teclea los datos de",
    "gl": "Ou escriba datos de "
  },
  "CV_BUSCARPOR": {
    "es": "Buscar por",
    "gl": "Buscar "
  },
  "CV_COINCIDENCIA": {
    "es": "Coincidencia",
    "gl": "Coincidencia "
  },
  "CV_MASRESULTADOS": {
    "es": "Más resultados",
    "gl": "Máis resultados "
  },
  "CV_INTRODUCENOMBRE": {
    "es": "Introduce el nombre",
    "gl": "Introduza o nome "
  },
  "CV_VALIDAR": {
    "es": "Validar",
    "gl": "Validar "
  },
  "CV_NOMBRE": {
    "es": "Nombre",
    "gl": "Nome "
  },
  "CV_VOLVERPANTALLAANTERIOR": {
    "es": "Volver a la pantalla anterior",
    "gl": "Volve á pantalla anterior "
  },
  "CV_ANIADIRSELECCIONADOS": {
    "es": "Añadir seleccionados",
    "gl": "Engadir seleccionado "
  },
  "CV_CODIGOORCID": {
    "es": "Código ORCID",
    "gl": "Código ORCID"
  },
  "DESCRIPTION": {
    "es": "Descripción",
    "en": "Description",
    "gl": "Descrición "
  },
  "CV_INTRODUCEFIRMA": {
    "es": "Introduce la firma",
    "gl": "Introduza a empresa "
  },
  "CV_RESUMENTEXTOLIBRE": {
    "es": "Resumen de texto libre",
    "gl": "Resumo de texto gratuíto "
  },
  "CV_SEGURODESEAELIMINAR": {
    "es": "¿Está seguro de que desea eliminar?",
    "gl": "¿Seguro que queres eliminar? "
  },
  "CV_ELIMINAR": {
    "es": "Eliminar",
    "gl": "Quitar "
  },
  "CV_GUARDAR": {
    "es": "Guardar",
    "gl": "Gardar "
  },
  "CV_EDITAR": {
    "es": "Editar",
    "gl": "Editar "
  },
  "CV_BUSCARPORFIRMA": {
    "es": "Buscar por firma (Introduce una o varias firmas separadas por ';')",
    "gl": "Busca por sinatura (introduce unha ou varias firmas separadas por ';') "
  },
  "ESTADO": {
    "es": "Estado",
    "gl": "Condición "
  },
  "INVESTIGADORES": {
    "es": "Investigadores",
    "gl": "Investigadores "
  },
  "CV_SI": {
    "es": "Sí",
    "gl": "Si "
  },
  "CV_NO": {
    "es": "No",
    "gl": "Non "
  },
  "CV_EDITARCV": {
    "es": "Editar CV",
    "gl": "Editar CV "
  },
  "CV_SITUACIONPROFESIONAL": {
    "es": "Situación profesional",
    "gl": "Situación profesional "
  },
  "CV_FIRMA": {
    "es": "Firma",
    "gl": "Sinatura "
  },
  "CV_DATOSIDENTIFICACION": {
    "es": "Datos de identificación",
    "gl": "Datos de identificación "
  },
  "CV_CAMBIARSECCION": {
    "es": "Cambiar de sección",
    "gl": "Sección de cambios "
  },
  "CV_ANIADIRPERSONALINVESTIGADOR": {
    "es": "Añadir personal investigador",
    "gl": "Engade persoal de investigación "
  },
  "CV_INTRODUCECODIGOORCID": {
    "es": "Introduce el código ORCID",
    "gl": "Introduza o código ORCID "
  },
  "NOTIFICACION_SEXENIOS": {
    "es": "Iniciada la solicitud de sexenios"
  },
  "NOTIFICACION_ACREDITACION": {
    "es": "Iniciada la solicitud de acreditaciones"
  },
  "ALERTAS_URL": {
    "es": "ALERTAS_URL"
  },
  "CV_LAFIRMAXESTADUPLICADA": {
    "es": "La firma PARAM1 está duplicada",
    "gl": "A empresa Param1 é duplicada "
  },
  "CV_LAFIRMAXYAESTAINTRODUCIDA": {
    "es": "La firma PARAM1 ya está introducida",
    "gl": "A firma Param1 xa se introduce "
  },
  "LINEAS_INVESTIGACION": {
    "es": "Líneas de investigación",
    "gl": "Liñas de investigación "
  },
  "CV_ESTACARGADAPERSONAOTRAFIRMA": {
    "es": "Ya está cargada la persona PARAM1 en otra firma",
    "gl": "A persoa param1 xa está cargada noutra empresa "
  },
  "CV_INTRODUCEAPELLIDOS": {
    "es": "Introduce los apellidos",
    "gl": "Introduza os apelidos "
  },
  "CV_APELLIDOS": {
    "es": "Apellidos",
    "gl": "Apelidos "
  },
  "CV_NOMBREOBLIGATORIO": {
    "es": "El nombre es obligatorio",
    "gl": "O nome é obrigatorio "
  },
  "CV_APELLIDOSOBLIGATORIO": {
    "es": "Los apellidos son obligatorios",
    "gl": "Os apelidos son obrigatorios "
  },
  "CV_AGNADIR": {
    "es": "Añadir",
    "gl": "Engadir "
  },
  "CV_NOHASINTRODUCIDONINGUNAFIRMA": {
    "es": "No has introducido ninguna firma",
    "gl": "Non introduciu ningunha sinatura "
  },
  "CITAS": {
    "es": "Citas",
    "gl": "Citas "
  },
  "CV_ELCODIGOINTRODUCIDONOESVALIDO": {
    "es": "El código introducido no es válido",
    "gl": "O código introducido non é válido "
  },
  "DOI": {
    "es": "DOI"
  },
  "CATEGORIAS": {
    "es": "CATEGORIAS",
    "gl": "CATEGORIAS"
  },
  "PLEGAR": {
    "es": "PLEGAR",
    "gl": "DOBRAR"
  },
  "DESPLEGAR": {
    "es": "DESPLEGAR",
    "gl": "IMPLEMENTAR"
  },
  "NODOS": {
    "es": "nodos",
    "gl": "nodos "
  },
  "CV_ACTIVIDADCIENTIFICAYTECNOLOGICA": {
    "es": "Actividad",
    "gl": "Exercicio "
  },
  "CV_EXPERIENCIACIENTIFICAYTECNOLOGICA": {
    "es": "Experiencia",
    "gl": "Experiencia "
  },
  "ACCIONES": {
    "es": "Acciones",
    "gl": "Accións "
  },
  "ENVIAR_PRODUCCION_CIENTIFICA": {
    "es": "Enviar a producción científica",
    "gl": "Enviar á produción científica"
  },
  "ID_BUSQUEDA_PERSONAS_COLABORADORES": {
    "es": "a0da0162-7cfe-4c2a-bc8e-1d41daf6ea15"
  },
  "APLICAR": {
    "es": "APLICAR",
    "gl": "APLICAR"
  },
  "PERIODO_TEMPORAL": {
    "es": "Periodo temporal",
    "gl": "Período temporal "
  },
  "PERSONALIZADO": {
    "es": "Personalizado",
    "gl": "Personalizado "
  },
  "ULTIMO_ANIO": {
    "es": "Último año",
    "gl": "O ano pasado "
  },
  "ULTIMOS_CINCO_ANIOS": {
    "es": "Últimos cinco años",
    "gl": "Últimos cinco anos "
  },
  "TODOS": {
    "es": "Todos",
    "gl": "Todo "
  },
  "ANIO": {
    "es": "Año",
    "gl": "Ano "
  },
  "ANIO_INICIO": {
    "es": "Año de inicio",
    "gl": "O ano de inicio "
  },
  "ANIO_FIN": {
    "es": "Año de fin",
    "gl": "Ano final "
  },
  "GRAFICA_PUBLICIONES": {
    "es": "Publicaciones y citas por año",
    "gl": "Publicacións e citas ao ano "
  },
  "GRAFICA_PROYECTOS_ANIO": {
    "es": "Proyectos por año",
    "gl": "Proxectos ao ano "
  },
  "GRAFICA_PROYECTOS_MIEMBROS": {
    "es": "Investigadores por proyecto",
    "gl": "Investigadores por proxecto "
  },
  "GRAFICA_PROYECTOS_AMBITO": {
    "es": "Ámbito de los proyectos",
    "gl": "Ámbito de proxectos "
  },
  "GRAFICA_AREAS_GRUPO_ARANIA": {
    "es": "Relaciones de los temas",
    "gl": "Relacións dos temas "
  },
  "GRAFICA_AREAS_GRUPO_BARRAS": {
    "es": "Uso de los temas",
    "gl": "Uso de temas "
  },
  "GRAFICA_COLABORADORES_GRUPO": {
    "es": "Colaboradores",
    "gl": "Colaboradores "
  },
  "GRAFICA_MIEMBROS_GRUPO": {
    "es": "Miembros del grupo",
    "gl": "Membros do grupo "
  },
  "CV_DATOSPERSONALES": {
    "es": "Datos personales",
    "gl": "Información persoal "
  },
  "COLABORADORES_EXTERNOS": {
    "es": "Colaboradores externos",
    "gl": "Colaboradores externos "
  },
  "CV_ACCIONES": {
    "es": "Acciones",
    "gl": "Accións "
  },
  "CV_PUBLICAR": {
    "es": "Publicar",
    "gl": "Post "
  },
  "CV_DESPUBLICAR": {
    "es": "Despublicar",
    "gl": "Poom "
  },
  "CV_PLEGAR": {
    "es": "Plegar",
    "gl": "Dobrar "
  },
  "CV_DESPLEGAR": {
    "es": "Desplegar",
    "gl": "Implementar "
  },
  "CV_ACTIVIDADDOCENTE": {
    "es": "Actividad docente",
    "gl": "Actividade docente "
  },
  "CV_FORMACIONRECIBIDA": {
    "es": "Formación recibida",
    "gl": "Formación recibida "
  },
  "CV_FORMATOIMAGENES": {
    "es": "Imágenes en formato .PNG o .JPG",
    "gl": "Imaxes en formato .png ou .jpg "
  },
  "CV_PESOMAXIMOIMAGENES": {
    "es": "Peso máximo de las imágenes PARAM1 kb",
    "gl": "Peso máximo das imaxes param1 kb "
  },
  "CV_IMAGENPESADEMASIADO": {
    "es": "El archivo pesa demasiado. El límite es PARAM1 Kb",
    "gl": "O ficheiro pesa demasiado. O límite é param1 kb "
  },
  "CITADO_POR": {
    "es": "Citado por",
    "gl": "Citado por "
  },
  "ROS_RELACIONADOS": {
    "es": "ROs relacionados",
    "gl": "ROs relacionados"
  },
  "ANOTACIONES": {
    "es": "Anotaciones",
    "gl": "Anotacións "
  },
  "INFORMACION": {
    "es": "Información",
    "gl": "Información "
  },
  "LENGUAJES_PROGRAMACION": {
    "es": "Lenguajes de programación",
    "gl": "Linguaxes de programación "
  },
  "NUMERO_RELEASES": {
    "es": "Número de releases",
    "gl": "Número de lanzamentos "
  },
  "FECHA_ULTIMA_ACTUALIZACION": {
    "es": "Fecha última actualización",
    "gl": "Última data de actualización "
  },
  "CV_ESCRIBE_ALGO": {
    "es": "escribe para buscar",
    "gl": "Escribe en busca "
  },
  "LICENCIA": {
    "es": "Licencia",
    "gl": "Licenza "
  },
  "NUMERO_BRANCHES": {
    "es": "Número de branches",
    "gl": "Número de ramas "
  },
  "NUMERO_PACKAGES": {
    "es": "Número de packages",
    "gl": "Número de paquetes "
  },
  "NUMERO_FORK": {
    "es": "Número de forks",
    "gl": "Número de forks"
  },
  "NUMERO_ISSUES": {
    "es": "Número de issues",
    "gl": "Número de problemas "
  },
  "CV_RESTABLECER": {
    "es": "Restablecer",
    "gl": "Restaurar "
  },
  "URL": {
    "es": "URL",
    "gl": "URL"
  },
  "CV_INTRODUCEFIRMASSEPARADASCOMAS": {
    "es": "Introduce una o varias firmas separadas por ';'",
    "gl": "Introduce unha ou varias firmas separadas por ';' "
  },
  "CV_RESEARCHOBJECTS": {
    "es": "Otros resultados",
    "gl": "Outros resultados "
  },
  "SI": {
    "es": "Si",
    "gl": "Si "
  },
  "NO": {
    "es": "No",
    "gl": "Non "
  },
  "RELACIONES_MIEMBROS": {
    "es": "Relaciones entre los miembros",
    "gl": "Relacións entre membros "
  },
  "RELACIONES": {
    "es": "Relaciones",
    "gl": "Relacións "
  },
  "DOCUMENTOS": {
    "es": "Documentos",
    "gl": "Documentos"
  },
  "ARBOL": {
    "es": "ARBOL",
    "gl": "ÁRBORE"
  },
  "RESEARCHOBJECTS": {
    "es": "Otros objetos de investigación",
    "gl": "Outros obxectos de investigación "
  },
  "GRUPOS": {
    "es": "Grupos de investigación",
    "gl": "Grupos de investigación "
  },
  "PLACEHOLDER_METABUSCADOR": {
    "es": "Buscar en el portal de investigación",
    "gl": "Busca no portal de investigación "
  },
  "INDICADORES": {
    "es": "Indicadores",
    "gl": "Indicadores "
  },
  "INICIO": {
    "es": "Inicio",
    "gl": "Comezar "
  },
  "PROJECTS_URL": {
    "es": "buscador-proyectos",
    "en": "buscador-proyectos"
  },
  "DEFINIR_PERFILES_AREAS_INVESTIGACION": {
    "es": "Definir perfiles y áreas de investigación",
    "gl": "Define perfís e áreas de investigación "
  },
  "ORGANIZA_AREAS_PERFIL_TEMATICOS___": {
    "es": "Crea perfiles de investigación para poder buscar posteriormente investigaciones en función de los perfiles que definas.",
    "gl": "Crea perfís de investigación para poder buscar investigacións posteriores en función dos perfís que defines. "
  },
  "QUIERES_BUSCAR_INVESTIGADORES_EXPERIENCIA___": {
    "es": "¿Quieres filtrar (y buscar) el personal investigador con determinada experiencia?",
    "gl": "¿Quere filtrar (e buscar) o persoal de investigación cunha certa experiencia? "
  },
  "PERFILES": {
    "es": "Perfiles",
    "gl": "Perfís "
  },
  "NOMBRE_TITULO_CLUSTER": {
    "es": "Nombre / Título cluster",
    "gl": "Nome / título de clúster "
  },
  "DEFINIR_CLUSTER": {
    "es": "Definir cluster",
    "gl": "Define o clúster "
  },
  "DESCRIPCION": {
    "es": "Descripción",
    "gl": "Descrición "
  },
  "CLASIFICACION_AREAS_TEMATICAS": {
    "es": "Clasificación de áreas temáticas",
    "gl": "Clasificación de áreas temáticas "
  },
  "ANADIR_OTRO_PERFIL": {
    "es": "Añadir otro perfil",
    "gl": "Engade outro perfil "
  },
  "TODAS": {
    "es": "Todas",
    "gl": "Todo "
  },
  "RECOMENDACIONES_SELECCION_INVESTIGADORES": {
    "es": "Recomendaciones y selección de investigadores",
    "gl": "Recomendacións e selección de investigadores "
  },
  "SELECCIONAR_AREAS_TEMATICAS": {
    "es": "Seleccionar áreas temáticas",
    "gl": "Selecciona áreas temáticas "
  },
  "BUSCAR_AREA_TEMATICA": {
    "es": "Buscar área temática",
    "gl": "Atopar área temática "
  },
  "DESCRIPTORES_ESPECIFICOS": {
    "es": "Descriptores específicos",
    "gl": "Descritores específicos "
  },
  "ANADIR_PERFIL": {
    "es": "Añadir perfil",
    "gl": "Engadir perfil "
  },
  "SIGUIENTE": {
    "es": "Siguiente",
    "gl": "Seguinte "
  },
  "INTRODUCE_NOMBRE_TITULO": {
    "es": "Introduce un Nombre / Título cluster",
    "gl": "Introduza un nome / título do clúster "
  },
  "REVISE_ERRORES_CAMPOS_RELLENADOS": {
    "es": "Revise que todos los cambios marcados como obligatorios estén rellenados",
    "gl": "Asegúrese de que se cubran todos os cambios marcados e obrigatorios "
  },
  "GUARDAR_TERMINAR": {
    "es": "Guardar y terminar",
    "gl": "Aforrar e rematar "
  },
  "ANADIR_DESCRIPTORES_ESPECIFICOS": {
    "es": "Añadir descriptores específicos",
    "gl": "Engade descritores específicos "
  },
  "ELIMINAR": {
    "es": "ELIMINAR",
    "gl": "QUITAR "
  },
  "DESCRIPTOR_ESPECIFICO": {
    "es": "Descriptor específico",
    "gl": "Descriptor específico "
  },
  "CV_VISIBLE": {
    "es": "Visible en el portal de investigación",
    "gl": "Visible no portal de investigación "
  },
  "CV_OCULTO": {
    "es": "Oculto en el portal de investigación",
    "gl": "Oculto no portal de investigación "
  },
  "FRANCES": {
    "es": "Francés",
    "gl": "Francés "
  },
  "GALLEGO": {
    "es": "Gallego",
    "gl": "Galiciano "
  },
  "EUSKERA": {
    "es": "Euskera",
    "gl": "Vasco "
  },
  "CATALAN": {
    "es": "Catalán",
    "gl": "Catalán "
  },
  "INGLES": {
    "es": "Inglés",
    "gl": "Inglés "
  },
  "ESPAGNOL": {
    "es": "Español",
    "gl": "Español "
  },
  "CV_TRADUCCIONES": {
    "es": "Traducciones",
    "gl": "Traducións "
  },
  "CV_SINTRADUCCION": {
    "es": "Sin traducción",
    "gl": "Sen tradución "
  },
  "CV_CONTRADUCCION": {
    "es": "Con traducción",
    "gl": "Con tradución "
  },
  "LISTADO_INVETIGADORES_SELECCIONADOS": {
    "es": "Listado de investigadores seleccionados",
    "gl": "Lista de investigadores seleccionados "
  },
  "NUEVO_CLUSTER": {
    "es": "Nuevo cluster",
    "gl": "Novo clúster "
  },
  "GRAFO_RELACIONES_INVESTIGADORES_SELECCIONADOS": {
    "es": "Grafo de relaciones con otros investigadores seleccionados",
    "gl": "Relacións con outros investigadores seleccionados "
  },
  "LISTADO_RESEARCHOBJECTS": {
    "es": "Listado de researchobjects",
    "gl": "Lista de investigacións sobrebxectos "
  },
  "ERROR_SERVER": {
    "es": "Error del servidor",
    "gl": "Erro do servidor "
  },
  "GUARDAR": {
    "es": "Guardar",
    "gl": "Gardar "
  },
  "PERFIL": {
    "es": "Perfil",
    "gl": "Perfil "
  },
  "ORDER_AJUSTE": {
    "es": "Concordancia",
    "gl": "Acordo "
  },
  "CV_BLOQUEADO": {
    "es": "No editable",
    "gl": "Non editable "
  },
  "ORDER_VOLUMEN": {
    "es": "Volumen",
    "gl": "Volume "
  },
  "ORDER_MIXTO": {
    "es": "Relevancia",
    "gl": "Relevancia "
  },
  "SELECCIONADOS": {
    "es": "Seleccionados",
    "gl": "Seleccionado "
  },
  "NOTIFICACION_SE": {
    "es": "Se ",
    "en": "It",
    "gl": "Sei "
  },
  "IMPORTAR_CV": {
    "es": "Importar curriculum vitae",
    "gl": "Importar currículo vitae "
  },
  "NOTIFICACION_ALERTA": {
    "es": "Alertas",
    "en": "Alerts",
    "gl": "Alertas "
  },
  "NOTIFICACION_PERSONA": {
    "es": "persona",
    "gl": "persoa "
  },
  "RESETEAR_GRAFICA": {
    "es": "Resetear gráfica",
    "gl": "Gráfico de resert "
  },
  "NOTIFICACION_TE_HA_ANADIDO": {
    "es": "te ha añadido ",
    "en": "has added you to ",
    "gl": "Engadiu "
  },
  "NOTIFICACION_HA_EDITADO": {
    "es": "ha editado ",
    "en": "has been edited ",
    "gl": "editou "
  },
  "NOTIFICACION_TE_HA_RETIRADO": {
    "es": "te ha retirado ",
    "en": "has retired you ",
    "gl": "Retirouse "
  },
  "NOTIFICACION_PUBLICACION": {
    "es": "la publicación ",
    "en": "the publication ",
    "gl": "A publicación "
  },
  "NOTIFICACION_JORNADA": {
    "es": "la jornada ",
    "gl": "la jornada "
  },
  "NOTIFICACION_CONGRESO": {
    "es": "el congreso",
    "gl": "O Congreso "
  },
  "REVISE_ERRORES_CAMPOS_ETIQUETAS_TAGS": {
    "es": "Debe de rellenar en los perfiles al menos uno de los elementos; las categorías o los descriptores",
    "gl": "Debe cubrir os perfís polo menos un dos elementos; As categorías ou descritores "
  },
  "NOTIFICACION_RECURSO_URL": {
    "es": "recurso",
    "en": "resource",
    "gl": "recurso "
  },
  "NOTIFICACION_RECURSO": {
    "es": "el recurso ",
    "en": "the resource ",
    "gl": "o recurso "
  },
  "PRINCIPAL": {
    "es": "Principal",
    "gl": "Maior "
  },
  "BORRAR": {
    "es": "Borrar",
    "gl": "Borrar "
  },
  "BORRAR_CLUSTER": {
    "es": "Borrar el Cluster",
    "gl": "Elimina o clúster "
  },
  "CONFIRMACION_BORRAR_CLUSTER": {
    "es": "¿Seguro que quiere borrar el Cluster?",
    "gl": "Seguro que queres borrar o clúster? "
  },
  "EDITAR_CLUSTER": {
    "es": "Editar cluster",
    "gl": "Editar clúster "
  },
  "ANADIR_UN_PERFIL": {
    "es": "Añadir un perfil",
    "gl": "Engade un perfil "
  },
  "TEXTO_EXPLICATIVO_MODAL_AREAS_TEMATICAS": {
    "es": "En este paso puedes seleccionar las áreas temáticas del cluster, de entre las disponibles en el árbol de temas en inglés.",
    "gl": "Neste paso podes seleccionar as áreas temáticas do clúster, entre as dispoñibles na árbore de temas ingleses. "
  },
  "TEXTO_EXPLICATIVO_TAGS_MODAL": {
    "es": "En este paso puedes seleccionar los descriptores específicos, de entre los disponibles en las opciones de autocompletado",
    "gl": "Neste paso podes seleccionar os descritores específicos, entre os dispoñibles en opcións auto -reflectidas "
  },
  "TECLEA_E_INTRODUCE_AUTOCOMPLETADO": {
    "es": "Teclea y selecciona entre las opciones de autocompletado",
    "gl": "Escriba e seleccione entre opcións de auto -cumprimento "
  },
  "INTRODUCE_NOMBRE_NUEVO_PERFIL": {
    "es": "Introduce un nombre para el nuevo perfil",
    "gl": "Introduza un nome para o novo perfil "
  },
  "ATENCION": {
    "es": "Atención",
    "gl": "Atención"
  },
  "ANTERIOR": {
    "es": "Anterior",
    "gl": "Anterior "
  },
  "SUGERIDOS": {
    "es": "Sugeridos",
    "gl": "Suxerido "
  },
  "FECHA_DESCENDENTE": {
    "es": "Fecha descendente",
    "gl": "Data descendente "
  },
  "FECHA_ASCENDENTE": {
    "es": "Fecha ascendente",
    "gl": "Data ascendente "
  },
  "NUMERO_CITAS": {
    "es": "Nº de citas",
    "gl": "Nº de citas "
  },
  "FECHA_INICIO_DESCENDENTE": {
    "es": "Fecha de inicio descendente",
    "gl": "Data de inicio descendente "
  },
  "FECHA_FIN_DESCENDENTE": {
    "es": "Fecha de fin descendente",
    "gl": "Data de finalización descendente "
  },
  "FECHA_INICIO_ASCENDENTE": {
    "es": "Fecha de inicio ascendente",
    "gl": "Data de inicio ascendente "
  },
  "FECHA_FIN_ASCENDENTE": {
    "es": "Fecha de fin ascendente",
    "gl": "Data de finalización ascendente "
  },
  "PERFILES_REPETIDOS": {
    "es": "Un perfil con ese nombre existe actualmente",
    "gl": "Actualmente existe un perfil con ese nome "
  },
  "EXPORTAR_CV": {
    "es": "Exportar curriculum vitae",
    "gl": "Curriculum vitae de exportación "
  },
  "URL_SERVICIO_EXTERNO": {
    "es": "[%%%_URL_CONTENT_%%%]/servicioexterno/"
  },
  "ERROR_LOGIN_INEXISTENTE_H1": {
    "es": "ERROR, El usuario no es un investigador",
    "gl": "Erro, o usuario non é investigador "
  },
  "ERROR_LOGIN_INEXISTENTE": {
    "es": "No se ha encontrado ninguna asociación como investigador para el siguiente email:",
    "gl": "Non se atopou ningunha asociación como investigador do seguinte correo electrónico: "
  },
  "CV_OCULTAR_EDICION": {
    "es": "Ocultar edición",
    "gl": "Ocultar a edición "
  },
  "EDITAR": {
    "es": "Editar",
    "gl": "Editar "
  },
  "EDITAR_PERFIL": {
    "es": "Editar perfil",
    "gl": "Editar perfil "
  },
  "DEBES_SELECCIONAR_LOS_PERFILES_CLICANDOLOS_CADA_PERSONA": {
    "es": "Puedes añadir una persona a un perfil haciendo clic en los títulos de los los perfiles que cada persona tiene asignados en el listado de recomendaciones que se muestra a continuación.",
    "gl": "Podes engadir unha persoa a un perfil facendo clic nos títulos dos perfís que cada persoa asignou na lista de recomendacións que se amosan a continuación. "
  },
  "GUARDAR_CAMBIOS": {
    "es": "Guardar cambios",
    "gl": "Gardar cambios "
  },
  "LISTADO_CLUSTERS": {
    "es": "Mis clusters",
    "gl": "Os meus clústers "
  },
  "CURRICULUM": {
    "es": "Curriculum vitae",
    "gl": "Currículo vitae "
  },
  "GESTION_CLUSTERS": {
    "es": "Gestión de clusters",
    "gl": "Xestión de clústers "
  },
  "EDITAR_CV": {
    "es": "Editar curriculum vitae",
    "gl": "Editar currículo vitae "
  },
  "ALERTAS": {
    "es": "Alertas",
    "gl": "Alertas "
  },
  "URL_SERVICIO_EDITORCV": {
    "es": "[%%%_URL_CONTENT_%%%]/editorcv/"
  },
  "BUSCAR_EN_SECCION": {
    "es": "Buscar en sección",
    "gl": "Busca na sección "
  },
  "GENERAR_NUEVA_EXPORTACION": {
    "es": "Generar nueva exportación",
    "gl": "Xerar unha nova exportación "
  },
  "EXPORTAR": {
    "es": "Exportar",
    "gl": "Exportación "
  },
  "EXPORTA_TU_CVN": {
    "es": "Exporta tu CVN",
    "gl": "Exportar o seu CVN "
  },
  "IMPORTA_TU_CVN": {
    "es": "Importa tu CVN",
    "gl": "O seu CVN importa "
  },
  "IMPORTA_TU_CVN_CON_UN_CLICK": {
    "es": "Si dispones de tu CV en formato CVN lo puedes importar con un solo click",
    "gl": "Se tes o teu CV en formato CVN, podes importalo cun só clic "
  },
  "MAXIMO_PESO_CV": {
    "es": "Peso máximo: 5MB",
    "eu": "Peso máximo: 5MB "
  },
  "FORMATOS_ADMITIDOS_CV": {
    "es": "Formatos admitidos: PDF",
    "gl": "Formatos admitidos: PDF "
  },
  "EDITAR_OFERTA": {
    "es": "Editar oferta",
    "gl": "Editar oferta "
  },
  "URL_SERVICIO_GRAPHICENGINE": {
    "es": "[%%%_URL_CONTENT_%%%]/graphicengine/"
  },
  "FORMATO_ERROR_CV": {
    "es": "FORMATO_ERROR_CV"
  },
  "SUBE_PDF_CV": {
    "es": "Arrastra y suelta en la línea de puntos o haz clic aquí para añadir el archivo",
    "gl": "Arrastre e solte na liña de puntos ou fai clic aquí para engadir o ficheiro "
  },
  "PROCESAR": {
    "es": "Procesar",
    "gl": "Proceso "
  },
  "APLICACIONES": {
    "es": "Aplicaciones",
    "gl": "Aplicacións "
  },
  "TAMANIO_ERROR_CV": {
    "es": "Archivo demasiado pesado. Peso máximo: 5MB",
    "gl": "Ficheiro demasiado pesado. Peso máximo: 5MB "
  },
  "IMPORTAR": {
    "es": "IMPORTAR",
    "gl": "IMPORTAR"
  },
  "INVESTIGADOR": {
    "es": "Investigador",
    "gl": "Investigador "
  },
  "EXPERIENCIA_DESTACABLE": {
    "es": "Experiencia destacable",
    "gl": "Experiencia excelente "
  },
  "DATOS_DESCRIPTIVOS": {
    "es": "Datos descriptivos",
    "gl": "Datos descritivos "
  },
  "DATOS_INICIALES": {
    "es": "Datos iniciales",
    "gl": "Datos iniciais "
  },
  "INTRODUCE_TITULO_OFERTA": {
    "es": "Introduce el título de la oferta",
    "gl": "Introduza o título da oferta "
  },
  "TITULO": {
    "es": "Título",
    "gl": "Título "
  },
  "DESCARGAR_CVN": {
    "es": "Descargar CVN",
    "gl": "Descargar CVN "
  },
  "SECCIONES": {
    "es": "Secciones",
    "gl": "Seccións "
  },
  "SELECCIONAR": {
    "es": "Seleccionar",
    "gl": "Selecciona "
  },
  "CVN_GENERADOS": {
    "es": "CVN generados",
    "gl": "CVN xerado "
  },
  "CV_EXPORTAR_PROCESADO": {
    "es": "Procesado",
    "gl": "Acusado "
  },
  "CV_EXPORTAR_PENDIENTE": {
    "es": "Pendiente",
    "gl": "Pendente "
  },
  "CV_EXPORTAR_ERROR": {
    "es": "Error",
    "gl": "Erro "
  },
  "INTRODUCE_UN_TITULO_PARA_EL_FICHERO": {
    "es": "Introduce un título para el fichero",
    "gl": "Introduza un título para o ficheiro "
  },
  "IDIOMA": {
    "es": "Idioma",
    "gl": "Idioma "
  },
  "AYUDAMOS_GESTIONAR_RESULTADOS_INVESTIGACIÓN": {
    "es": "Te ayudamos a gestionar los resultados de tu investigación",
    "gl": "Axudámosche a xestionar os resultados da túa investigación "
  },
  "INVESTIGADORES_SELECCIONADOS": {
    "es": "Investigadores seleccionados",
    "gl": "Investigadores seleccionados "
  },
  "SELECCIONABLES": {
    "es": "Seleccionables",
    "gl": "Seleccionable "
  },
  "ESTADO_MADUREZ": {
    "es": "Estado de madurez",
    "gl": "Estado de madurez "
  },
  "SECTOR_ENCUADRE": {
    "es": "Sector de encuadre",
    "gl": "Sector de enmarcamento "
  },
  "SIN_ESPECIFICAR": {
    "es": "Sin especificar",
    "gl": "Non especificado "
  },
  "DEBE_DE_SELECCIONAR_AL_MENOS_1_USUARIO": {
    "es": "Debe de seleccionar al menos un investigador para la oferta tecnológica",
    "gl": "Debe seleccionar polo menos un investigador para a oferta tecnolóxica "
  },
  "NUEVA_LINEA": {
    "es": "Nueva línea",
    "gl": "Nova liña "
  },
  "OBSERVACIONES": {
    "es": "Observaciones",
    "gl": "Observacións "
  },
  "TIPO_COLABORADOR_BUSCADO": {
    "es": "Tipo de colaborador buscado",
    "gl": "Tipo de colaborador buscado "
  },
  "TIPO_SOCIO_BUSCADO": {
    "es": "Tipo de socio buscado",
    "gl": "Tipo de socio buscado "
  },
  "INNOVACION": {
    "es": "Innovación",
    "gl": "Innovación "
  },
  "ORIGEN": {
    "es": "Origen",
    "gl": "Fonte "
  },
  "OSTROS_DATOS_DESCRIPTIVOS": {
    "es": "Otros datos descriptivos",
    "gl": "Outros datos descritivos "
  },
  "DESTINATARIOS": {
    "es": "Destinatarios",
    "gl": "Destinatarios "
  },
  "TEXTO_EXPLICATIVO_MODAL_AREAS_TEMATICAS_OFERTA": {
    "es": "Aquí podrá seleccionar las líneas de investigación de las que dispondrá la oferta, obtenidas de los grupos del personal investigador que previamente has seleccionado.",
    "gl": "Aquí podes seleccionar as liñas de investigación das que terá a oferta, obtida dos grupos do persoal investigador que seleccionou anteriormente. "
  },
  "PROPIEDAD_INDUSTRUAL_INTELECTUAL": {
    "es": "Propiedad industrial e intelectual",
    "gl": "Propiedade industrial e intelectual "
  },
  "PROYECTOS_SELECCIONADOS": {
    "es": "Proyectos seleccionados",
    "gl": "Proxectos seleccionados "
  },
  "PUBLICACIONES_SELECCIONADAS": {
    "es": "Publicaciones seleccionadas",
    "gl": "Publicacións seleccionadas "
  },
  "PROPIEDAD_INDUSTRIAL_INTELECTUAL_SELECCIONADOS": {
    "es": "Propiedad industrial e intelectual seleccionados",
    "gl": "Propiedade industrial e intelectual seleccionada "
  },
  "PROPIEDAD_INDUSTRIAL_INTELECTUAL_SELECCIONABLES": {
    "es": "Propiedad industrial e intelectual seleccionables",
    "gl": "Propiedade industrial e intelectual seleccionable "
  },
  "TITULO_NUEVA_PAGINA": {
    "es": "Título de la nueva página",
    "gl": "Novo título da páxina "
  },
  "CREAR_NUEVA_PAGINA": {
    "es": "Crear nueva página",
    "gl": "Crear nova páxina "
  },
  "ANCHURA": {
    "es": "Anchura de la gráfica",
    "gl": "Ancho gráfico "
  },
  "SELECCIONAR_PAGINA": {
    "es": "Seleccionar página",
    "gl": "Seleccione páxina "
  },
  "INTRODUCE_TITULO_GRAFICA": {
    "es": "Introduce el título de la gráfica",
    "gl": "Introduza o título gráfico "
  },
  "INTRODUCE_EL_TITULO": {
    "es": "Introduce el título de la página",
    "gl": "Introduza o título da páxina "
  },
  "TITULO_GRAFICA": {
    "es": "Título de la gráfica",
    "gl": "Título gráfico "
  },
  "CV_DUPLICAR": {
    "es": "Duplicar",
    "gl": "Dobre "
  },
  "CV_SOBREESCRIBIR": {
    "es": "Sobrescribir",
    "gl": "Sobreescritura "
  },
  "CV_FUSIONAR": {
    "es": "Fusionar",
    "gl": "Fusible "
  },
  "PII_DESTACADOS": {
    "es": "PII destacados",
    "gl": "PII destacou "
  },
  "PUBLICACIONES_DESTACADAS": {
    "es": "Publicaciones destacadas",
    "gl": "Publicacións destacadas "
  },
  "PROYECTOS_DESTACADOS": {
    "es": "Proyectos destacados",
    "gl": "Proxectos destacados "
  },
  "LINEA_INVESTIGACION": {
    "es": "Línea de investigación",
    "gl": "Liña de investigación "
  },
  "NUEVA_OFERTA_TECNOLOGICA": {
    "es": "Nueva oferta tecnológica",
    "gl": "Nova oferta tecnolóxica "
  },
  "OFERTAS_TECNOLOGICAS": {
    "es": "Ofertas tecnológicas",
    "gl": "Ofertas tecnolóxicas "
  },
  "MIS_INDICADORES": {
    "es": "Mis indicadores",
    "gl": "Os meus indicadores "
  },
  "SELECCIONAR_LINEAS_INVESTIGACION": {
    "es": "Seleccionar líneas de investigación",
    "gl": "Seleccione liñas de investigación "
  },
  "BORRAR_OFERTA": {
    "es": "Borrar oferta",
    "gl": "Eliminar oferta "
  },
  "CONFIRMACION_BORRAR_OFERTA": {
    "es": "¿Seguro que quiere borrar la oferta tecnológica?",
    "gl": "Seguro que queres borrar a oferta tecnolóxica? "
  },
  "PRUBLICACIONES_SELECCIONADOS": {
    "es": "Publicaciones seleccionadas",
    "gl": "Publicacións seleccionadas "
  },
  "PROPIEDAD_INDUSTRIAL_INTELECTUAL": {
    "es": "Propiedad industrial intelectual",
    "gl": "Propiedade industrial intelectual "
  },
  "PII_SELECCIONADOS": {
    "es": "Propiedad industrial intelectual seleccionada",
    "gl": "Propiedade intelectual seleccionada "
  },
  "CV_SELECCIONAR_TODOS": {
    "es": "Seleccionar todos",
    "en": "Select all",
    "gl": "Seleccionar todo "
  },
  "CV_DESELECCIONAR_TODOS": {
    "es": "Deseleccionar todos",
    "en": "Deselect all",
    "gl": "Deseleccionar todo "
  },
  "ANADIR_PERSONAL_INVESTIGADOR_DE_TU_GRUPO": {
    "es": "Añadir personal investigador de tu grupo",
    "gl": "Engade o teu persoal de investigación en grupo "
  },
  "PROYECTO": {
    "es": "Proyecto",
    "gl": "Proxecto "
  },
  "CV_ENVIAR": {
    "es": "Enviar",
    "en": "Send",
    "gl": "Enviar "
  },
  "CV_RELACIONA_PUBLICACION": {
    "es": "Relaciona la publicación con un proyecto",
    "gl": "Relaciona a publicación cun proxecto "
  },
  "CONTINUAR_SIN_ASOCIAR": {
    "es": "Continuar sin asociar",
    "gl": "Continúa sen asociarse "
  },
  "CV_CONTINUAR": {
    "es": "Continuar",
    "gl": "Continuar "
  },
  "NO_HAS_ASOCIADO_PROYECTO": {
    "es": "No has asociado la publicación a ningún proyecto...",
    "gl": "Non asociaches a publicación a ningún proxecto ... "
  },
  "POSIBLE_DUPLICIDAD": {
    "es": "Posible duplicidad",
    "gl": "Posible duplicidade "
  },
  "URL_AUTH_LOGOUT": {
    "es": "[%%%_URL_CONTENT_%%%]/login/Auth/Logout"
  },
  "GUARDAR_GRAFICA_ESPACIO_PERSONAL": {
    "es": "Guardar gráfica en mi panel de indicadores",
    "gl": "Gardar gráfico no meu panel de indicadores "
  },
  "BORRAR_PAGINA": {
    "es": "Borrar página",
    "gl": "Eliminar páxina "
  },
  "ENVIAR_REVISION": {
    "es": "Enviar a revisión",
    "gl": "Enviar a revisión "
  },
  "CV_PUBLICACION_BLOQUEADA_RESUELVA_PROCEDIMIENTO": {
    "es": "La publicación permanecerá bloqueada hasta que se resuelva el procedimiento",
    "gl": "A publicación permanecerá bloqueada ata que se resolva o procedemento "
  },
  "FUENTES_EXTERNAS_INFORMACION": {
    "es": "Fuentes externas de información\r\n",
    "gl": "Fontes externas de información "
  },
  "ENVIAR_BORRADOR": {
    "es": "Enviar a borrador",
    "gl": "Enviar ao borrador "
  },
  "GESTION_ROS": {
    "es": "Gestión de ROs",
    "gl": "Xestión de ROS "
  },
  "ARCHIVAR": {
    "es": "Archivar",
    "gl": "ficheiro "
  },
  "DENEGAR": {
    "es": "Denegar",
    "gl": "Negar "
  },
  "VALIDAR": {
    "es": "Validar",
    "gl": "Validar "
  },
  "ENVIAR_VALIDACION": {
    "es": "Enviar a validación",
    "gl": "Enviar á validación "
  },
  "CV_DOCUMENTO_VALIDACION": {
    "es": "Documento enviado a validación",
    "gl": "Documento enviado á validación "
  },
  "CV_ERROR_DOCUMENTO_VALIDACION": {
    "es": "Se ha producido un error al enviarse",
    "gl": "Houbo un erro ao enviar "
  },
  "IDENTIFICADOR_GITHUB": {
    "es": "Usuario de GitHub",
    "gl": "Usuario de GitHub "
  },
  "PLACEHOLDER_IDENTIFICADOR_FIGSHARE": {
    "es": "Introduce tu identificador de FigShare",
    "gl": "Introduza o seu identificador de figshare "
  },
  "PLACEHOLDER_TOKEN_GITHUB": {
    "es": "Introduce tu token de GitHub",
    "gl": "Introduce o teu token github "
  },
  "PLACEHOLDER_IDENTIFICADOR_GITHUB": {
    "es": "Introduce tu identificador de GitHub",
    "gl": "Introduza o seu identificador GitHub "
  },
  "PLACEHOLDER_TOKEN_FIGSHARE": {
    "es": "Introduce tu token de FigShare",
    "gl": "Introduce o teu token de figshare "
  },
  "RECUPERAR_ROS": {
    "es": "Recuperar publicaciones y ROs",
    "gl": "Recuperar publicacións e ROS "
  },
  "CONFIGURACION": {
    "es": "Configuración",
    "gl": "Configuración "
  },
  "CV_ERROR_PUBLICACION_PRC": {
    "es": "Se ha producido un error al enviar a Producción científica",
    "gl": "Houbo un erro ao enviar a produción científica "
  },
  "TOKEN_GITHUB": {
    "es": "Token de GitHub",
    "gl": "Token GitHub "
  },
  "TOKEN_FIGSHARE": {
    "es": "Token de FigShare",
    "gl": "Token de figshare "
  },
  "IDENTIFICADOR_FIGSHARE": {
    "es": "Identificador de FigShare",
    "gl": "Identificador de figshare "
  },
  "ORDEN_GRAFICA": {
    "es": "Orden de la gráfica",
    "gl": "Orde gráfica "
  },
  "ESCALA_GRAFICA": {
    "es": "Escala del eje primario",
    "gl": "Escala do eixe primario "
  },
  "ESCALA_GRAFICA_DOS": {
    "es": "Escala del eje secundario",
    "gl": "Escala de eixe secundario "
  },
  "DESCARGAR_PAGINA": {
    "es": "Descargar",
    "gl": "Descarga "
  },
  "REDES_INVESTIGACION": {
    "es": "Fuentes externas de información",
    "gl": "Fontes externas de información "
  },
  "TITULO_PAGINA_NO_ENCONTRADA": {
    "es": "Página no encontrada",
    "gl": "páxina non atopada "
  },
  "CV_PENDIENTE": {
    "es": "Pendiente de validación",
    "gl": "Validación pendente "
  },
  "CV_VALIDADO": {
    "es": "Validado",
    "gl": "Validado "
  },
  "EDITAR_PAGINA": {
    "es": "Editar página",
    "gl": "Páxina de edición "
  },
  "ANADIR_PERFIL_GUARDADO": {
    "es": "Añadir perfil guardado",
    "gl": "Engade perfil gardado "
  },
  "CV_MOSTRAR_NUEVOS": {
    "es": "Mostrar nuevos",
    "en": "Show new",
    "gl": "Amosar novo "
  },
  "CLUSTER": {
    "es": "Cluster",
    "gl": "Cluster "
  },
  "ESTADO_POSTIMPORTAR_LECTURA": {
    "en": "Organizing resources...",
    "fr": "Organiser les ressources...",
    "es": "Organizando los recursos...",
    "gl": "Organizar recursos ... "
  },
  "ESTADO_POSTIMPORTAR_INICIO": {
    "en": "Start of data import",
    "fr": "Début de l'importation des données",
    "es": "Inicio de la importación de datos",
    "gl": "Inicio da importación de datos "
  },
  "ORDER_VOLUMEN_TOOLTIP": {
    "es": "Basado en el volumen de publicaciones coincidentes",
    "gl": "Con base no volume de publicacións coincidentes "
  },
  "ESTADO_PREIMPORTAR_FINLECTURA": {
    "es": "Representando los datos"
  },
  "MIS_OFERTAS_TECNOLOGICAS": {
    "es": "Mis ofertas tecnológicas",
    "gl": "As miñas ofertas tecnolóxicas "
  },
  "CV_DESELECCIONAR_NUEVOS": {
    "es": "Deseleccionar nuevos",
    "en": "Deselect new",
    "gl": "Deseleccionar novo "
  },
  "CV_SELECCIONAR_NUEVOS": {
    "es": "Seleccionar nuevos",
    "en": "Select new",
    "gl": "Seleccione Novo "
  },
  "CV_DESELECCIONAR_SIMILITUDES": {
    "es": "Deseleccionar similitudes",
    "en": "Deselect similarities",
    "gl": "Deselecciona semellanzas "
  },
  "CV_SELECCIONAR_SIMILITUDES": {
    "es": "Seleccionar similitudes",
    "en": "Select similarities",
    "gl": "Selecciona semellanzas "
  },
  "CV_MOSTRAR_TODOS": {
    "es": "Mostrar todos",
    "en": "Show all",
    "gl": "Amosalo todo "
  },
  "ESTADO_PREIMPORTAR_INICIO": {
    "en": "Preparing the file",
    "fr": "Préparation du dossier",
    "es": "Preparando el archivo",
    "gl": "Preparando o ficheiro "
  },
  "ESTADO_PREIMPORTAR_LECTURA": {
    "en": "Extracting information from the PDF",
    "fr": "Extraction d'informations du PDF",
    "es": "Extrayendo información del PDF",
    "gl": "Extracción de información do PDF "
  },
  "ESTADO_POSTIMPORTAR_DUPLICAR": {
    "es": "Insertando"
  },
  "ESTADO_PREIMPORTAR_PROCESARDATOS": {
    "es": "Comprobando similitudes...",
    "en": "Checking for similarities...",
    "fr": "Vérifier les similitudes...",
    "gl": "Comprobación de semellanzas ... "
  },
  "ADMINISTRAR_GRAFICAS": {
    "es": "Administrar",
    "gl": "Xestionar ",
    "en": "Manage"
  },
  "ORDER_AJUSTE_TOOLTIP": {
    "es": "Basado en el porcentage de filtros del perfil que contiene alguna de sus publicaciones",
    "gl": "Con base na porcanta dos filtros de perfil que contén algunhas das súas publicacións "
  },
  "ORDER_MIXTO_TOOLTIP": {
    "es": "Mezcla del volumen y de la concordancia ",
    "gl": "Mestura de volume e concordancia "
  },
  "ESTADO_POSTIMPORTAR_FUSIONAR": {
    "es": "Fusionando",
    "en": "Merging",
    "fr": "Fusionner",
    "gl": "Fusión "
  },
  "ESTADO_POSTIMPORTAR_SOBRESCRIBIR": {
    "es": "Sobrescribiendo",
    "en": "Overwriting",
    "fr": "Écrasement",
    "gl": "Sobreescritura "
  },
  "ROS": {
    "es": "ROs"
  },
  "CV_MOSTRAR_SIMILITUDES": {
    "es": "Mostrar similitudes",
    "en": "Show similarities",
    "gl": "Amosar semellanzas "
  },
  "NOTIFICACION_FIN_FUENTES_EXTERNAS": {
    "es": "Se ha terminado la carga de fuentes externas",
    "en": "The load of external sources is over "
  },
  "CONFIGURACION_GRAFICA": {
    "es": "Configuración de la gráfica",
    "en": "Graph configuration"
  },
  "SELECCIONA_UNA_OPCION": {
    "es": "Selecciona una opción",
    "en": "Select an option"
  },
  "DESCRIPCION_PAGINA_NO_ENCONTRADA": {
    "es": "Lo sentimos, la página solicitada no ha sido encontrada",
    "gl": "Sentímolo, a páxina solicitada non se atopou"
  },
  "VOLVER_A_HOME": {
    "es": "volver a la home"
  },
  "SI_LO_DESEAS_PUEDES": {
    "es": "Si lo deseas, puedes"
  },
  "CV_ERROR_ANIADIR_PERFIL_EXPORTACION": {
    "es": "Se ha producido un error al añadir el nuevo perfil de exportación",
    "en": "An error occurred when adding the new export profile.",
    "fr": "Une erreur s'est produite lors de l'ajout du nouveau profil d'exportation."
  },
  "ASIGNE_UN_NOMBRE": {
    "es": "Asigne un nombre de perfil y almacene la selección actual para futuras exportaciones.",
    "en": "Assign a profile name and store the current selection for future exports.",
    "fr": "Attribuez un nom de profil et enregistrez la sélection actuelle pour les exportations futures."
  },
  "NOMBRE_DEL_PERFIL": {
    "es": "Nombre del perfil",
    "en": "Profile name",
    "fr": "Nom du profil"
  },
  "CARGAR": {
    "es": "Cargar",
    "en": "Upload",
    "fr": "Charger"
  },
  "MIS_PERFILES": {
    "es": "Mis perfiles",
    "en": "My profiles",
    "fr": "Mes profils"
  },
  "PERFIL_DE_EXPORTACION": {
    "es": "Perfil de exportación",
    "en": "Export profile",
    "fr": "Profil d'exportation"
  },
  "CV_ANIADIR_PERFIL_EXPORTACION": {
    "es": "Añadido un nuevo perfil de exportación",
    "en": "Added a new export profile",
    "fr": "Ajout d'un nouveau profil d'exportation"
  },
  "CV_EXPORTAR_COMPLETO_COMPLETADO": {
    "es": "Petición de exportación correcta, la exportación del archivo puede tardar varios minutos.",
    "en": "Successful export request, file export may take several minutes.",
    "fr": "Demande d'exportation réussie, l'exportation du fichier peut prendre plusieurs minutes."
  },
  "CV_EXPORTAR_COMPLETADO": {
    "es": "Petición de exportación correcta.",
    "en": "Correct export request.",
    "fr": "Corriger la demande d'exportation."
  },
  "CV_ELIMINAR_PERFIL_EXPORTACION": {
    "es": "Se ha eliminado el perfil de exportación",
    "en": "The export profile has been removed",
    "fr": "Le profil d'exportation a été supprimé"
  },
  "CV_ERROR_ELIMINAR_PERFIL_EXPORTACION": {
    "es": "Se ha producido un error al eliminar el perfil de exportación",
    "en": "An error occurred while deleting the export profile.",
    "fr": "Une erreur s'est produite lors de la suppression du profil d'exportation."
  },
  "CARGANDO_DATOS_CV": {
    "es": "Cargando los datos...",
    "en": "Loading data...",
    "fr": "Chargement des données..."
  },
  "LEYENDO_DATOS_CV": {
    "es": "Leyendo los datos de tu curriculum vitae.",
    "en": "Reading the information on your CV.",
    "fr": "Lire les informations figurant sur votre CV."
  },
  "EDITAR_GRAFICA": {
    "es": "Editar y ordenar gráfica"
  },
  "NO_TIENES_INDICADORES": {
    "es": "Aún no tienes tu propia página de indicadores"
  },
  "NO_HAY_GRAFICAS": {
    "es": "No hay gráficas en esta página"
  },
  "PUEDES": {
    "es": "Puedes",
    "en": "You can"
  },
  "BORRAR_LA_PAGINA": {
    "es": "borrar la página",
    "en": "delete the page"
  },
  "O": {
    "es": "o",
    "en": "or"
  },
  "ANIADIR_NUEVAS_GRAFICAS": {
    "es": "añadir nuevas gráficas"
  },
  "LA_PAGINA_DE_INDICADORES": {
    "es": "la página de indicadores de la universidad"
  },
  "CONFIRMAR_ELIMINAR_GRAFICA": {
    "es": "¿Está seguro de que desea eliminar la gráfica?"
  },
  "CONFIRMAR_ELIMINAR_PAGINA": {
    "es": "¿Está seguro de que desea eliminar la página?"
  },
  "ORDEN_DE_LA_PAGINA": {
    "es": "Orden de la página"
  },
  "TITULO_DE_LA_PAGINA": {
    "es": "Título de la página"
  },
  "DESCRIPCION_NO_HAS_INICIADO_SESION": {
    "es": "Para mostrar tus indicadores personales es necesario iniciar sesión."
  },
  "NO_HAS_INICIADO_SESION": {
    "es": "No has iniciado sesión"
  },
  "TOP_INVESTIGADORES": {
    "es": "Top investigadores"
  },
  "VER_TODOS": {
    "es": "Ver todos"
  },
  "TOP_GRUPOS_INVESTIGACION": {
    "es": "Top Grupos de investigación"
  },
  "TOP_PROYECTOS": {
    "es": "Top Proyectos"
  },
  "FUSIONAR_TOOLTIP": {
    "es": "Se completa el ítem existente con la información adicional del nuevo ítem."
  },
  "PINTANDO_DATOS_CV": {
    "es": "Representando los datos..."
  },
  "CATEGORIA_ACREDITACION": {
    "es": "CATEGORIA_ACREDITACION"
  },
  "INVESTIGACION": {
    "es": "Investigación"
  },
  "CATEDRA": {
    "es": "Cátedra"
  },
  "DOCENCIA": {
    "es": "Docencia"
  },
  "OFFERS": {
    "es": "Ofertas tecnológicas"
  },
  "GESTOR_OFERTAS_TECNOLOGICAS": {
    "es": "Gestor de ofertas tecnológicas"
  },
  "MEJORAR": {
    "es": "Mejorar"
  },
  "ENVIAR": {
    "es": "Enviar"
  },
  "INTRODUCE_UN_COMENTARIO": {
    "es": "Introduce un comentario"
  },
  "COMENTARIO": {
    "es": "Comentario"
  },
  "OFFERS_HOME": {
    "es": "Ofertas"
  },
  "GRUPOS_HOME": {
    "es": "Grupos"
  },
  "TIPO_EXPORTACION": {
    "es": "Tipo de exportación"
  },
  "CUARTIL_PUBLICATIONPOSITION": {
    "es": "Posición de la revista en la categoría"
  },
  "VENTAJAS_BENEFICIOS": {
    "es": "Ventajas/Beneficios"
  },
  "ENVIAR_A": {
    "es": "Enviar a"
  },
  "REVISION": {
    "es": "Revisión"
  },
  "SELECCIONAR_TODOS": {
    "es": "Seleccionar todos"
  },
  "NUEVO_SECTOR": {
    "es": "Nuevo sector"
  },
  "DESELECCIONAR_TODOS": {
    "es": "Deseleccionar todos"
  },
  "SELECCIONAR_EN_REVISION": {
    "es": "Seleccionar (en revisión)"
  },
  "ERROR_IDS_VACIO": {
    "es": "Error, no ha seleccionado ninguna oferta."
  },
  "CV_DATOS_IDENTIFICACION": {
    "es": "Datos de identificación"
  },
  "CV_INDICADORES_GENERALES": {
    "es": "Indicadores generales de calidad de la producción científica"
  },
  "DUPLICAR_TOOLTIP": {
    "es": "Se añadirá este ítem al CV, sin afectar al ítem existente. "
  },
  "SOBREESCRIBIR_TOOLTIP": {
    "es": "Se sobrescribirá el ítem existente con el nuevo ítem importado."
  },
  "NUEVA_AREA": {
    "es": "Nueva área"
  },
  "SECTORES_APLICACION": {
    "es": "Sectores de aplicación"
  },
  "BUSCAR_SECTOR_APLICACION": {
    "es": "Buscar sector de aplicación"
  },
  "TEXTO_EXPLICATIVO_MODAL_SECTOR_APLICACION_OFERTA": {
    "es": "Aquí podrá seleccionar los sectores de aplicación, los cuales indicarán qué sector/es objetivo tendrá la oferta tecnológica."
  },
  "SECTOR_APLICACION": {
    "es": "Sector de aplicación"
  },
  "SELECCIONAR_SECTOR_APLICACION": {
    "es": "Selecciona los sectores de aplicación"
  },
  "MATCHING": {
    "es": "Matching",
    "gl": "Matching"
  },
  "CUARTIL_FUENTE": {
    "es": "Fuente"
  },
  "CUARTIL": {
    "es": "Cuartil"
  },
  "FACTOR_DE_IMPACTO": {
    "es": "Factor de impacto"
  },
  "CUARTIL_JOURNALNUMBERINCAT": {
    "es": "Nº de revistas en la categoría"
  },
  "CUARTIL_CATEGORIA": {
    "es": "Categoría"
  },
  "BUSCAR_AREAS_PROCEDENCIA": {
    "es": "Buscar área de procedencia"
  },
  "TEXTO_EXPLICATIVO_MODAL_AREAS_PROCEDENCIA_OFERTA": {
    "es": "Aquí podrá seleccionar uno o varias áreas de procedencia de las ofertas tecnológicas. Las áreas de procedencia indican el área o disciplina académica de la que procede la oferta tecnológica."
  },
  "AREAS_PROCEDENCIA": {
    "es": "Áreas de procedencia"
  },
  "SELECCIONAR_AREAS_PROCEDENCIA": {
    "es": "Seleccionar área de procedencia"
  },
  "AREA_PROCEDENCIA": {
    "es": "AREA_PROCEDENCIA"
  },
  "OFERTA_INTRODUCE_OBSERVACIONES": {
    "es": "Introduce las observaciones"
  },
  "GUARDAR_GRAFICA": {
    "es": "Guardar en mi panel"
  },
  "ELIMINAR_GRAFICA": {
    "es": "Eliminar gráfica"
  },
  "CV_PROPIEDADIDENTIFICADORREPETIDA": {
    "es": "La propiedad 'PARAM1' es única y ya pertenece a otro ítem"
  },
  "OFERTA_INTRODUCE_UNO_VARIOS_TIPOS_COLABORACION": {
    "es": "Introduce uno o varios tipos de colaboración"
  },
  "OFERTA_INTRODUCE_UNO_VARIOS_TIPOS_SOCIOS": {
    "es": "Introduce uno o varios tipos de socios"
  },
  "OFERTA_INTRODUCE_INNOVACION": {
    "es": "Describir en qué se diferencia la tecnología respecto a otras alternativas existentes en el mercado (cuál es la innovación con respecto al estado de la técnica)"
  },
  "OFERTA_INTRODUCE_ORIGEN": {
    "es": "Señalad de donde procede la oferta: proyecto de investigación, línea de trabajo propia, colaboración con empresas, etc."
  },
  "OFERTA_INTRODUCE_VENTAJAS_BENEFICIOS": {
    "es": "Principales ventajas técnicas y/o beneficios que aporta la tecnología/capacidad (Por ejemplo, beneficios sería ahorro energético, ahorro coste/tiempo, facilidad de uso, etc.)"
  },
  "OFERTA_INTRODUCE_DESTINATARIOS": {
    "es": "Tipología de empresas o entidades que podrían estar interesados en las mismas"
  },
  "OFERTA_INTRODUCE_PROBLEMAS_RESUELVE": {
    "es": "Introduce los problemas que resuelve"
  },
  "OFERTA_INTRODUCE_DESCRIPCION": {
    "es": "Definición y encuadre general del problema que pretende resolver o mejoras la tecnología y/o capacidad científico-tecnológica propuesta y detalles técnicos, principios de funcionamiento, diagramas, datos de experiencias, etc, necesarios para entender la tecnología o know-how por un tercero (que puede no ser experta en el área)"
  },
  "AYUDA_MATCHING": {
    "es": "Proceso de pareo de etiquetas similares de ámbito médico (Health Science) con las fuentes MESH y SNOMED.",
    "en": "Matching process of similar labels in the medical field (Health Science) with the MESH and SNOMED sources.",
    "gl": "Proceso de vinculación de etiquetas similares no ámbito médico (Health Science) coas fontes MESH e SNOMED."
  },
  "NOTIFICACION_EDIT_OFERTA": {
    "es": " ha hecho una actualización en la oferta "
  },
  "NOTIFICACION_EDIT_OFERTA_MENSAJE": {
    "es": " con el siguiente mensaje: "
  },
  "CV_DUPLICADO_ELIMINAR": {
    "es": "Eliminar"
  },
  "CV_DUPLICADO_FUSIONAR": {
    "es": "Fusionar"
  },
  "GESTIONAR_DUPLICADOS": {
    "es": "Gestionar Duplicados"
  },
  "CV_DUPLICADO_NO_DUPLICADO": {
    "es": "Marcar como no duplicado"
  },
  "CONTINUAR": {
    "es": "Aplicar y siguiente"
  },
  "OMITIR_Y_CONTINUAR": {
    "es": "Ignorar y siguiente"
  },
  "CITAR_PUBLICACION": {
    "es": "Citar publicación"
  },
  "DUPLICADOS_SELECCIONAR_TODAS_OPCIONES": {
    "es": "Por favor, seleccione una opción para cada elemento. "
  },
  "CV_CAMBIAR_A_PRINCIPAL": {
    "es": "Cambiar a principal"
  },
  "DUPLICADOS_NO_HAY_DUPLICADOS": {
    "es": "No hay duplicados"
  },
  "VERSION_EXPORTACION": {
    "es": "Versión de exportación"
  },
  "ANOTACION": {
    "es": "Anotación"
  },
  "INTRODUCE_UNA_ANOTACION": {
    "es": "Introduce una anotación"
  },
  "NUEVA_ANOTACION": {
    "es": "Nueva anotación"
  },
  "MIS_NOTAS": {
    "es": "Mis notas"
  },
  "MIS_NOTAS_PRIVADAS": {
    "es": "Mis notas privadas"
  },
  "BORRAR_ANOTACIONES": {
    "es": "BORRAR_ANOTACIONES"
  },
  "CONFIRMACION_BORRAR_ANOTACIONES": {
    "es": "CONFIRMACION_BORRAR_ANOTACIONES"
  },
  "DUPLICADOS_DUPLICIDAD_RESUELTA": {
    "es": "Posibles duplicidades resueltas"
  },
  "INFORMACION_IMPORTACION": {
    "es": "Ayuda importación de CV"
  },
  "IDENTIFICADOR_ORCID": {
    "es": "ORCID"
  },
  "IDENTIFICADOR_WOS": {
    "es": "Wos ID"
  },
  "IDENTIFICADOR_SCOPUS": {
    "es": "Scopus ID"
  },
  "IDENTIFICADOR_SEMANTICSCHOLAR": {
    "es": "Semantic Scholar ID"
  },
  "CITA_ESTA_PUBLICACION": {
    "es": "Cita esta publicación"
  },
  "DESCARGAR": {
    "es": "Descargar"
  },
  "COPIAR": {
    "es": "Copiar"
  },
  "ELIGE_FORMATO_CITA": {
    "es": "Elige el formato de la cita a copiar"
  },
  "ELIGE_DESCARGA_CITA": {
    "es": "Elige el formato de descarga de la cita"
  },
  "POSIBLE_DUPLICIDAD_MENSAJE": {
    "es": "<p>Se considera el primer ítem presentado como principal, lo que quiere decir que los otros ítems se pueden:</p>\r\n<ul>\r\n<li>Fusionar. Se copia en el principal la información del ítem que no esté en el principal</li>\r\n<li>Eliminar. Se elimina el ítem y no se volverá a presentar</li>\r\n<li>Marcar como no duplicado. Se marca para que no se vuelva a proponer como duplicado del ítem principal</li>\r\n</ul>\r\n<p>Los items marcados como 'Fusionar' o 'Eliminar' se eliminarán de tu CV, y si no pertenecen al CV de otro usuario, se eliminarán del sistema</p>"
  },
  "CONTINUAR_DUPLICIDAD": {
    "es": "No hemos encontrado más ítems duplicados con una alta similitud."
  },
  "CONTINUAR_DUPLICIDAD_MENSAJE": {
    "es": "¿Quieres probar a revisar duplicados menos similares?"
  },
  "VERSION_CSS_JS": {
    "es": "8"
  },
  "CV_ALERTA_FUSION_ELIMINACION_BLOQUEADO": {
    "es": "Ten en cuenta que dentro de los items secundarios se encuentran items bloqueados, considerados fiables (validados o procedentes de fuentes externas)"
  },
  "NO_HAY_NOTAS_PRIVADAS": {
    "es": "No hay notas privadas"
  },
  "GESTION_ANOTACIONES": {
    "es": "Gestión de anotaciones"
  },
  "CV_ALERTA_ELIMINACION_BLOQUEADO": {
    "es": "La publicación que vas a eliminar se encuentra bloqueada, por lo que es considerada fiable (procedente de fuentes externas). Si continúas se eliminará de tu CV, y si no pertenece al CV de otro usuario, se eliminará del sistema y no se volverá a recuperar de fuentes externas</p>"
  },
  "LISTADO_ANOTACIONES": {
    "es": "Mis Anotaciones"
  },
  "CARGAR_MAS": {
    "es": "Cargar más"
  },
  "VINCULAR_RO": {
    "es": "Vincular RO"
  },
  "ROS_VINCULADOS": {
    "es": "ROs Vinculados"
  },
  "CV_APLICAR_CONTINUAR": {
    "es": "Aplicar y continuar"
  },
  "INDICE_H": {
    "es": "Índice H"
  },
  "PUBLICACION": {
    "es": "Publicación"
  },
  "RESULTADOS_INVESTIGACION": {
    "es": "Resultados de la investigación"
  },
  "HOME": {
    "es": "Home"
  },
  "PENDIENTE_DE_VALIDACION": {
    "es": "Pendiente de validación"
  },
  "CONSULTAR": {
    "es": "CONSULTAR"
  },
  "VILCULAR_ROS": {
    "es": "VIncular ROs"
  },
  "TEXTO_EXPLICATIVO_VINCULAR_ROS": {
    "es": "Aquí tiene un campo de búsqueda de ROs donde podrá buscar los ROs vinculados. A continuación se encuentran los ROs (visibles o no) de los ROs vinculados actualmente."
  },
  "LISTADO_RESEARCHOBJECTS_DOCUMENTOS_VINCULADOS": {
    "es": "Listado de ResearchObjects y publicaciones vinculados"
  },
  "ENVIAR_BORRAR_PRODUCCION_CIENTIFICA": {
    "es": "Enviar a borrar a producción científica"
  },
  "NUMERO_PATENTE": {
    "es": "Número de la patente"
  },
  "ENVIAR_A_DSPACE": {
    "es": "Enviar a Digitum"
  },
  "CV_ENVIO_DSPACE_CORRECTO": {
    "es": "El ítem ha sido enviado correctamente."
  },
  "CV_ENVIO_DSPACE_ERROR": {
    "es": "Ha ocurrido un error a la hora de envíar a Digitum."
  },
  "PAGINA_INICIAL": {
    "es": "Página inicial"
  },
  "GESTIONAR_OFERTA_TECNOLOGICA": {
    "es": "Gestionar ofertas tecnológicas"
  },
  "PII": {
    "es": "PII"
  },
  "CV_ENVIAR_DSPACE": {
    "es": "CV_ENVIAR_DSPACE"
  },
  "SUBE_DSPACE": {
    "es": "SUBE_DSPACE"
  },
  "MAXIMO_PESO_DSPACE": {
    "es": "MAXIMO_PESO_DSPACE"
  },
  "MEDICINA_CLINICA": {
    "es": "Medicina clínica y especialidades clínicas"
  },
  "CIENCIAS_ECONOMICAS": {
    "es": "Ciencias Económicas y Empresariales"
  },
  "BIOLOGIA_CELULAR": {
    "es": "Biología Celular y Molecular"
  },
  "CIENCIAS_BIOMEDICAS": {
    "es": "Ciencias Biomédicas"
  },
  "COMIENZA_A_CREAR_INDICADORES": {
    "es": "En el <a href=\"https://confluence.um.es/confluence/pages/viewpage.action?pageId=567443494#Indicadores/M%C3%A9tricas-IndicadoresPersonales\">manual del usuario</a> puedes consultar como crear tu propia página personal de indicadores.<br><br>En el manual verás que puedes comenzar a definirlos desde  "
  },
  "BUSCAR_LINEAS_INVESTIGACION": {
    "es": "Buscar en las líneas de investigación"
  },
  "DEBES_SELECCIONAR_LA_EXPERIENCIA_DESTACABLE": {
    "es": "En este paso tienes que seleccionar los proyectos, publicaciones y resultados de propiedad industrial e intelectual que quieras incluir como parte de la oferta tecnológica"
  },
  "RECUPERAR_SEXENIOS_ACREDITACIONES": {
    "es": "Recuperar sexenios y acreditaciones"
  },
  "RECUPERAR_SEXENIOS": {
    "es": "Recuperar sexenios"
  },
  "RECUPERAR_ACREDITACIONES": {
    "es": "Recuperar acreditaciones"
  },
  "CIENCIAS_NATURALEZA": {
    "es": "Ciencias de la Naturaleza"
  },
  "PERFIL_TECNOLOGICO": {
    "es": "Perfil tecnológico"
  },
  "INTRODUCE_PERIODO": {
    "es": "Introduce el periodo"
  },
  "PERIODO": {
    "es": "Periodo"
  },
  "COMITE": {
    "es": "Comité"
  },
  "SUBCOMITE": {
    "es": "Subcomité"
  },
  "Recuperar": {
    "es": "Recuperar"
  },
  "INGENIERIAS_COMUNICACION": {
    "es": "Ingenierías de la Comunicación, Computación y Electrónica"
  },
  "ARQUITECTURA_URBANISMO": {
    "es": "Arquitectura, Ingeniería Civil y Urbanismo "
  },
  "CIENCIAS_EDUCACION": {
    "es": "Ciencias de la Educación"
  },
  "DERECHO_JURISPRUDENCIA": {
    "es": "Derecho y Jurisprudencia"
  },
  "OTROS": {
    "es": "Otros"
  },
  "HISTORIA_GEOGRAFIA": {
    "es": "Historia, Geografía y Artes"
  },
  "FILOSOFIA_FILOLOGIA": {
    "es": "Filosofía, Filología y Lingüística"
  },
  "PERIODO_FORMATO": {
    "es": "El período de solicitud del sexenio debe seguir un formato concreto:"
  },
  "CIENCIAS_SOCIALES_POLITICAS": {
    "es": "Ciencias Sociales, Políticas, del Comportamiento y de Estudios de Género."
  },
  "CIENCIAS_SOCIALES": {
    "es": "Ciencias Sociales"
  },
  "CIENCIAS_POLITICAS": {
    "es": "Ciencias Politicas"
  },
  "CIENCIAS_COMPORTAMIENTO": {
    "es": "Ciencias del Comportamiento"
  },
  "PERIODO_INFO1": {
    "es": "Si el rango de años es secuencial (2011, 2012, 2013, 2014, 2015 y 2016), podemos agrupar los años de la siguiente manera: \"2011-2016\"."
  },
  "ESTUDIOS_GENERO": {
    "es": "Estudios de Género"
  },
  "ANTROPOLOGIA_SOCIAL": {
    "es": "Antropología Social"
  },
  "GRAFO_RELACIONES_OTROS_PARTICIPANTES": {
    "es": "Grafo de relaciones con otros participantes"
  },
  "PERIODO_INFO3": {
    "es": "También se puede enviar la lista de años separándolos por comas, por ejemplo: \"2011,2012,2013,2014,2015,2016\"."
  },
  "PERIODO_INFO2": {
    "es": "Si el rango de años contiene años que no son secuenciales (2011, 2012, 2014, 2015, 2016), sería así: \"2011,2012,2014-2016\"."
  },
  "NOTIFICACION_SEXENIOS_OBTENIDOS": {
    "es": "Los sexenios han sido obtenidos correctamente, enlace:"
  },
  "TITULARIDAD": {
    "es": "Titularidad"
  },
  "TIPO_ACREDITACION": {
    "es": "Tipo de acreditación"
  },
  "FILOLOGIA_LINGUISTICA": {
    "es": "Filología y lingüística"
  },
  "INGENIERIA_INFORMATICA": {
    "es": "Ingeniería informática"
  },
  "INGENIERIA_ELECTRICA": {
    "es": "Ingeniería eléctrica y de las telecomunicaciones"
  },
  "OTRAS_ESPECIALIDADES": {
    "es": "Otras especialidades sanitarias"
  },
  "FISICA": {
    "es": "Física"
  },
  "QUIMICA": {
    "es": "Química"
  },
  "COMISION": {
    "es": "Comisión"
  },
  "CIENCIAS_EMPRESARIALES": {
    "es": "Ciencias empresariales"
  },
  "NOTIFICACION_ACREDITACIONES_OBTENIDAS": {
    "es": "NOTIFICACION_ACREDITACIONES_OBTENIDAS"
  },
  "NOVEDADES_PUBLICACIONES_RO": {
    "es": "Novedades de publicaciones y ROs"
  },
  "NOTIFICACION_FIN_CARGA_CV": {
    "es": "Se ha terminado la carga del curriculum vitae"
  },
  "OTRAS_NOTIFICACIONES": {
    "es": "Otras notificaciones"
  },
  "CV_IGNORAR": {
    "es": "Selecciona una opción"
  },
  "IGNORAR_TOOLTIP": {
    "es": "Selecciona una de las opciones del desplegable."
  },
  "DETALLES_INFORMACION_IMPORTACION": {
    "es": "<br>\r\n<p>Por defecto se seleccionaran automáticamente los ítems nuevos y se dejarán sin seleccionar aquellos en los que se haya encontrado un ítem similar en el sistema. Para aquellos ítems en los que se encuentre uno similar en el sistema, se darán las siguientes opciones:</p>\r\n<ul> \r\n<li>Selecciona una opción - Opción por defecto. Se debe elegir una de las siguientes opciones</li>\r\n<li>Sobrescribir - El ítem sobrescribirá toda la información que sea leída por el curriculum vitae importado (CV) sobre la que esté almacenada en base de datos (BBDD) del ítem similar. Esta opción no podrá ser seleccionable si el ítem en BBDD está cargado desde fuentes externas.</li>\r\n<li>Fusionar - Se fusionará la información del ítem del CV importado con la del ítem de BBDD, los atributos del CV complementarán a los que estén en base de datos pero no sobrescribirá ninguno.</li>\r\n<li>Duplicar - Añadirá un ítem nuevo a BBDD</li>\r\n</ul>\r\n<br>\r\n<p>Información sobre los desplegables: </p>\r\n<ul>\r\n<li><span class=\"material-icons\">done_all</span> Se desplegará un listado permitiendo seleccionar o deseleccionar todos los ítems del CV, de la sección o del apartado</li>\r\n<li><span class=\"material-icons\">preview</span> Se desplegará un listado permitiendo filtrar los ítems por su estado filtrando todo el CV, la sección o el apartado</li>\r\n</ul>"
  },
  "IMPORTACION_PREMIOS_INNOVACION_DOCENTE": {
    "es": "Importando sección \"Premios de innovación docente recibidos\""
  },
  "IMPORTACION_PARTICIPACION_PROYECTOS_INNOVACION_DOCENTE": {
    "es": "Importando sección \"Participación en proyectos de innovación docente\""
  },
  "IMPORTACION_DATOS_IDENTIFICACION": {
    "es": "Importando sección \"Datos de identificación y contacto\""
  },
  "IMPORTACION_TUTORIAS_ACADEMICAS": {
    "es": "Importando sección \"Tutorías académicas de estudiantes\""
  },
  "IMPORTACION_CONTRATOS_NO_COMPETITIVOS": {
    "es": "Importando sección \"Contratos, convenios o proyectos de I+D+i no competitivos con Administraciones o entidades públicas o privadas\""
  },
  "IMPORTACION_OBRAS_ARTISTICAS": {
    "es": "Importando sección \"Obras artísticas dirigidas\""
  },
  "IMPORTACION_PROPIEDAD_INDUSTRIAL_INTELECTUAL": {
    "es": "Importando sección \"Propiedad industrial e intelectual\""
  },
  "IMPORTACION_RESULTADOS_TECNOLOGICOS": {
    "es": "Importando sección \"Resultados tecnológicos derivados de actividades especializadas y de transferencia no incluidos en apartados anteriores\""
  },
  "IMPORTACION_CONOCIMIENTO_IDIOMAS": {
    "es": "Importando sección \"Conocimiento de idiomas\""
  },
  "IMPORTACION_CURSOS_MEJORA_DOCENTE": {
    "es": "Importando sección \"Cursos y semin. mejora docente\""
  },
  "IMPORTACION_DOCTORADOS": {
    "es": "Importando sección \"Doctorados\""
  },
  "IMPORTACION_FORMACION_ESPECIALIZADA": {
    "es": "Importando sección \"Formación especializada, continuada, técnica, profesionalizada, de reciclaje y actualización\""
  },
  "IMPORTACION_CARGOS_ACTIVIDADES": {
    "es": "Importando sección \"Cargos y actividades desempeñados con anterioridad\""
  },
  "IMPORTACION_SITUACION_PROFESIONAL": {
    "es": "Importando sección \"Situación profesional actual\""
  },
  "IMPORTACION_TEXTO_LIBRE": {
    "es": "Importando sección \"Resumen de texto libre\""
  },
  "IMPORTAR_PUBLICACIONES_DOCUMENTOS": {
    "es": "Importando sección \"Publicaciones, documentos científicos y técnicos\""
  },
  "PREPARANDO_PERSONAS_PUBLICACIONES": {
    "es": "Insertando nuevas personas en el sistema"
  },
  "IMPORTACION_OTRAS_ACTIVIDADES": {
    "es": "Importando sección \"Otras actividades/méritos no incluidos en la relación anterior\""
  },
  "IMPORTACION_FORMACION_ACADEMICA": {
    "es": "Importando sección \"Formación académica impartida\""
  },
  "IMPORTANDO_NOTIFICACIONES_PUBLICACIONES": {
    "es": "Enviando notificaciones a los usuarios de la plataforma"
  },
  "IMPORTACION_OTROS_MERITOS": {
    "es": "Importando sección \"Resumen de otros méritos\""
  },
  "IMPORTACION_APORTACIONES_RELEVANTES": {
    "es": "Importando sección \"Aportaciones más relevantes de su CV de docencia\""
  },
  "IMPORTACION_TRABAJOS_CONGRESOS": {
    "es": "Importando sección \"Trabajos presentados en congresos nacionales o internacionales\""
  },
  "IMPORTACION_SOCIEDADES_ASOCIACIONES": {
    "es": "Importando sección \"Sociedades científicas y asociaciones profesionales\""
  },
  "IMPORTACION_PRODUCCION_CIENTIFICA": {
    "es": "Importando sección \"Producción científica\""
  },
  "IMPORTACION_PREMIOS_MENCIONES": {
    "es": "Importando sección \"Premios, menciones y distinciones\""
  },
  "IMPORTACION_PERIODOS_ACTIVIDAD_INVESTIGADORA": {
    "es": "Importando sección \"Períodos de actividad investigadora\""
  },
  "IMPORTACION_OTRAS_DISTINCIONES": {
    "es": "Importando sección \"Otras distinciones (carrera profesional y/o empresarial)\""
  },
  "IMPORTACION_EVAL_REV_IDI": {
    "es": "Importando sección \"Evaluación y revisión de proyectos y artículos de I+D+i\""
  },
  "IMPORTACION_FOROS_COMITES": {
    "es": "Importando sección \"Foros y comités nacionales e internacionales\""
  },
  "IMPORTACION_OTRAS_ACTIVIDADES_DIVULGACION": {
    "es": "Importando sección \"Otras actividades de divulgación\""
  },
  "IMPORTACION_DIRECCION_TESIS": {
    "es": "Importando sección \"Dirección de tesis doctorales y/o proyectos fin de carrera\""
  },
  "IMPORTACION_AYUDA_BECAS": {
    "es": "Importando sección \"Ayudas y becas obtenidas\""
  },
  "IMPORTACION_COMITES_CTA": {
    "es": "Importando sección \"Comités científicos, técnicos y/o asesores\""
  },
  "IMPORTACION_CONSEJOS": {
    "es": "Importando sección \"Consejos editoriales\""
  },
  "IMPORTACION_ESTANCIAS_IDI": {
    "es": "Importando sección \"Estancias en centros de I+D+i públicos o privados\""
  },
  "IMPORTANDO_PUBLICACIONES": {
    "es": "Importando las publicaciones "
  },
  "COMPARAR_ITEMS_INFORMACION_TITULO": {
    "es": "Comparar información de los ítems de importación"
  },
  "CERRAR": {
    "es": "Cerrar"
  },
  "ITEM_ORIGINAL": {
    "es": "Ítem original del CV"
  },
  "ITEM_IMPORTADO": {
    "es": "Ítem nuevo pendiente de importación"
  },
  "IMPORTACION_PUBLICACIONES_DOCENTES": {
    "es": "Importando sección \"Publicaciones docentes o de carácter pedagógico, libros, artículos, etc.\""
  },
  "IMPORTACION_GRUPOS_IDI": {
    "es": "Importando sección \"Grupos/equipos de investigación, desarrollo o innovación\""
  },
  "IMPORTACION_PROYECTOS_IDI_COMPETITIVOS": {
    "es": "Importando sección \"Proyectos de I+D+i financiados en convocatorias competitivas de Administraciones o entidades públicas y privadas\""
  },
  "IMPORTACION_ESTUDIOS_CICLOS": {
    "es": "Importando sección \"Estudios de 1º y 2º ciclo, y antiguos ciclos (licenciados, Diplomados, Ingenieros Superiores, Ingenieros Técnicos, Arquitectos)\""
  },
  "IMPORTACION_OTRA_FORMACION_POSGRADO": {
    "es": "Importando sección \"Otra formación universitaria de posgrado Formación especializada\""
  },
  "NOTIFICACION_SEXENIOS_NOTIFY": {
    "es": "La URL de petición de sexenios es la siguiente:"
  },
  "NOTIFICACION_ACREDITACIONES_NOTIFY": {
    "es": "La URL de petición de acreditaciones es la siguiente:\r\n"
  },
  "IMPORTACION_PARTICIPACION_CONGRESOS_FORMACION_DOCENTE": {
    "es": "Importando sección \"Participación en congresos con ponencias orientadas a la formación docente\""
  },
  "IMPORTACION_CURSOS_SEMINARIOS": {
    "es": "Importando sección \"Cursos y seminarios impartidos orientados a la formación docente universitaria\""
  },
  "IMPORTACION_REDES_COOPERACION": {
    "es": "Importando sección \"Redes de cooperación\""
  },
  "IMPORTACION_OTROS_MODOS_COLABORACION": {
    "es": "Importando sección \"Otros modos de colaboración con investigadores/as o tecnólogos/as\""
  },
  "IMPORTACION_ORGANIZACION_IDI": {
    "es": "Importando sección \"Organización de actividades de I+D+i\""
  },
  "IMPORTACION_ACREDITACIONES_OBTENIDAS": {
    "es": "Importando sección \"Acreditaciones/reconocimientos obtenidos\""
  },
  "IMPORTACION_GESTION_IDI": {
    "es": "Importando sección \"Gestión de I+D+i\""
  },
  "IMPORTACION_TRABAJOS_JORNADAS_SEMINARIOS": {
    "es": "Importando sección \"Trabajos presentados en jornadas, seminarios, talleres de trabajo y/o cursos nacionales o internacionales\""
  },
  "COMPARAR_ITEMS_IMPORTAR": {
    "es": "Comparación de ítems"
  },
  "COMPARAR_ITEMS_INFORMACION": {
    "es": "Esta ventana permite la comparación del nuevo ítem que queremos importar con el ítem similar que ya está cargado en el CV."
  },
  "COMPARAR_ITEMS": {
    "es": "Comparar ítems"
  },
  "BUSQUEDA_URL_PUBLICACIONES": {
    "es": "buscador-publicaciones"
  },
  "BUSQUEDA_URL_INVESTIGADORES": {
    "es": "buscador-personal-investigador"
  },
  "CMS_URL_ALERTAS": {
    "es": "alertas"
  },
  "BUSQUEDA_URL_PROYECTOS": {
    "es": "buscador-proyectos"
  },
  "HERCULES": {
    "es": "Hércules",
    "en": "Hercules"
  },
  "BUSQUEDA_URL_GRUPOS": {
    "es": "buscador-grupos-de-investigacion"
  },
  "BUSQUEDA_URL_RESEARCH_OBJECTS": {
    "es": "buscador-researchobjects"
  },
  "BUSQUEDA_URL_GESTIONROS": {
    "es": "gestionros"
  },
  "CMS_URL_REDES": {
    "es": "redes"
  },
  "CMS_URL_INDICADORES": {
    "es": "indicadores"
  },
  "CMS_URL_INDICADORES_PERSONALES": {
    "es": "indicadores-personales"
  },
  "CMS_URL_NUEVO_CLUSTER": {
    "es": "nuevo-cluster"
  },
  "CMS_URL_CLUSTER": {
    "es": "listado-cluster"
  },
  "MA_HABILITADO": {
    "es": "true"
  },
  "BUSQUEDA_URL_OFERTAS": {
    "es": "buscador-ofertas-tecnologicas"
  },
  "CMS_URL_OFERTA": {
    "es": "mis-ofertas-tecnologicas"
  },
  "CMS_URL_EXPORTAR_CV": {
    "es": "exportar-cv"
  },
  "CMS_URL_IMPORTAR_CV": {
    "es": "importar-cv"
  },
  "ED_HABILITADO": {
    "es": "true"
  },
  "CMS_URL_NUEVA_OFERTA_TECNOLOGICA": {
    "es": "nueva-oferta-tecnologica"
  },
  "CMS_URL_GESTION_OFERTA_TECNOLOGICA": {
    "es": "gestion-ofertas-tecnologicas"
  },
  "BUSQUEDA_URL_ANOTACIONES": {
    "es": "gestion-anotaciones"
  },
  "CMS_URL_HOMEED": {
    "es": "homeed"
  },
  "IMPORTACION_EN_PROCESO_MENSAJE": {
    "es": "Se esta realizando una importación a su CV, los cambios se verán reflejados cuando esta termine. No realice cambios en su CV hasta entonces."
  },
  "IMPORTACION_EN_PROCESO": {
    "es": "Importación en proceso"
  }
}