{
  "ERDF": {
    "es": "ERDF"
  },
  "ID_BUSQUEDA_DOCUMENTOS": {
    "es": "6073a387-5e95-47b3-a4d1-09a95bb7c6e5"
  },
  "NOMBRE_PUBLICACION": {
    "es": "Nombre de la publicación",
    "en": "Publication name"
  },
  "PUBLICACIONES": {
    "es": "Publicaciones",
    "en": "Publications"
  },
  "AUTORES_FIRMA": {
    "es": "Autores/as (p. o. de firma)",
    "en": "Authors "
  },
  "FECHA_PUBLICACION": {
    "es": "Fecha de publicación",
    "en": "Publication date"
  },
  "ID_PUBLICACION": {
    "es": "Identificador publicación",
    "en": "Publication identifier"
  },
  "AREAS_INVESTIGACION": {
    "es": "Áreas de investigación",
    "en": "Research areas"
  },
  "WEBS": {
    "es": "Sitios webs",
    "en": "Websites"
  },
  "ETIQUETAS": {
    "es": "Etiquetas",
    "en": "Tags"
  },
  "LINKS_ADICIONALES": {
    "es": "Enlaces adicionales",
    "en": "Additional links"
  },
  "TIPO_PRODUCCION": {
    "es": "Tipo de producción",
    "en": "Production type"
  },
  "REFERENCIAS": {
    "es": "Referencias",
    "en": "References"
  },
  "TIPO_SOPORTE": {
    "es": "Tipo de soporte",
    "en": "Support type"
  },
  "AREAS_CONOCIMIENTO": {
    "es": "Áreas de conocimiento",
    "en": "Knowledge areas"
  },
  "TEMAS_INVESTIGACION": {
    "es": "Temas de investigación",
    "en": "Research topics"
  },
  "FILTROS": {
    "es": "Filtros",
    "en": "Filters"
  },
  "LISTADO_PUBLICACIONES": {
    "es": "Listado de publicaciones",
    "en": "List of publications"
  },
  "INI_SESSION": {
    "es": "Iniciar sesión en",
    "en": "Login in"
  },
  "EMAIL": {
    "es": "Correo electrónico",
    "en": "E-mail"
  },
  "PASS": {
    "es": "Contraseña",
    "en": "Password"
  },
  "SECURITY": {
    "es": "Seguridad",
    "en": "Security"
  },
  "COOKIES": {
    "es": "Política de privacidad y cookies",
    "en": "Privacy and cookies policy"
  },
  "COPYRIGHT": {
    "es": "Todos los derechos reservados",
    "en": "All rights reserved"
  },
  "ERDF_TITLE": {
    "es": "FONDO EUROPEO DE DESARROLLO REGIONAL",
    "en": "EUROPEAN REGIONAL DEVELOPMENT FUND"
  },
  "ERDF_DESCRIPTION": {
    "es": "Una manera de hacer Europa",
    "en": "A way to make europe"
  },
  "LEGAL_WARNING": {
    "es": "Aviso legal",
    "en": "Legal warning"
  },
  "PRESUPUESTO": {
    "es": "PRESUPUESTO",
    "en": "BUDGET"
  },
  "ID_BUSQUEDA_PERSONAS": {
    "es": "f0ba215c-1629-456a-a7ac-69b63f4e986f"
  },
  "RELACIONADOS": {
    "es": "Relacionados",
    "en": "Related"
  },
  "FECHA_INICIO": {
    "es": "Fecha de inicio",
    "en": "Start date"
  },
  "FECHA_FIN": {
    "es": "Fecha de fin",
    "en": "Ending date"
  },
  "CODIGO_PROYECTO": {
    "es": "Código de proyecto",
    "en": "Project code"
  },
  "COINVESTIGADOR_PRINCIPAL": {
    "es": "Personal coinvestigador principal:",
    "en": "Principal coinvestigator staff:"
  },
  "INVESTIGADOR_PRINCIPAL": {
    "es": "Personal investigador principal:"
  },
  "PROGRAMA_FINANCIACION": {
    "es": "Programa de financiación"
  },
  "AMBITO_GEOGRAFICO": {
    "es": "Ámbito geográfico"
  },
  "MODALIDAD_PROYECTO": {
    "es": "Modalidad del proyecto"
  },
  "NUMERO_INVESTIGADORES": {
    "es": "Número de investigadores"
  },
  "PERSONAL_INVESTIGADOR_PRINCIPAL": {
    "es": "Personal investigador principal:"
  },
  "TIPO_PROYECTO": {
    "es": "Tipo de proyecto"
  },
  "TOPICS": {
    "es": "Topics"
  },
  "PARTICIPANTES": {
    "es": "Participantes"
  },
  "WEBSITES": {
    "es": "WEBSITES"
  },
  "VER_MAS": {
    "es": "Ver más"
  },
  "VER_MENOS": {
    "es": "Ver menos"
  },
  "AREA_CONOCIMIENTO": {
    "es": "Áreas de conocimiento"
  },
  "VISUALIZE": {
    "es": "Visualización"
  },
  "COMPACT": {
    "es": "Compacto"
  },
  "LIST": {
    "es": "Listado"
  },
  "ID_BUSQUEDA_PROYECTOS": {
    "es": "f0ba215c-1629-456a-a7ac-69b63f4e986f"
  },
  "LISTADO_COLABORADORES": {
    "es": "Listado de colaboradores"
  },
  "LISTADO_PROYECTOS": {
    "es": "Listado de proyectos"
  },
  "OTROS_MERITOS": {
    "es": "Otros méritos"
  },
  "COLABORACIONES": {
    "es": "Colaboraciones"
  },
  "DIRECCION_CONTACTO": {
    "es": "Dirección de contacto"
  },
  "TELEFONO": {
    "es": "Teléfono"
  },
  "CORREO_ELECTRONICO": {
    "es": "Correo electrónico"
  },
  "CONTACTO": {
    "es": "Contacto"
  },
  "PAGINA_WEB": {
    "es": "Página web"
  },
  "AREAS_TEMATICAS": {
    "es": "Áreas temáticas"
  },
  "GRUPOS_INVESTIGACION": {
    "es": "Grupos de investigación"
  },
  "PROYECTOS": {
    "es": "Proyectos"
  },
  "MIEMBROS": {
    "es": "Miembros"
  },
  "OTROS_RESULTADOS": {
    "es": "Otros resultados"
  },
  "CV_BUSCAR": {
    "es": "Buscar"
  },
  "ENTIDAD_FINANCIADORA": {
    "es": "Entidades financiadoras"
  },
  "POJECTS": {
    "es": "Proyectos",
    "en": "Projects"
  },
  "PERSONAL_INVESTIGADOR": {
    "es": "Personal investigador"
  },
  "AREAS_TEMARICAS": {
    "es": "Áreas temáticas"
  },
  "COLABORADORES": {
    "es": "Colaboradores"
  },
  "CV_FIRMANOSELECCIONADOPERSONA": {
    "es": "No se ha seleccionado persona para la firma"
  },
  "CV_OTECLEADATOSDE": {
    "es": "O teclea los datos de"
  },
  "CV_BUSCARPOR": {
    "es": "Buscar por"
  },
  "CV_COINCIDENCIA": {
    "es": "Coincidencia"
  },
  "CV_MASRESULTADOS": {
    "es": "Más resultados"
  },
  "CV_INTRODUCENOMBRE": {
    "es": "Introduce el nombre"
  },
  "CV_VALIDAR": {
    "es": "Validar"
  },
  "CV_NOMBRE": {
    "es": "Nombre"
  },
  "CV_VOLVERPANTALLAANTERIOR": {
    "es": "Volver a la pantalla anterior"
  },
  "CV_ANIADIRSELECCIONADOS": {
    "es": "Añadir seleccionados"
  },
  "CV_CODIGOORCID": {
    "es": "Código ORCID"
  },
  "DESCRIPTION": {
    "es": "Descripción",
    "en": "Description"
  },
  "CV_INTRODUCEFIRMA": {
    "es": "Introduce la firma"
  },
  "CV_RESUMENTEXTOLIBRE": {
    "es": "Resumen de texto libre"
  },
  "CV_SEGURODESEAELIMINAR": {
    "es": "¿Está seguro de que desea eliminar?"
  },
  "CV_ELIMINAR": {
    "es": "Eliminar"
  },
  "CV_GUARDAR": {
    "es": "Guardar"
  },
  "CV_EDITAR": {
    "es": "Editar"
  },
  "CV_DESPLEGARTODAS": {
    "es": "Desplegar todas"
  },
  "AREAS-TEMATICAS": {
    "es": "Áreas temáticas"
  },
  "CV_BUSCARPORFIRMA": {
    "es": "Buscar por firma (Introduce una o varias firmas separadas por ';')"
  },
  "ESTADO": {
    "es": "Estado"
  },
  "INVESTIGADORES": {
    "es": "Investigadores"
  },
  "CV_PLEGARTODAS": {
    "es": "Plegar todas"
  },
  "CV_SI": {
    "es": "Sí"
  },
  "CV_NO": {
    "es": "No"
  },
  "CV_EDITARCV": {
    "es": "Editar CV"
  },
  "CV_SITUACIONPROFESIONAL": {
    "es": "Situación profesional"
  },
  "CV_FIRMA": {
    "es": "Firma"
  },
  "CV_DATOSIDENTIFICACION": {
    "es": "Datos de identificación"
  },
  "CV_CAMBIARSECCION": {
    "es": "Cambiar de sección"
  },
  "CV_ANIADIRPERSONALINVESTIGADOR": {
    "es": "Añadir personal investigador"
  },
  "CV_SEGUNDOAPELLIDO": {
    "es": "Segundo apellido"
  },
  "CV_INTRODUCECODIGOORCID": {
    "es": "Introduce el código ORCID"
  },
  "CV_PRIMERAPELLIDO": {
    "es": "Primer apellido"
  },
  "CV_INTRODUCEPRIMERAPELLIDO": {
    "es": "Introduce el primer apellido"
  },
  "CV_INTRODUCESEGUNDOAPELLIDO": {
    "es": "Introduce el segundo apellido"
  },
  "CV_LAFIRMAXESTADUPLICADA": {
    "es": "La firma PARAM1 está duplicada"
  },
  "CV_LAFIRMAXYAESTAINTRODUCIDA": {
    "es": "La firma PARAM1 ya está introducida"
  },
  "LINEAS_INVESTIGACION": {
    "es": "Líneas de investigación"
  },
  "CV_ESTACARGADAPERSONAOTRAFIRMA": {
    "es": "Ya está cargada la persona PARAM1 en otra firma"
  },
  "CV_INTRODUCEAPELLIDOS": {
    "es": "Introduce los apellidos"
  },
  "CV_APELLIDOS": {
    "es": "Apellidos"
  },
  "CV_NOMBREOBLIGATORIO": {
    "es": "El nombre es obligatorio"
  },
  "CV_APELLIDOSOBLIGATORIO": {
    "es": "Los apellidos son obligatorios"
  },
  "CV_AGNADIR": {
    "es": "Añadir"
  },
  "CV_NOHASINTRODUCIDONINGUNAFIRMA": {
    "es": "No has introducido ninguna firma"
  },
  "CITAS": {
    "es": "Citas"
  },
  "CV_ELCODIGOINTRODUCIDONOESVALIDO": {
    "es": "El código introducido no es válido"
  },
  "DOI": {
    "es": "DOI"
  },
  "CATEGORIAS": {
    "es": "CATEGORIAS"
  },
  "PLEGAR": {
    "es": "PLEGAR"
  },
  "DESPLEGAR": {
    "es": "DESPLEGAR"
  },
  "NODOS": {
    "es": "nodos"
  },
  "CV_ACTIVIDADCIENTIFICAYTECNOLOGICA": {
    "es": "Actividad"
  },
  "CV_EXPERIENCIACIENTIFICAYTECNOLOGICA": {
    "es": "Experiencia"
  },
  "PUBLICACIONES_URL": {
    "es": "buscador-publicaciones",
    "en": "buscador-publicaciones"
  },
  "ADD_AREA_TEMATICA": {
    "es": "Añadir área temática"
  },
  "ADD_ETIQUETAS": {
    "es": "Añadir etiquetas"
  },
  "GUARDAR_ESPACIO_PERSONAL": {
    "es": "Guardar en espacio personal"
  },
  "ACCIONES": {
    "es": "Acciones"
  },
  "COMPARTIR": {
    "es": "Compartir"
  },
  "CITAR": {
    "es": "Citar"
  },
  "PROPONER_AREAS_TEMATICAS": {
    "es": "Proponer áreas temáticas"
  },
  "PROPONER_ETIQUETAS": {
    "es": "Proponer etiquetas"
  },
  "ENVIAR_PRODUCCION_CIENTIFICA": {
    "es": "Enviar a producción científica"
  },
  "ID_BUSQUEDA_PERSONAS_COLABORADORES": {
    "es": "a0da0162-7cfe-4c2a-bc8e-1d41daf6ea15"
  },
  "APLICAR": {
    "es": "APLICAR"
  },
  "PERIODO_TEMPORAL": {
    "es": "Periodo temporal"
  },
  "PERSONALIZADO": {
    "es": "Personalizado"
  },
  "ULTIMO_ANIO": {
    "es": "Último año"
  },
  "ULTIMOS_CINCO_ANIOS": {
    "es": "Últimos cinco años"
  },
  "TODOS": {
    "es": "Todos"
  },
  "ANIO": {
    "es": "Año"
  },
  "ANIO_INICIO": {
    "es": "Año de inicio"
  },
  "ANIO_FIN": {
    "es": "Año de fin"
  },
  " ANIO": {
    "es": " ANIO"
  },
  " ANIO_INICIO": {
    "es": " ANIO_INICIO"
  },
  "GRAFICA_PUBLICIONES": {
    "es": "Publicaciones y citas por año"
  },
  "GRAFICA_PROYECTOS_ANIO": {
    "es": "Proyectos por año"
  },
  "GRAFICA_PROYECTOS_MIEMBROS": {
    "es": "Investigadores por proyecto"
  },
  "GRAFICA_PROYECTOS_AMBITO": {
    "es": "Ámbito de los proyectos"
  },
  "GRAFICA_AREAS_GRUPO_ARANIA": {
    "es": "Relaciones de los temas"
  },
  "GRAFICA_AREAS_GRUPO_BARRAS": {
    "es": "Uso de los temas"
  },
  "GRAFICA_COLABORADORES_GRUPO": {
    "es": "Colaboradores"
  },
  "GRAFICA_MIEMBROS_GRUPO": {
    "es": "Miembros del grupo"
  },
  "CV_DATOSPERSONALES": {
    "es": "Datos personales"
  },
  "COLABORADORES_EXTERNOS": {
    "es": "Colaboradores externos"
  },
  "CV_ACCIONES": {
    "es": "Acciones"
  },
  "GRUPOS_URL": {
    "es": "buscador-grupos-de-investigacion",
    "en": "buscador-grupos-de-investigacion"
  },
  "CV_PUBLICAR": {
    "es": "Publicar"
  },
  "CV_DESPUBLICAR": {
    "es": "Despublicar"
  },
  "CV_PLEGAR": {
    "es": "Plegar"
  },
  "CV_DESPLEGAR": {
    "es": "Desplegar"
  },
  "CV_ACTIVIDADDOCENTE": {
    "es": "Actividad docente"
  },
  "CV_FORMACIONRECIBIDA": {
    "es": "Formación recibida"
  },
  "CV_FORMATOIMAGENES": {
    "es": "Imágenes en formato .PNG o .JPG"
  },
  "CV_PESOMAXIMOIMAGENES": {
    "es": "Peso máximo de las imágenes PARAM1 kb"
  },
  "CV_IMAGENPESADEMASIADO": {
    "es": "El archivo pesa demasiado. El límite es PARAM1 Kb"
  },
  "CITADO_POR": {
    "es": "Citado por"
  },
  "AREAS_TEMATICAS_CITAS": {
    "es": "Área temáticas de las citas"
  },
  "ROS_RELACIONADOS": {
    "es": "ROs relacionados"
  },
  "ANOTACIONES": {
    "es": "Anotaciones"
  },
  "INFORMACION": {
    "es": "Información"
  },
  "LENGUAJES_PROGRAMACION": {
    "es": "Lenguajes de programación"
  },
  "NUMERO_RELEASES": {
    "es": "Número de releases"
  },
  "FECHA_ULTIMA_ACTUALIZACION": {
    "es": "Fecha última actualización"
  },
  "CV_ESCRIBE_ALGO": {
    "es": "escribe para buscar"
  },
  " ANIO_FIN": {
    "es": "ANIO_FIN"
  },
  "LICENCIA": {
    "es": "Licencia"
  },
  "NUMERO_BRANCHES": {
    "es": "Número de branches"
  },
  "NUMERO_PACKAGES": {
    "es": "Número de packages"
  },
  "NUMERO_FORK": {
    "es": "Número de forks"
  },
  "NUMERO_ISSUES": {
    "es": "Número de issues"
  },
  "SEARCH": {
    "es": "Buscar"
  },
  "CV_RESTABLECER": {
    "es": "Restablecer"
  },
  "URL": {
    "es": "URL"
  },
  "CV_INTRODUCEFIRMASSEPARADASCOMAS": {
    "es": "Introduce una o varias firmas separadas por ';'"
  },
  "CV_RESEARCHOBJECTS": {
    "es": "Otros resultados"
  },
  "Documentos": {
    "es": "Documentos"
  },
  "SI": {
    "es": "Si"
  },
  "NO": {
    "es": "No"
  },
  "RELACIONES_MIEMBROS": {
    "es": "Relaciones entre los miembros"
  },
  "RELACIONES": {
    "es": "Relaciones"
  },
  "DOCUMENTOS": {
    "es": "Documentos"
  },
  "ARBOL": {
    "es": "ARBOL"
  },
  "LISTA": {
    "es": "LISTA"
  },
  "CLOSE": {
    "es": "Cerrar"
  },
  "RESEARCHOBJECTS": {
    "es": "Otros objetos de investigación"
  },
  "GRUPOS": {
    "es": "Grupos de investigación"
  },
  "PLACEHOLDER_METABUSCADOR": {
    "es": "Buscar en el portal de investigación"
  },
  "INDICADORES": {
    "es": "Indicadores"
  },
  "CREAR_CLUSTER": {
    "es": "Crear clúster"
  },
  "INICIO": {
    "es": "Inicio"
  },
  "ROS_URL": {
    "es": "buscador-researchobjects",
    "en": "buscador-researchobjects"
  },
  "PROJECTS_URL": {
    "es": "buscador-proyectos",
    "en": "buscador-proyectos"
  },
  "INVESTIGADORES_URL": {
    "es": "buscador-personal-investigador",
    "en": "buscador-personal-investigador"
  },
  "DEFINIR_PERFILES_AREAS_INVESTIGACION": {
    "es": "Definir perfiles y áreas de investigación"
  },
  "ORGANIZA_AREAS_PERFIL_TEMATICOS___": {
    "es": "Crea perfiles de investigación para poder buscar posteriormente investigaciones en función de los perfiles que definas."
  },
  "QUIERES_BUSCAR_INVESTIGADORES_EXPERIENCIA___": {
    "es": "¿Quieres filtrar (y buscar) el personal investigador con determinada experiencia?"
  },
  "PERFILES": {
    "es": "Perfiles"
  },
  "GUARDAR_SIGUIENTE": {
    "es": "Guardar y siguiente"
  },
  "NOMBRE_TITULO_CLUSTER": {
    "es": "Nombre / Título cluster"
  },
  "DEFINIR_CLUSTER": {
    "es": "Definir cluster"
  },
  "DESCRIPCION": {
    "es": "Descripción"
  },
  "CLASIFICACION_AREAS_TEMATICAS": {
    "es": "Clasificación de áreas temáticas"
  },
  "GRAFO_RELACIONES_INVESTIGADORES": {
    "es": "Grafo de relaciones con otros investigadores"
  },
  "ANADIR_OTRO_PERFIL": {
    "es": "Añadir otro perfil"
  },
  "TODAS": {
    "es": "Todas"
  },
  "ANADIR": {
    "es": "Añadir"
  },
  "RECOMENDACIONES_SELECCION_INVESTIGADORES": {
    "es": "Recomendaciones y selección de investigadores"
  },
  "BUSCA_CATEGORIA": {
    "es": "Buscar una categoría"
  },
  "RELACIONES_ENTRE_MIEMBROS": {
    "es": "Relaciones entre miembros"
  },
  "SELECCIONAR_AREAS_TEMATICAS": {
    "es": "Seleccionar áreas temáticas"
  },
  "BUSCAR_AREA_TEMATICA": {
    "es": "Buscar área temática"
  },
  "DESCRIPTORES_ESPECIFICOS": {
    "es": "Descriptores específicos"
  },
  "GRAFRO_RELACIONES_OTROS_INVESTIGADORES": {
    "es": "Grafo de relaciones con otros investigadores seleccionados"
  },
  "ANADIR_PERFIL": {
    "es": "Añadir perfil"
  },
  "ANADIR_TOPICOS_ESPECIFICOS": {
    "es": "Añadir tópicos específicos"
  },
  "ANADIR_TOPICOS": {
    "es": "Añadir tópicos"
  },
  "SIGUIENTE": {
    "es": "Siguiente"
  },
  "INTRODUCE_NOMBRE_TITULO": {
    "es": "Introduce un Nombre / Título cluster"
  },
  "REVISE_ERRORES_CAMPOS_RELLENADOS": {
    "es": "Revise que todos los cambios marcados como obligatorios estén rellenados"
  },
  "GUARDAR_TERMINAR": {
    "es": "Guardar y terminar"
  },
  "ANADIR_DESCRIPTORES_ESPECIFICOS": {
    "es": "Añadir descriptores específicos"
  },
  "ELIMINAR": {
    "es": "ELIMINAR"
  },
  "DESCRIPTOR_ESPECIFICO": {
    "es": "Descriptor específico"
  },
  "CV_VISIBLE": {
    "es": "Visible en el portal de investigación"
  },
  "CV_OCULTO": {
    "es": "Oculto en el portal de investigación"
  },
  "FRANCES": {
    "es": "Francés"
  },
  "GALLEGO": {
    "es": "Gallego"
  },
  "EUSKERA": {
    "es": "Euskera"
  },
  "CATALAN": {
    "es": "Catalán"
  },
  "INGLES": {
    "es": "Inglés"
  },
  "ESPAGNOL": {
    "es": "Español"
  },
  "CV_TRADUCCIONES": {
    "es": "Traducciones"
  },
  "CV_SINTRADUCCION": {
    "es": "Sin traducción"
  },
  "CV_CONTRADUCCION": {
    "es": "Con traducción"
  },
  "LISTADO_INVETIGADORES_SELECCIONADOS": {
    "es": "Listado de investigadores seleccionados"
  },
  "NUEVO_CLUSTER": {
    "es": "Nuevo cluster"
  },
  "GRAFO_RELACIONES_INVESTIGADORES_SELECCIONADOS": {
    "es": "Grafo de relaciones con otros investigadores seleccionados"
  },
  "LISTADO_RESEARCHOBJECTS": {
    "es": "Listado de researchobjects"
  },
  "ERROR_SERVER": {
    "es": "Error del servidor"
  },
  "GUARDAR": {
    "es": "Guardar"
  },
  "TOPICOS": {
    "es": "Tópicos"
  },
  "PERFIL": {
    "es": "Perfil"
  },
  "ORDER_AJUSTE": {
    "es": "Concordancia"
  },
  "CV_BLOQUEADO": {
    "es": "No editable"
  },
  "ORDER_VOLUMEN": {
    "es": "Volumen"
  },
  "ORDER_MIXTO": {
    "es": "Relevancia"
  },
  "SELECCIONADOS": {
    "es": "Seleccionados"
  },
  "NOTIFICACION_SE": {
    "es": "Se ",
    "en": "It"
  },
  "IMPORTAR_CV": {
    "es": "Importar curriculum vitae"
  },
  "NOTIFICACION_ALERTA": {
    "es": "Alertas",
    "en": "Alerts"
  },
  "NOTIFICACION_PERSONA": {
    "es": "persona"
  },
  "RESETEAR": {
    "es": "Resetear"
  },
  "RESETEAR_GRAFICA": {
    "es": "Resetear gráfica"
  },
  "NOTIFICACION_TE_HA_ANADIDO": {
    "es": "te ha añadido ",
    "en": "has added you to "
  },
  "NOTIFICACION_HA_EDITADO": {
    "es": "ha editado ",
    "en": "has been edited "
  },
  "NOTIFICACION_TE_HA_RETIRADO": {
    "es": "te ha retirado ",
    "en": "has retired you "
  },
  "NOTIFICACION_PUBLICACION": {
    "es": "la publicación ",
    "en": "the publication "
  },
  "NOTIFICACION_JORNADA": {
    "es": "la jornada "
  },
  "NOTIFICACION_CONGRESO": {
    "es": "el congreso"
  },
  "REVISE_ERRORES_CAMPOS_ETIQUETAS_TAGS": {
    "es": "Debe de rellenar en los perfiles al menos uno de los elementos; las categorías o los descriptores"
  },
  "NOTIFICACION_RECURSO_URL": {
    "es": "recurso",
    "en": "resource"
  },
  "NOTIFICACION_RECURSO": {
    "es": "el recurso ",
    "en": "the resource "
  },
  "PRINCIPAL": {
    "es": "Principal"
  },
  "@CONFIRMACION_BORRAR_CLUSTER": {
    "es": "@CONFIRMACION_BORRAR_CLUSTER"
  },
  "BORRAR": {
    "es": "Borrar"
  },
  "BORRAR_CLUSTER": {
    "es": "Borrar el Cluster"
  },
  "CONFIRMACION_BORRAR_CLUSTER": {
    "es": "¿Seguro que quiere borrar el Cluster?"
  },
  "CLUSTER_URL": {
    "es": "listado-cluster"
  },
  "EDITAR_CLUSTER": {
    "es": "Editar cluster"
  },
  "ANADIR_UN_PERFIL": {
    "es": "Añadir un perfil"
  },
  "TEXTO_EXPLICATIVO_MODAL_AREAS_TEMATICAS": {
    "es": "En este paso puedes seleccionar las áreas temáticas del cluster, de entre las disponibles en el árbol de temas en inglés."
  },
  "TEXTO_EXPLICATIVO_TAGS_MODAL": {
    "es": "En este paso puedes seleccionar los descriptores específicos, de entre los disponibles en las opciones de autocompletado"
  },
  "TECLEA_E_INTRODUCE_AUTOCOMPLETADO": {
    "es": "Teclea y selecciona entre las opciones de autocompletado"
  },
  "INTRODUCE_NOMBRE_NUEVO_PERFIL": {
    "es": "Introduce un nombre para el nuevo perfil"
  },
  "ATENCION": {
    "es": "Atención"
  },
  "ANTERIOR": {
    "es": "Anterior"
  },
  "SUGERIDOS": {
    "es": "Sugeridos"
  },
  "FECHA_DESCENDENTE": {
    "es": "Fecha descendente"
  },
  "FECHA_ASCENDENTE": {
    "es": "Fecha ascendente"
  },
  "NUMERO_CITAS": {
    "es": "Nº de citas"
  },
  "FECHA_INICIO_DESCENDENTE": {
    "es": "Fecha de inicio descendente"
  },
  "FECHA_FIN_DESCENDENTE": {
    "es": "Fecha de fin descendente"
  },
  "FECHA_INICIO_ASCENDENTE": {
    "es": "Fecha de inicio ascendente"
  },
  "FECHA_FIN_ASCENDENTE": {
    "es": "Fecha de fin ascendente"
  },
  "PERFILES_REPETIDOS": {
    "es": "Un perfil con ese nombre existe actualmente"
  },
  "EXPORTAR_CV": {
    "es": "Exportar curriculum vitae"
  },
  "URL_SERVICIO_EXTERNO": {
    "es": "https://serviciosedma.gnoss.com/servicioexterno/"
  },
  "ERROR_LOGIN_INEXISTENTE_H1": {
    "es": "ERROR, El usuario no es un investigador"
  },
  "ERROR_LOGIN_INEXISTENTE": {
    "es": "No se ha encontrado ninguna asociación como investigador para el siguiente email:"
  },
  "CV_OCULTAR_EDICION": {
    "es": "Ocultar edición"
  },
  "EDITAR": {
    "es": "Editar"
  },
  "EDITAR_PERFIL": {
    "es": "Editar perfil"
  },
  "DEBES_SELECCIONAR_LOS_PERFILES_CLICANDOLOS_CADA_PERSONA": {
    "es": "Puedes añadir una persona a un perfil haciendo clic en los títulos de los los perfiles que cada persona tiene asignados en el listado de recomendaciones que se muestra a continuación."
  },
  "GUARDAR_CAMBIOS": {
    "es": "Guardar cambios"
  },
  "LISTADO_CLUSTERS": {
    "es": "Mis clusters"
  },
  "CURRICULUM": {
    "es": "Curriculum vitae"
  },
  "GESTION_CLUSTERS": {
    "es": "Gestión de clusters"
  },
  "EDITAR_CV": {
    "es": "Editar curriculum vitae"
  },
  "NUEVO_CLUSTER_URL": {
    "es": "nuevo-cluster"
  },
  "EXPORTAR_CV_URL": {
    "es": "exportar-cv"
  },
  "ALERTAR_URL": {
    "es": "ALERTAR_URL"
  },
  "ALERTAS": {
    "es": "Alertas"
  },
  "ALERTAS_URL": {
    "es": "alertas"
  },
  "IMPORTAR_CV_URL": {
    "es": "importar-cv"
  },
  "URL_SERVICIO_EDITORCV": {
    "es": "https://serviciosedma.gnoss.com/editorcv/"
  },
  "NOMBRE_TITULO_OFERTA": {
    "es": "Título de la oferta"
  },
  "BUSCAR_EN_SECCION": {
    "es": "Buscar en sección"
  },
  "GENERAR_NUEVA_EXPORTACION": {
    "es": "Generar nueva exportación"
  },
  "EXPORTAR": {
    "es": "Exportar"
  },
  "EXPORTA_TU_CVN": {
    "es": "Exporta tu CVN"
  },
  "IMPORTA_TU_CVN": {
    "es": "Importa tu CVN"
  },
  "IMPORTA_TU_CVN_CON_UN_CLICK": {
    "es": "Si dispones de tu CV en formato CVN lo puedes importar con un solo click"
  },
  "MAXIMO_PESO_CV": {
    "es": "Peso máximo: 5MB"
  },
  "FORMATOS_ADMITIDOS_CV": {
    "es": "Formatos admitidos: PDF"
  },
  "EDITAR_OFERTA": {
    "es": "Editar oferta"
  },
  "BUSCASR_EN_SECCION": {
    "es": "Buscar en la sección"
  },
  "DEFINIR_OFERTA": {
    "es": "Definir oferta"
  },
  "URL_SERVICIO_GRAPHICENGINE": {
    "es": "https://serviciosedma.gnoss.com/graphicengine/"
  },
  "FORMATO_ERROR_CV": {
    "es": "FORMATO_ERROR_CV"
  },
  "SUBE_PDF_CV": {
    "es": "Arrastra y suelta en la línea de puntos o haz clic aquí para añadir el archivo"
  },
  "CANCELAR": {
    "es": "Cancelar"
  },
  "PROCESAR": {
    "es": "Procesar"
  },
  "APLICACIONES": {
    "es": "Aplicaciones"
  },
  "TAMANIO_ERROR_CV": {
    "es": "Archivo demasiado pesado. Peso máximo: 5MB"
  },
  "IMPORTAR": {
    "es": "IMPORTAR"
  },
  "URL_PAGINA_INDICADORES": {
    "es": "indicadores"
  },
  "INVESTIGADOR": {
    "es": "Investigador"
  },
  "ANADIR_PERSONAL_INVESTIGADOR": {
    "es": "Añadir personal investigador"
  },
  "EXPERIENCIA_DESTACABLE": {
    "es": "Experiencia destacable"
  },
  "DATOS_DESCRIPTIVOS": {
    "es": "Datos descriptivos"
  },
  "DATOS_INICIALES": {
    "es": "Datos iniciales"
  },
  "INTRODUCE_TITULO_OFERTA": {
    "es": "Introduce el título de la oferta"
  },
  "TITULO": {
    "es": "Título"
  },
  "GENERAR_NUEVA_EXPORTACION_PARCIAL": {
    "es": "GENERAR_NUEVA_EXPORTACION_PARCIAL"
  },
  "DESCARGAR_CVN": {
    "es": "Descargar CVN"
  },
  "SECCIONES": {
    "es": "Secciones"
  },
  "SELECCIONAR": {
    "es": "Seleccionar"
  },
  "CVN_GENERADOS": {
    "es": "CVN generados"
  },
  "CV_EXPORTAR_PROCESADO": {
    "es": "Procesado"
  },
  "CV_EXPORTAR_PENDIENTE": {
    "es": "Pendiente"
  },
  "CV_EXPORTAR_ERROR": {
    "es": "Error"
  },
  "INTRODUCE_UN_TITULO_PARA_EL_FICHERO": {
    "es": "Introduce un título para el fichero"
  },
  "SELECCIONA_IDIOMA_EXPORTACION": {
    "es": "SELECCIONA_IDIOMA_EXPORTACION"
  },
  "IDIOMA": {
    "es": "Idioma"
  },
  "AYUDAMOS_GESTIONAR_RESULTADOS_INVESTIGACIÓN": {
    "es": "Te ayudamos a gestionar los resultados de tu investigación"
  },
  "INVESTIGADORES_SELECCIONADOS": {
    "es": "Investigadores seleccionados"
  },
  "SELECCIONABLES": {
    "es": "Seleccionables"
  },
  "ESTADO_MADUREZ": {
    "es": "Estado de madurez"
  },
  "SECTOR_ENCUADRE": {
    "es": "Sector de encuadre"
  },
  "SIN_ESPECIFICAR": {
    "es": "Sin especificar"
  },
  "DEBE_DE_SELECCIONAR_AL_MENOS_1_USUARIO": {
    "es": "Debe de seleccionar al menos un investigador para la oferta tecnológica"
  },
  "NUEVA_LINEA": {
    "es": "Nueva línea"
  },
  "INTRODUCE_DESCRIPCION": {
    "es": "Introduce una descripción"
  },
  "INTRODUCE_OBSERVACIONES": {
    "es": "Introduce las observaciones"
  },
  "INTRODUCE_UNO_VARIOS_TIPOS_COLABORACION": {
    "es": "Introduce uno o varios tipos de colaboración"
  },
  "INTRODUCE_UNO_VARIOS_TIPOS_SOCIOS": {
    "es": "Introduce uno o varios tipos de socios"
  },
  "INTRODUCE_INNOVACION": {
    "es": "Introduce la innovación"
  },
  "INTRODUCE_ORIGEN": {
    "es": "Introduce el origen"
  },
  "INTRODUCE_DESTINATARIOS": {
    "es": "Introduce los destinatarios"
  },
  "OBSERVACIONES": {
    "es": "Observaciones"
  },
  "INTRODUCE_PROBLEMAS_RESUELVE": {
    "es": "Introduce los problemas que resuelve"
  },
  "TIPO_COLABORADOR_BUSCADO": {
    "es": "Tipo de colaborador buscado"
  },
  "TIPO_SOCIO_BUSCADO": {
    "es": "Tipo de socio buscado"
  },
  "INNOVACION": {
    "es": "Innovación"
  },
  "ORIGEN": {
    "es": "Origen"
  },
  "OSTROS_DATOS_DESCRIPTIVOS": {
    "es": "Otros datos descriptivos"
  },
  "DESTINATARIOS": {
    "es": "Destinatarios"
  },
  "TEXTO_EXPLICATIVO_MODAL_AREAS_TEMATICAS_OFERTA": {
    "es": "Aquí podrá seleccionar las líneas de investigación de las que dispondrá la oferta, obtenidas de los grupos del personal investigador que previamente has seleccionado."
  },
  "PROPIEDAD_INDUSTRUAL_INTELECTUAL": {
    "es": "Propiedad industrial e intelectual"
  },
  "PROYECTOS_SELECCIONADOS": {
    "es": "Proyectos seleccionados"
  },
  "PUBLICACIONES_SELECCIONADAS": {
    "es": "Publicaciones seleccionadas"
  },
  "PROPIEDAD_INDUSTRIAL_INTELECTUAL_SELECCIONADOS": {
    "es": "Propiedad industrial e intelectual seleccionados"
  },
  "PROPIEDAD_INDUSTRIAL_INTELECTUAL_SELECCIONABLES": {
    "es": "Propiedad industrial e intelectual seleccionables"
  },
  "OFFER_URL": {
    "es": "buscador-ofertas-tecnologicas"
  },
  "TITULO_NUEVA_PAGINA": {
    "es": "Título de la nueva página"
  },
  "CREAR_NUEVA_PAGINA": {
    "es": "Crear nueva página"
  },
  "ANCHURA": {
    "es": "Anchura de la gráfica"
  },
  "SELECCIONAR_PAGINA": {
    "es": "Seleccionar página"
  },
  "INTRODUCE_TITULO_GRAFICA": {
    "es": "Introduce el título de la gráfica"
  },
  "INTRODUCE_EL_TITULO": {
    "es": "Introduce el título de la página"
  },
  "ITULO_GRAFICA": {
    "es": "ITULO_GRAFICA"
  },
  "TITULO_GRAFICA": {
    "es": "Título de la gráfica"
  },
  "CV_DUPLICAR": {
    "es": "Duplicar"
  },
  "CV_SOBREESCRIBIR": {
    "es": "Sobrescribir"
  },
  "CV_FUSIONAR": {
    "es": "Fusionar"
  },
  "CV_IGNORAR": {
    "es": "Ignorar"
  },
  "PII_DESTACADOS": {
    "es": "PII destacados"
  },
  "PUBLICACIONES_DESTACADAS": {
    "es": "Publicaciones destacadas"
  },
  "PROYECTOS_DESTACADOS": {
    "es": "Proyectos destacados"
  },
  "LINEA_INVESTIGACION": {
    "es": "Línea de investigación"
  },
  "OFERTAR_TECNOLOGICAS": {
    "es": "OFERTAR_TECNOLOGICAS"
  },
  "NUEVA_OFERTA_TECNOLOGICA": {
    "es": "Nueva oferta tecnológica"
  },
  "NUEVA_OFERTA_TECNOLOGICA_URL": {
    "es": "nueva-oferta-tecnologica"
  },
  "OFERTAS_TECNOLOGICAS": {
    "es": "Ofertas tecnológicas"
  },
  "MIS_INDICADORES": {
    "es": "Mis indicadores"
  },
  "INDICADORES_PERSONALES_URL": {
    "es": "indicadores-personales"
  },
  "PROYECTO_INDUSTRIAL_INTELECTUAL": {
    "es": "PROYECTO_INDUSTRIAL_INTELECTUAL"
  },
  "SELECCIONAR_LINEAS_INVESTIGACION": {
    "es": "Seleccionar líneas de investigación"
  },
  "BORRAR_OFERTA": {
    "es": "Borrar oferta"
  },
  "CONFIRMACION_BORRAR_OFERTA": {
    "es": "¿Seguro que quiere borrar la oferta tecnológica?"
  },
  "OFERTA_URL": {
    "es": "mis-ofertas-tecnologicas"
  },
  "EDITA_PAGINA": {
    "es": "EDITA_PAGINA"
  },
  "PRUBLICACIONES_SELECCIONADOS": {
    "es": "Publicaciones seleccionadas"
  },
  "PROPIEDAD_INDUSTRIAL_INTELECTUAL": {
    "es": "Propiedad industrial intelectual"
  },
  "PII_SELECCIONADOS": {
    "es": "Propiedad industrial intelectual seleccionada"
  },
  "CV_SELECCIONAR_TODOS": {
    "es": "Seleccionar todos",
    "en": "Select all"
  },
  "CV_DESELECCIONAR_TODOS": {
    "es": "Deseleccionar todos",
    "en": "Deselect all"
  },
  "ANADIR_PERSONAL_INVESTIGADOR_DE_TU_GRUPO": {
    "es": "Añadir personal investigador de tu grupo"
  },
  "PROYECTO": {
    "es": "Proyecto"
  },
  "CV_ENVIAR": {
    "es": "Enviar",
    "en": "Send"
  },
  "CV_RELACIONA_PUBLICACION": {
    "es": "Relaciona la publicación con un proyecto"
  },
  "CONTINUAR_SIN_ASOCIAR": {
    "es": "Continuar sin asociar"
  },
  "CV_CONTINUAR": {
    "es": "Continuar"
  },
  "NO_HAS_ASOCIADO_PROYECTO": {
    "es": "No has asociado la publicación a ningún proyecto..."
  },
  "CV_FUSIONAR_CONTINUAR": {
    "es": "Fusionar y continuar"
  },
  "CV_SELECCIONA_PUBLICACION_FUSIONARLA": {
    "es": "Selecciona una publicación para fusionarla con la que se va a enviar"
  },
  "POSIBLE_DUPLICIDAD": {
    "es": "Posible duplicidad"
  },
  "URL_AUTH_LOGOUT": {
    "es": "https://serviciosedma.gnoss.com/login/Auth/Logout"
  },
  "REDES": {
    "es": "Redes"
  },
  "REDES_URL": {
    "es": "redes"
  },
  "GUARDAR_GRAFICA_ESPACIO_PERSONAL": {
    "es": "Guardar gráfica en mi panel de indicadores"
  },
  "BORRAR_PAGINA": {
    "es": "Borrar página"
  },
  "ENVIAR_REVISION": {
    "es": "Enviar a revisión"
  },
  "CV_PUBLICACION_BLOQUEADA_RESUELVA_PROCEDIMIENTO": {
    "es": "La publicación permanecerá bloqueada hasta que se resuelva el procedimiento"
  },
  "FUENTES_EXTERNAS_INFORMACION": {
    "es": "Fuentes externas de información\r\n"
  },
  "ENVIAR_BORRADOR": {
    "es": "Enviar a borrador"
  },
  "GESTIONROS_URL": {
    "es": "gestionros"
  },
  "GESTION_ROS": {
    "es": "Gestión de ROs"
  },
  "ARCHIVAR": {
    "es": "Archivar"
  },
  "DENEGAR": {
    "es": "Denegar"
  },
  "VALIDAR": {
    "es": "Validar"
  },
  "ENVIAR_VALIDACION": {
    "es": "Enviar a validación"
  },
  "CV_DOCUMENTO_VALIDACION": {
    "es": "Documento enviado a validación"
  },
  "CV_ERROR_DOCUMENTO_VALIDACION": {
    "es": "Se ha producido un error al enviarse"
  },
  "OFFER_SEARCH_URL": {
    "es": "buscador-ofertas-tecnologicas"
  },
  "IDENTIFICADOR_GITHUB": {
    "es": "Usuario de GitHub"
  },
  "PLACEHOLDER_IDENTIFICADOR_FIGSHARE": {
    "es": "Introduce tu identificador de FigShare"
  },
  "PLACEHOLDER_TOKEN_GITHUB": {
    "es": "Introduce tu token de GitHub"
  },
  "PLACEHOLDER_IDENTIFICADOR_GITHUB": {
    "es": "Introduce tu identificador de GitHub"
  },
  "PLACEHOLDER_TOKEN_FIGSHARE": {
    "es": "Introduce tu token de FigShare"
  },
  "RECUPERAR_ROS": {
    "es": "Recuperar publicaciones y ROs"
  },
  "CONFIGURACION": {
    "es": "Configuración"
  },
  "CV_ERROR_PUBLICACION_PRC": {
    "es": "Se ha producido un error al enviar a Producción científica"
  },
  "TOKEN_GITHUB": {
    "es": "Token de GitHub"
  },
  "TOKEN_FIGSHARE": {
    "es": "Token de FigShare"
  },
  "IDENTIFICADOR_FIGSHARE": {
    "es": "Identificador de FigShare"
  },
  "ORDEN_GRAFICA": {
    "es": "Orden de la gráfica"
  },
  "ESCALA_GRAFICA": {
    "es": "Escala del eje primario"
  },
  "ESCALA_GRAFICA_DOS": {
    "es": "Escala del eje secundario"
  },
  "DESCARGAR_PAGINA": {
    "es": "Descargar"
  },
  "REDES_INVESTIGACION": {
    "es": "Fuentes externas de información"
  },
  "TITULO_PAGINA_NO_ENCONTRADA": {
    "es": "Página no encontrada"
  },
  "CV_PENDIENTE": {
    "es": "Pendiente de validación"
  },
  "CV_VALIDADO": {
    "es": "Validado"
  },
  "EDITAR_PAGINA": {
    "es": "Editar página"
  },
  "ANADIR_PERFIL_GUARDADO": {
    "es": "Añadir perfil guardado"
  },
  "CV_MOSTRAR_NUEVOS": {
    "es": "Mostrar nuevos",
    "en": "Show new"
  },
  "CV_MOSTRAR_CONFLICTOS": {
    "es": "Mostrar similitudes",
    "en": "Show similarities"
  },
  "CLUSTER": {
    "es": "Cluster"
  },
  "ESTADO_POSTIMPORTAR_LECTURA": {
    "en": "Organizing resources...",
    "es": "Organizando los recursos..."
  },
  "ESTADO_POSTIMPORTAR_INICIO": {
    "en": "Start of data import",
    "es": "Inicio de la importación de datos"
  },
  "ORDER_VOLUMEN_TOOLTIP": {
    "es": "Basado en el volumen de publicaciones coincidentes"
  },
  "ESTADO_PREIMPORTAR_FINLECTURA": {
    "es": "Representando los datos"
  },
  "MIS_OFERTAS_TECNOLOGICAS": {
    "es": "Mis ofertas tecnológicas"
  },
  "ESTADO_PREIMPORTCV_INICIO": {
    "es": "Estado inicial"
  },
  "ESTADO_PREIMPORTCV_LECTURA": {
    "es": "ESTADO_PREIMPORTCV_LECTURA"
  },
  "CV_DESELECCIONAR_NUEVOS": {
    "es": "Deseleccionar nuevos",
    "en": "Deselect new"
  },
  "CV_SELECCIONAR_NUEVOS": {
    "es": "Seleccionar nuevos",
    "en": "Select new"
  },
  "CV_DESELECCIONAR_SIMILITUDES": {
    "es": "Deseleccionar similitudes",
    "en": "Deselect similarities"
  },
  "CV_SELECCIONAR_SIMILITUDES": {
    "es": "Seleccionar similitudes",
    "en": "Select similarities"
  },
  "CV_MOSTRAR_TODOS": {
    "es": "Mostrar todos",
    "en": "Show all"
  },
  "ESTADO_PREIMPORTAR_INICIO": {
    "en": "Preparing the file",
    "es": "Preparando el archivo"
  },
  "ESTADO_PREIMPORTAR_LECTURA": {
    "en": "Extracting information from the PDF",
    "es": "Extrayendo información del PDF"
  },
  "ESTADO_POSTIMPORTAR_DUPLICAR": {
    "es": "Insertando"
  },
  "ESTADO_PREIMPORTAR_PROCESARDATOS": {
    "es": "Comprobando similitudes...",
    "en": "Checking for similarities..."
  },
  "ADMINISTRAR_GRAFICAS": {
    "es": "Administrar",
    "en": "Manage"
  },
  "ORDER_AJUSTE_TOOLTIP": {
    "es": "Basado en el porcentage de filtros del perfil que contiene alguna de sus publicaciones"
  },
  "ORDER_MIXTO_TOOLTIP": {
    "es": "Mezcla del volumen y de la concordancia "
  },
  "ESTADO_POSTIMPORTAR_FUSIONAR": {
    "es": "Fusionando",
    "en": "Merging"
  },
  "ESTADO_POSTIMPORTAR_SOBRESCRIBIR": {
    "es": "Sobrescribiendo",
    "en": "Overwriting"
  },
  "ROS": {
    "es": "ROs"
  },
  "CV_MOSTRAR_SIMILITUDES": {
    "es": "Mostrar similitudes",
    "en": "Show similarities"
  },
  "ORDEN_PAGINA": {
    "es": "Orden de la página",
    "en": "Page order"
  },
  "TIPO_GRAFICA": {
    "es": "Tipo de gráfica",
    "en": "Graphic type"
  },
  "INTRODUCE_TITULO_PAGINA": {
    "es": "Introduce el título de la página",
    "en": "Enter the title of the page"
  },
  "EDITAR_CONFIGURACION": {
    "es": "Editar configuración",
    "en": "Edit configuration"
  },
  "NOTIFICACION_FIN_FUENTES_EXTERNAS": {
    "es": "Se ha terminado la carga de fuentes externas",
    "en": "The load of external sources is over "
  },
  "CONFIGURACION_GRAFICA": {
    "es": "Configuración de la gráfica",
    "en": "Graph configuration"
  },
  "INVESTIGACIONES": {
    "es": "Investigaciones",
    "en": "Research"
  },
  "AÑADIR_PAGINA": {
    "es": "Añadir página",
    "en": "Add page"
  },
  "SELECCIONA_UNA_OPCION": {
    "es": "Selecciona una opción",
    "en": "Select an option"
  },
  "DESCRIPCION_PAGINA_NO_ENCONTRADA": {
    "es": "Lo sentimos, la página solicitada no ha sido encontrada"
  },
  "VOLVER_A_HOME": {
    "es": "volver a la home"
  },
  "SI_LO_DESEAS_PUEDES": {
    "es": "Si lo deseas, puedes"
  },
  "CV_ERROR_ANIADIR_PERFIL_EXPORTACION": {
    "es": "Se ha producido un error al añadir el nuevo perfil de exportación",
    "en": "An error occurred when adding the new export profile."
  },
  "ASIGNE_UN_NOMBRE": {
    "es": "Asigne un nombre de perfil y almacene la selección actual para futuras exportaciones.",
    "en": "Assign a profile name and store the current selection for future exports."
  },
  "NOMBRE_DEL_PERFIL": {
    "es": "Nombre del perfil",
    "en": "Profile name"
  },
  "CARGAR": {
    "es": "Cargar",
    "en": "Upload"
  },
  "MIS_PERFILES": {
    "es": "Mis perfiles",
    "en": "My profiles"
  },
  "PERFIL_DE_EXPORTACION": {
    "es": "Perfil de exportación",
    "en": "Export profile"
  },
  "CV_ANIADIR_PERFIL_EXPORTACION": {
    "es": "Añadido un nuevo perfil de exportación",
    "en": "Added a new export profile"
  },
  "CV_EXPORTAR_COMPLETO_COMPLETADO": {
    "es": "Petición de exportación correcta, la exportación del archivo puede tardar varios minutos.",
    "en": "Successful export request, file export may take several minutes."
  },
  "CV_EXPORTAR_COMPLETADO": {
    "es": "Petición de exportación correcta.",
    "en": "Correct export request."
  },
  "CV_ELIMINAR_PERFIL_EXPORTACION": {
    "es": "Se ha eliminado el perfil de exportación",
    "en": "The export profile has been removed"
  },
  "CV_ERROR_ELIMINAR_PERFIL_EXPORTACION": {
    "es": "Se ha producido un error al eliminar el perfil de exportación",
    "en": "An error occurred while deleting the export profile."
  },
  "CARGANDO_DATOS_CV": {
    "es": "Cargando los datos...",
    "en": "Loading data..."
  },
  "LEYENDO_DATOS_CV": {
    "es": "Leyendo los datos de tu curriculum vitae.",
    "en": "Reading the information on your CV."
  },
  "EDITAR_GRAFICA": {
    "es": "Editar y ordenar gráfica"
  },
  "NO_HAY_GRAFICAS": {
    "es": "No hay gráficas en esta página"
  },
  "PUEDES": {
    "es": "Puedes",
    "en": "You can"
  },
  "BORRAR_LA_PAGINA": {
    "es": "borrar la página",
    "en": "delete the page"
  },
  "O": {
    "es": "o",
    "en": "or"
  },
  "ANIADIR_NUEVAS_GRAFICAS": {
    "es": "añadir nuevas gráficas"
  },
  "NO_TIENES_INDICADORES": {
    "es": "No tienes indicadores personales"
  },
  "NO_HEMOS_ENCONTRADO": {
    "es": "Aún no tienes indicadores personales"
  },
  "COMIENZA_A_CREAR_INDICADORES": {
    "es": "Puedes comenzar a crear tu página de indicadores personales desde"
  },
  "LA_PAGINA_DE_INDICADORES": {
    "es": "la página de indicadores de la universidad"
  },
  "URL_INDICADORES": {
    "es": "indicadores"
  },
  "CONFIRMAR_ELIMINAR_GRAFICA": {
    "es": "¿Está seguro de que desea eliminar la gráfica?"
  },
  "CONFIRMAR_ELIMINAR_PAGINA": {
    "es": "¿Está seguro de que desea eliminar la página?"
  },
  "ORDEN_DE_LA_PAGINA": {
    "es": "Orden de la página"
  },
  "TITULO_DE_LA_PAGINA": {
    "es": "Título de la página"
  },
  "DESCRIPCION_NO_HAS_INICIADO_SESION": {
    "es": "Para mostrar tus indicadores personales es necesario iniciar sesión."
  },
  "NO_HAS_INICIADO_SESION": {
    "es": "No has iniciado sesión"
  },
  "TOP_INVESTIGADORES": {
    "es": "Top investigadores"
  },
  "VER_TODOS": {
    "es": "Ver todos"
  },
  "TOP_GRUPOS_INVESTIGACION": {
    "es": "Top Grupos de investigación"
  },
  "TOP_PROYECTOS": {
    "es": "Top Proyectos"
  },
  "FUSIONAR_TOOLTIP": {
    "es": "Se completa el ítem existente con la información adicional del nuevo ítem."
  },
  "PINTANDO_DATOS_CV": {
    "es": "Representando los datos..."
  },
  "OFFERS": {
    "es": "Ofertas tecnológicas"
  },
  "GESTOR_OFERTAS_TECNOLOGICAS": {
    "es": "Gestor de ofertas tecnológicas"
  },
  "MEJORAR": {
    "es": "Mejorar"
  },
  "ENVIAR": {
    "es": "Enviar"
  },
  "INTRODUCE_UN_COMENTARIO": {
    "es": "Introduce un comentario"
  },
  "COMENTARIO": {
    "es": "Comentario"
  },
  "OFFERS_HOME": {
    "es": "Ofertas"
  },
  "GRUPOS_HOME": {
    "es": "Grupos"
  },
  "TIPO_EXPORTACION": {
    "es": "Tipo de exportación"
  },
  "CUARTIL_PUBLICATIONPOSITION": {
    "es": "Posición de la revista en la categoría"
  },
  "INTRODUCE_VENTAJAS_BENEFICIOS": {
    "es": "Introduce las ventajas / Beneficios"
  },
  "VENTAJAS_BENEFICIOS": {
    "es": "Ventajas/Beneficios"
  },
  "ENVIAR_A": {
    "es": "Enviar a"
  },
  "REVISION": {
    "es": "Revisión"
  },
  "SELECCIONAR_TODOS": {
    "es": "Seleccionar todos"
  },
  "NUEVO_SECTOR": {
    "es": "Nuevo sector"
  },
  "DESELECCIONAR_TODOS": {
    "es": "Deseleccionar todos"
  },
  "SELECCIONAR_EN_REVISION": {
    "es": "Seleccionar (en revisión)"
  },
  "ERROR_IDS_VACIO": {
    "es": "Error, no ha seleccionado ninguna oferta."
  },
  "CV_DATOS_IDENTIFICACION": {
    "es": "Datos de identificación"
  },
  "CV_INDICADORES_GENERALES": {
    "es": "Indicadores generales de calidad de la producción científica"
  },
  "DUPLICAR_TOOLTIP": {
    "es": "Se añadirá este ítem al CV, sin afectar al ítem existente. "
  },
  "IGNORAR_TOOLTIP": {
    "es": "Se omitirá la importación de este ítem al CV."
  },
  "SOBREESCRIBIR_TOOLTIP": {
    "es": "Se sobrescribirá el ítem existente con el nuevo ítem importado."
  },
  "PLACEHOLDER_IDENTIFICADOR_MATCHING": {
    "es": "Matching"
  },
  "NUEVA_AREA": {
    "es": "Nueva área"
  },
  "SECTORES_APLICACION": {
    "es": "Sectores de aplicación"
  },
  "BUSCAR_SECTOR_APLICACION": {
    "es": "Buscar sector de aplicación"
  },
  "TEXTO_EXPLICATIVO_MODAL_SECTOR_APLICACION_OFERTA": {
    "es": "Aquí podrá seleccionar los sectores de aplicación, los cuales indicarán qué sector/es objetivo tendrá la oferta tecnológica."
  },
  "SECTOR_APLICACION": {
    "es": "Sector de aplicación"
  },
  "SELECCIONAR_SECTOR_APLICACION": {
    "es": "Selecciona los sectores de aplicación"
  },
  "MATCHING": {
    "es": "Matching"
  },
  "CUARTIL_FUENTE": {
    "es": "Fuente"
  },
  "CUARTIL": {
    "es": "Cuartil"
  },
  "FACTOR_DE_IMPACTO": {
    "es": "Factor de impacto"
  },
  "CUARTIL_JOURNALNUMBERINCAT": {
    "es": "Nº de revistas en la categoría"
  },
  "CUARTIL_CATEGORIA": {
    "es": "Categoría"
  },
  "BUSCAR_AREAS_PROCEDENCIA": {
    "es": "Buscar área de procedencia"
  },
  "TEXTO_EXPLICATIVO_MODAL_AREAS_PROCEDENCIA_OFERTA": {
    "es": "Aquí podrá seleccionar uno o varias áreas de procedencia de las ofertas tecnológicas. Las áreas de procedencia indican el área o disciplina académica de la que procede la oferta tecnológica."
  },
  "AREAS_PROCEDENCIA": {
    "es": "Áreas de procedencia"
  },
  "SELECCIONAR_AREAS_PROCEDENCIA": {
    "es": "Seleccionar área de procedencia"
  },
  "AREA_PROCEDENCIA": {
    "es": "AREA_PROCEDENCIA"
  },
  "OFERTA_INTRODUCE_OBSERVACIONES": {
    "es": "Introduce las observaciones"
  },
  "GUARDAR_GRAFICA": {
    "es": "Guardar en mi panel"
  },
  "ELIMINAR_GRAFICA": {
    "es": "Eliminar gráfica"
  },
  "CV_PROPIEDADIDENTIFICADORREPETIDA": {
    "es": "La propiedad 'PARAM1' es única y ya pertenece a otro ítem"
  },
  "OFERTA_INTRODUCE_UNO_VARIOS_TIPOS_COLABORACION": {
    "es": "Introduce uno o varios tipos de colaboración"
  },
  "OFERTA_INTRODUCE_UNO_VARIOS_TIPOS_SOCIOS": {
    "es": "Introduce uno o varios tipos de socios"
  },
  "OFERTA_INTRODUCE_INNOVACION": {
    "es": "Describir en qué se diferencia la tecnología respecto a otras alternativas existentes en el mercado (cuál es la innovación con respecto al estado de la técnica)"
  },
  "OFERTA_INTRODUCE_ORIGEN": {
    "es": "Señalad de donde procede la oferta: proyecto de investigación, línea de trabajo propia, colaboración con empresas, etc."
  },
  "OFERTA_INTRODUCE_VENTAJAS_BENEFICIOS": {
    "es": "Principales ventajas técnicas y/o beneficios que aporta la tecnología/capacidad (Por ejemplo, beneficios sería ahorro energético, ahorro coste/tiempo, facilidad de uso, etc.)"
  },
  "OFERTA_INTRODUCE_DESTINATARIOS": {
    "es": "Tipología de empresas o entidades que podrían estar interesados en las mismas"
  },
  "OFERTA_INTRODUCE_PROBLEMAS_RESUELVE": {
    "es": "Introduce los problemas que resuelve"
  },
  "OFERTA_INTRODUCE_DESCRIPCION": {
    "es": "Definición y encuadre general del problema que pretende resolver o mejoras la tecnología y/o capacidad científico-tecnológica propuesta y detalles técnicos, principios de funcionamiento, diagramas, datos de experiencias, etc, necesarios para entender la tecnología o know-how por un tercero (que puede no ser experta en el área)"
  },
  "AYUDA_MATCHING": {
    "es": "Proceso de pareo de etiquetas similares de ámbito médico (Health Science) con las fuentes MESH y SNOMED.",
    "en": "Matching process of similar labels in the medical field (Health Science) with the MESH and SNOMED sources."
  },
  "NOTIFICACION_EDIT_OFERTA": {
    "es": " ha hecho una actualización en la oferta "
  },
  "NOTIFICACION_EDIT_OFERTA_MENSAJE": {
    "es": " con el siguiente mensaje: "
  },
  "CV_DUPLICADO_ELIMINAR": {
    "es": "Eliminar"
  },
  "CV_DUPLICADO_FUSIONAR": {
    "es": "Fusionar"
  },
  "GESTIONAR_DUPLICADOS": {
    "es": "Gestionar Duplicados"
  },
  "CV_DUPLICADO_NO_DUPLICADO": {
    "es": "Marcar como no duplicado"
  },
  "CONTINUAR": {
    "es": "Aplicar y siguiente"
  },
  "OMITIR_Y_CONTINUAR": {
    "es": "Ignorar y siguiente"
  },
  "CITAR_PUBLICACION": {
    "es": "Citar publicación"
  },
  "DUPLICADOS_SELECCIONAR_TODAS_OPCIONES": {
    "es": "Por favor, seleccione una opción para cada elemento. "
  },
  "CV_CAMBIAR_A_PRINCIPAL": {
    "es": "Cambiar a principal"
  },
  "DUPLICADOS_NO_HAY_DUPLICADOS": {
    "es": "No hay duplicados"
  },
  "VERSION_EXPORTACION": {
    "es": "Versión de exportación"
  },
  "ANOTACION": {
    "es": "Anotación"
  },
  "INTRODUCE_UNA_ANOTACION": {
    "es": "Introduce una anotación"
  },
  "NUEVA_ANOTACION": {
    "es": "Nueva anotación"
  },
  "MIS_NOTAS": {
    "es": "Mis notas"
  },
  "MIS_NOTAS_PRIVADAS": {
    "es": "Mis notas privadas"
  },
  "BORRAR_ANOTACIONES": {
    "es": "BORRAR_ANOTACIONES"
  },
  "CONFIRMACION_BORRAR_ANOTACIONES": {
    "es": "CONFIRMACION_BORRAR_ANOTACIONES"
  },
  "DUPLICADOS_DUPLICIDAD_RESUELTA": {
    "es": "Posibles duplicidades resueltas"
  },
  "INFORMACION_IMPORTACION": {
    "es": "Ayuda importación de CV"
  },
  "DETALLES_INFORMACION_IMPORTACION": {
    "es": "<br>\r\n<p>Por defecto se seleccionaran automáticamente los ítems nuevos y se dejarán sin seleccionar aquellos en los que se haya encontrado un ítem similar en el sistema. Para aquellos ítems en los que se encuentre uno similar en el sistema, se darán las siguientes opciones:</p>\r\n<ul> \r\n<li>Ignorar - Opción por defecto. No se añadirá el ítem aunque esté seleccionado</li>\r\n<li>Sobrescribir - El ítem sobrescribirá toda la información que sea leída por el curriculum vitae importado (CV) sobre la que esté almacenada en base de datos (BBDD) del ítem similar. Esta opción no podrá ser seleccionable si el ítem en BBDD está cargado desde fuentes externas.</li>\r\n<li>Fusionar - Se fusionará la información del ítem del CV importado con la del ítem de BBDD, los atributos del CV complementarán a los que estén en base de datos pero no sobrescribirá ninguno.</li>\r\n<li>Duplicar - Añadirá un ítem nuevo a BBDD</li>\r\n</ul>\r\n<br>\r\n<p>Información sobre los desplegables: </p>\r\n<ul>\r\n<li><span class=\"material-icons\">done_all</span> Se desplegará un listado permitiendo seleccionar o deseleccionar todos los ítems del CV, de la sección o del apartado</li>\r\n<li><span class=\"material-icons\">preview</span> Se desplegará un listado permitiendo filtrar los ítems por su estado filtrando todo el CV, la sección o el apartado</li>\r\n</ul>"
  },
  "IDENTIFICADOR_ORCID": {
    "es": "ORCID"
  },
  "IDENTIFICADOR_WOS": {
    "es": "Wos ID"
  },
  "IDENTIFICADOR_SCOPUS": {
    "es": "Scopus ID"
  },
  "IDENTIFICADOR_SEMANTICSCHOLAR": {
    "es": "Semantic Scholar ID"
  },
  "CITA_ESTA_PUBLICACION": {
    "es": "Cita esta publicación"
  },
  "DESCARGAR": {
    "es": "Descargar"
  },
  "COPIAR": {
    "es": "Copiar"
  },
  "ELIGE_FORMATO_CITA": {
    "es": "Elige el formato de la cita a copiar"
  },
  "ELIGE_DESCARGA_CITA": {
    "es": "Elige el formato de descarga de la cita"
  },
  "POSIBLE_DUPLICIDAD_MENSAJE": {
    "es": "<p>Se considera el primer ítem presentado como principal, lo que quiere decir que los otros ítems se pueden:</p>\r\n<ul>\r\n<li>Fusionar. Se copia en el principal la información del ítem que no esté en el principal</li>\r\n<li>Eliminar. Se elimina el ítem y no se volverá a presentar</li>\r\n<li>Marcar como no duplicado. Se marca para que no se vuelva a proponer como duplicado del ítem principal</li>\r\n</ul>\r\n<p>Los items marcados como 'Fusionar' o 'Eliminar' se eliminarán de tu CV, y si no pertenecen al CV de otro usuario, se eliminarán del sistema</p>"
  },
  "CONTINUAR_DUPLICIDAD": {
    "es": "No hemos encontrado más ítems duplicados con una alta similitud."
  },
  "CONTINUAR_DUPLICIDAD_MENSAJE": {
    "es": "¿Quieres probar a revisar duplicados menos similares?"
  },
  "CV_ALERTA_FUSION_ELIMINACION_BLOQUEADO": {
    "es": "Ten en cuenta que dentro de los items secundarios se encuentran items bloqueados, considerados fiables (validados o procedentes de fuentes externas)"
  },
  "NO_HAY_NOTAS_PRIVADAS": {
    "es": "No hay notas privadas"
  },
  "GESTION_ANOTACIONES": {
    "es": "Gestión de anotaciones"
  },
  "OFERTAS_URL": {
    "es": "buscador-ofertas-tecnologicas"
  },
  "RESEARCH_OBJECTS_URL": {
    "es": "buscador-researchobjects"
  },
  "PROYECTOS_URL": {
    "es": "buscador-proyectos"
  },
  "PERSONAL_INVESTIGADOR_URL": {
    "es": "buscador-personal-investigador"
  },
  "CV_ALERTA_ELIMINACION_BLOQUEADO": {
    "es": "La publicación que vas a eliminar se encuentra bloqueada, por lo que es considerada fiable (procedente de fuentes externas). Si continúas se eliminará de tu CV, y si no pertenece al CV de otro usuario, se eliminará del sistema y no se volverá a recuperar de fuentes externas</p>"
  },
  "LISTADO_ANOTACIONES": {
    "es": "Mis Anotaciones"
  },
  "ANOTACIONES_URL": {
    "es": "gestion-anotaciones"
  },
  "CARGAR_MAS": {
    "es": "Cargar más"
  },
  "LISTADO_RESEARCHOBJECTS_DOCUMENTOS": {
    "es": "Listado de ResearchObjects y publicaciones"
  },
  "VINCULAR_RO": {
    "es": "Vincular RO"
  },
  "ROS_VINCULADOS": {
    "es": "ROs Vinculados"
  },
  "CV_APLICAR_CONTINUAR": {
    "es": "Aplicar y continuar"
  },
  "INDICE_H": {
    "es": "Índice H"
  },
  "PUBLICACION": {
    "es": "Publicación"
  },
  "LEER_MAS": {
    "es": "Leer más"
  },
  "RESULTADOS_INVESTIGACION": {
    "es": "Resultados de la investigación"
  },
  "HOME": {
    "es": "Home"
  },
  "PENDIENTE_DE_VALIDACION": {
    "es": "Pendiente de validación"
  },
  "CONSULTAR": {
    "es": "CONSULTAR"
  },
  "VILCULAR_ROS": {
    "es": "VIncular ROs"
  },
  "TEXTO_EXPLICATIVO_VINCULAR_ROS": {
    "es": "Aquí tiene un campo de búsqueda de ROs donde podrá buscar los ROs vinculados. A continuación se encuentran los ROs (visibles o no) de los ROs vinculados actualmente."
  },
  "LISTADO_RESEARCHOBJECTS_DOCUMENTOS_VINCULADOS": {
    "es": "Listado de ResearchObjects y publicaciones vinculados"
  },
  "ENVIAR_BORRAR_PRODUCCION_CIENTIFICA": {
    "es": "Enviar a borrar a producción científica"
  },
  "NUMERO_PATENTE": {
    "es": "Número de la patente"
  },
  "ENVIAR_A_DSPACE": {
    "es": "Enviar a Digitum"
  },
  "CV_ENVIO_DSPACE_CORRECTO": {
    "es": "El ítem ha sido enviado correctamente."
  },
  "VERSION_CSS_JS": {
    "es": "5"
  },
  "CV_ENVIO_DSPACE_ERROR": {
    "es": "Ha ocurrido un error a la hora de envíar a Digitum."
  },
  "PAGINA_INICIAL": {
    "es": "Página inicial"
  },
  "HOMEED_URL": {
    "es": "homeed"
  },
  "GESTIONAR_OFERTA_TECNOLOGICA": {
    "es": "Gestionar ofertas tecnológicas"
  },
  "OFERTA_TECNOLOGICA_OTRI_URL": {
    "es": "gestion-ofertas-tecnologicas"
  }
}