{
  "Deleted": false,
  "Ontologia": "annotation",
  "Name": "Annotation@es|||",
  "ShortNameOntology": "",
  "Namespace": "annotation",
  "NamespaceExtra": "roh:http://w3id.org/roh/|dc:http://purl.org/dc/elements/1.1/",
  "NombreTesauroExclusivo": null,
  "CachearDatosSemanticos": false,
  "EsBuscable": true,
  "Subtipos": {},
  "PresentacionListado": {
    "ListaPropiedades": [],
    "MostrarDescripcion": false,
    "MostrarPublicador": false,
    "MostrarEtiquetas": false,
    "MostrarCategorias": false
  },
  "PresentacionMosaico": {
    "ListaPropiedades": [],
    "MostrarDescripcion": false,
    "MostrarPublicador": false,
    "MostrarEtiquetas": false,
    "MostrarCategorias": false
  },
  "PresentacionMapa": {
    "ListaPropiedades": [],
    "MostrarDescripcion": false,
    "MostrarPublicador": false,
    "MostrarEtiquetas": false,
    "MostrarCategorias": false
  },
  "PresentacionRelacionados": {
    "ListaPropiedades": [],
    "MostrarDescripcion": false,
    "MostrarPublicador": false,
    "MostrarEtiquetas": false,
    "MostrarCategorias": false
  },
  "PresentacionPersonalizado": {
    "ListaPropiedades": [
      {
        "Identificador": "Fecha",
        "Select": "select distinct ?s ?fecha",
        "Where": "where\n{\n  ?s <http://w3id.org/roh/dateIssued> ?fecha.\n  <FILTER_RESOURCE_IDS>\n}",
        "Orden": 0
      },
      {
        "Identificador": "Text",
        "Select": "select distinct ?s ?text",
        "Where": "where\n{\n  ?s <http://w3id.org/roh/text> ?text.\n  <FILTER_RESOURCE_IDS>\n}",
        "Orden": 1
      },
      {
        "Identificador": "Publication",
        "Select": "select distinct ?s ?title ?publication",
        "Where": "where\n{\n    ?s <http://w3id.org/roh/document> ?publication . \n    ?publication a 'document'.\n    ?publication <http://w3id.org/roh/title> ?title .\n\n}",
        "Orden": 2
      },
      {
        "Identificador": "ROs",
        "Select": "select distinct ?s ?title ?ro",
        "Where": "where\n{\n   ?s <http://w3id.org/roh/researchobject> ?ro. \n   ?ro a 'researchobject' .\n  ?ro <http://w3id.org/roh/title> ?title.\n}",
        "Orden": 3
      }
    ]
  }
}