{
  "Deleted": false,
  "Ontologia": "cluster",
  "Name": "Cluster@es|||",
  "ShortNameOntology": "",
  "Namespace": "cluster",
  "NamespaceExtra": "roh:http://w3id.org/roh/|foaf:http://xmlns.com/foaf/0.1/|vivo:http://vivoweb.org/ontology/core#|dct:http://purl.org/dc/terms/|obo:http://purl.obolibrary.org/obo/|dc:http://purl.org/dc/elements/1.1/",
  "NombreTesauroExclusivo": null,
  "CachearDatosSemanticos": false,
  "EsBuscable": false,
  "Subtipos": {},
  "PresentacionListado": {
    "ListaPropiedades": [],
    "MostrarDescripcion": false,
    "MostrarPublicador": false,
    "MostrarEtiquetas": false,
    "MostrarCategorias": false
  },
  "PresentacionMosaico": {
    "ListaPropiedades": [],
    "MostrarDescripcion": false,
    "MostrarPublicador": false,
    "MostrarEtiquetas": false,
    "MostrarCategorias": false
  },
  "PresentacionMapa": {
    "ListaPropiedades": [],
    "MostrarDescripcion": false,
    "MostrarPublicador": false,
    "MostrarEtiquetas": false,
    "MostrarCategorias": false
  },
  "PresentacionRelacionados": {
    "ListaPropiedades": [],
    "MostrarDescripcion": false,
    "MostrarPublicador": false,
    "MostrarEtiquetas": false,
    "MostrarCategorias": false
  },
  "PresentacionPersonalizado": {
    "ListaPropiedades": []
  }
}