{
  "Deleted": false,
  "Ontologia": "document",
  "Name": "Document@es|||",
  "ShortNameOntology": "",
  "Namespace": "document",
  "NamespaceExtra": "foaf:http://xmlns.com/foaf/0.1/|vivo:http://vivoweb.org/ontology/core#|bibo:http://purl.org/ontology/bibo/|roh:http://w3id.org/roh/|dct:http://purl.org/dc/terms/|obo:http://purl.obolibrary.org/obo/|vcard:https://www.w3.org/2006/vcard/ns#|dc:http://purl.org/dc/elements/1.1/|skos:http://www.w3.org/2008/05/skos#",
  "NombreTesauroExclusivo": null,
  "CachearDatosSemanticos": false,
  "EsBuscable": true,
  "Subtipos": {},
  "PresentacionListado": {
    "ListaPropiedades": [],
    "MostrarDescripcion": false,
    "MostrarPublicador": false,
    "MostrarEtiquetas": false,
    "MostrarCategorias": false
  },
  "PresentacionMosaico": {
    "ListaPropiedades": [],
    "MostrarDescripcion": false,
    "MostrarPublicador": false,
    "MostrarEtiquetas": false,
    "MostrarCategorias": false
  },
  "PresentacionMapa": {
    "ListaPropiedades": [],
    "MostrarDescripcion": false,
    "MostrarPublicador": false,
    "MostrarEtiquetas": false,
    "MostrarCategorias": false
  },
  "PresentacionRelacionados": {
    "ListaPropiedades": [],
    "MostrarDescripcion": false,
    "MostrarPublicador": false,
    "MostrarEtiquetas": false,
    "MostrarCategorias": false
  },
  "PresentacionPersonalizado": {
    "ListaPropiedades": [
      {
        "Identificador": "FechaDocumento",
        "Select": "select ?s ?fecha",
        "Where": "Where \n{\n     OPTIONAL{ ?s <http://purl.org/dc/terms/issued> ?fecha. }\n     <FILTER_RESOURCE_IDS>\n}",
        "Orden": 0
      },
      {
        "Identificador": "FreeTextWords",
        "Select": "select ?s ?freeTextWords",
        "Where": "Where \n{\n     ?s <http://vivoweb.org/ontology/core#freeTextKeyword> ?o.\n     ?o <http://w3id.org/roh/title> ?freeTextWords.\n     <FILTER_RESOURCE_IDS>\n}",
        "Orden": 1
      },
      {
        "Identificador": "Categorias",
        "Select": "select distinct ?s ?idCategoria ?titulo",
        "Where": "Where {\n?s <http://w3id.org/roh/hasKnowledgeArea> ?categoria.\n?categoria ?p ?idCategoria.\n?idCategoria <http://www.w3.org/2008/05/skos#prefLabel> ?titulo\n<FILTER_RESOURCE_IDS>\nMINUS\n{\n  ?idCategoria <http://www.w3.org/2008/05/skos#narrower> ?hijos\n}\n}",
        "Orden": 2
      },
      {
        "Identificador": "Journal",
        "Select": "select ?s ?nombre",
        "Where": "where\n{\n  ?s <http://w3id.org/roh/hasPublicationVenueJournalText> ?nombre\n  <FILTER_RESOURCE_IDS>\n}",
        "Orden": 3
      },
      {
        "Identificador": "Autores",
        "Select": "select ?s ?nombre ?firma ?tituloOrg",
        "Where": "Where {\n?s <http://purl.org/ontology/bibo/authorList> ?bfo.\n\n   ?bfo <http://www.w3.org/1999/02/22-rdf-syntax-ns#member> ?persona.\n   OPTIONAL\n   {\n      ?persona <http://w3id.org/roh/hasRole> ?organizacion.\n      ?organizacion <http://w3id.org/roh/title> ?tituloOrg.\n      ?persona <http://xmlns.com/foaf/0.1/name> ?nombre\n   }\n\nOPTIONAL{?bfo <http://www.w3.org/1999/02/22-rdf-syntax-ns#comment> ?orden.}\nOPTIONAL{?bfo <http://xmlns.com/foaf/0.1/nick> ?firma.}\n\n<FILTER_RESOURCE_IDS>\n} ORDER BY asc(?orden)\n",
        "Orden": 4
      },
      {
        "Identificador": "Entidad Financiadora",
        "Select": "select distinct ?s ?tituloOrganizacion",
        "Where": "from <http://gnoss.com/organization.owl>\nWhere {\n?s <http://w3id.org/roh/conductedBy> ?o.\n?o <http://w3id.org/roh/title> ?tituloOrganizacion\n<FILTER_RESOURCE_IDS>\n} \n",
        "Orden": 5
      },
      {
        "Identificador": "NumeroCitas",
        "Select": "select distinct ?s ?referencesLoadedCount",
        "Where": "where\n{\n  ?s <http://w3id.org/roh/citationCount> ?referencesLoadedCount.\n  <FILTER_RESOURCE_IDS>\n}",
        "Orden": 6
      },
      {
        "Identificador": "Abstract",
        "Select": "select distinct ?s ?abstract",
        "Where": "where\n{\n  ?s <http://purl.org/ontology/bibo/abstract> ?abstract\n  <FILTER_RESOURCE_IDS>\n}",
        "Orden": 7
      },
      {
        "Identificador": "Identificadores",
        "Select": "select distinct ?s ?wos ?scopus ?semanticScholar",
        "Where": "where\n{\n  ?s a 'document'.\n OPTIONAL{ ?s <http://w3id.org/roh/wosCitationCount> ?wos.}\n OPTIONAL{?s <http://w3id.org/roh/scopusCitationCount> ?scopus.}\n OPTIONAL{?s <http://w3id.org/roh/semanticScholarCitationCount> ?semanticScholar.}\n  <FILTER_RESOURCE_IDS>\n}",
        "Orden": 8
      },
      {
        "Identificador": "CV",
        "Select": "select distinct ?s ?cv ?gnossUser ?typeDocumentID",
        "Where": "where\n{\n   ?s <http://purl.org/ontology/bibo/authorList> ?bfo.\n   ?bfo <http://www.w3.org/1999/02/22-rdf-syntax-ns#member> ?persona.\n   ?persona <http://w3id.org/roh/gnossUser> ?gnossUser.\n   ?cv <http://w3id.org/roh/cvOf> ?persona.\n   ?s <http://w3id.org/roh/scientificActivityDocument> ?typeDocument.\n   ?typeDocument <http://purl.org/dc/elements/1.1/identifier> ?typeDocumentID\n  <FILTER_RESOURCE_IDS>\n}",
        "Orden": 9
      },
      {
        "Identificador": "ImpactIndex",
        "Select": "select distinct ?s ?impactIndex ?impactSource ?impactIndexCategory ?impactIndexInYear ?publicationPosition ?journalNumberInCat ?quartile",
        "Where": "where\n{\n\t?s <http://w3id.org/roh/impactIndex> ?impactIndex.\n\tOPTIONAL{ \n\t\t?impactIndex <http://w3id.org/roh/impactSource> ?impactSourceAux.\n\t\t?impactSourceAux <http://purl.org/dc/elements/1.1/title> ?impactSource.\n\t\tFILTER(lang(?impactSource)='<LANG>')\t\n\t}\n\tOPTIONAL{ \n\t\t?impactIndex <http://w3id.org/roh/impactIndexCategory> ?impactIndexCategory.\n\t}\n\tOPTIONAL{ \n\t\t?impactIndex <http://w3id.org/roh/impactIndexInYear> ?impactIndexInYear.\n\t}\n\tOPTIONAL{ \n\t\t?impactIndex <http://w3id.org/roh/publicationPosition> ?publicationPosition.\n\t}\n\tOPTIONAL{ \n\t\t?impactIndex <http://w3id.org/roh/journalNumberInCat> ?journalNumberInCat.\n\t}\n\tOPTIONAL{ \n\t\t?impactIndex <http://w3id.org/roh/quartile> ?quartile.\n\t}\n\t<FILTER_RESOURCE_IDS>\n}",
        "Orden": 10
      }
    ]
  }
}