{
  "Deleted": false,
  "Ontologia": "group",
  "Name": "Group@es|||",
  "ShortNameOntology": "",
  "Namespace": "group",
  "NamespaceExtra": "roh:http://w3id.org/roh/|foaf:http://xmlns.com/foaf/0.1/|vivo:http://vivoweb.org/ontology/core#|obo:http://purl.obolibrary.org/obo/|dc:http://purl.org/dc/elements/1.1/",
  "NombreTesauroExclusivo": null,
  "CachearDatosSemanticos": false,
  "EsBuscable": true,
  "Subtipos": {},
  "PresentacionListado": {
    "ListaPropiedades": [],
    "MostrarDescripcion": false,
    "MostrarPublicador": false,
    "MostrarEtiquetas": false,
    "MostrarCategorias": false
  },
  "PresentacionMosaico": {
    "ListaPropiedades": [],
    "MostrarDescripcion": false,
    "MostrarPublicador": false,
    "MostrarEtiquetas": false,
    "MostrarCategorias": false
  },
  "PresentacionMapa": {
    "ListaPropiedades": [],
    "MostrarDescripcion": false,
    "MostrarPublicador": false,
    "MostrarEtiquetas": false,
    "MostrarCategorias": false
  },
  "PresentacionRelacionados": {
    "ListaPropiedades": [],
    "MostrarDescripcion": false,
    "MostrarPublicador": false,
    "MostrarEtiquetas": false,
    "MostrarCategorias": false
  },
  "PresentacionPersonalizado": {
    "ListaPropiedades": [
      {
        "Identificador": "GetMainResearcher",
        "Select": "select distinct ?s CONCAT(?nameAux,' ',?familyNameAux,' ',?secondFamilyNameAux) as ?name",
        "Where": "where\n{\n  ?s <http://w3id.org/roh/mainResearchers> ?members .\n OPTIONAL{ ?members <http://xmlns.com/foaf/0.1/firstName> ?nameAux.}\n OPTIONAL{ ?members <http://xmlns.com/foaf/0.1/familyName> ?familyNameAux.}\n OPTIONAL{ ?members <http://w3id.org/roh/secondFamilyName> ?secondFamilyNameAux.}\n  <FILTER_RESOURCE_IDS>\n}",
        "Orden": 0
      },
      {
        "Identificador": "GetOtherResearchers",
        "Select": "select distinct ?s ?namesResearchers",
        "Where": "where\n{\n  ?s <http://xmlns.com/foaf/0.1/member> ?members.\n  ?members <http://w3id.org/roh/roleOf> ?mid.\n  ?mid <http://xmlns.com/foaf/0.1/name> ?namesResearchers\n  <FILTER_RESOURCE_IDS>\n}",
        "Orden": 1
      },
      {
        "Identificador": "GetResearchersNumber",
        "Select": "select distinct ?s ?researchersNumber",
        "Where": "where\n{\n\n  ?s <http://w3id.org/roh/membersNumber> ?researchersNumber.\n  <FILTER_RESOURCE_IDS>\n}",
        "Orden": 2
      },
      {
        "Identificador": "GetTotalPublicaciones",
        "Select": "select distinct ?s ?numDocuments",
        "Where": "where\n{\n  ?s <http://w3id.org/roh/publicationsNumber> ?numDocuments \n  <FILTER_RESOURCE_IDS>\n}",
        "Orden": 3
      },
      {
        "Identificador": "GetTotalProyectos",
        "Select": "select distinct ?s ?numProjects",
        "Where": "where\n{\n  ?s <http://w3id.org/roh/projectsNumber> ?numProjects\n  <FILTER_RESOURCE_IDS>\n}",
        "Orden": 4
      },
      {
        "Identificador": "GetAreasInvestigacion",
        "Select": "select distinct ?s ?lineResearch",
        "Where": "where\n{\n  ?s <http://w3id.org/roh/lineResearch> ?lineResearch\n  <FILTER_RESOURCE_IDS>\n}",
        "Orden": 5
      }
    ]
  }
}