{
  "Deleted": false,
  "Ontologia": "offer",
  "Name": "Offer@es|||",
  "ShortNameOntology": "",
  "Namespace": "offer",
  "NamespaceExtra": "dc:http://purl.org/dc/elements/1.1/|qb:http://purl.org/linked-data/cube#|dct:http://purl.org/dc/terms/|drm:http://vocab.data.gov/def/drm#|obo:http://purl.obolibrary.org/obo/|roh:http://w3id.org/roh/|xml:http://www.w3.org/XML/1998/namespace|bibo:http://purl.org/ontology/bibo/|foaf:http://xmlns.com/foaf/0.1/|vivo:http://vivoweb.org/ontology/core#|schema:http://www.schema.org/",
  "NombreTesauroExclusivo": null,
  "CachearDatosSemanticos": false,
  "EsBuscable": true,
  "Subtipos": {},
  "PresentacionListado": {
    "ListaPropiedades": [],
    "MostrarDescripcion": false,
    "MostrarPublicador": false,
    "MostrarEtiquetas": false,
    "MostrarCategorias": false
  },
  "PresentacionMosaico": {
    "ListaPropiedades": [],
    "MostrarDescripcion": false,
    "MostrarPublicador": false,
    "MostrarEtiquetas": false,
    "MostrarCategorias": false
  },
  "PresentacionMapa": {
    "ListaPropiedades": [],
    "MostrarDescripcion": false,
    "MostrarPublicador": false,
    "MostrarEtiquetas": false,
    "MostrarCategorias": false
  },
  "PresentacionRelacionados": {
    "ListaPropiedades": [],
    "MostrarDescripcion": false,
    "MostrarPublicador": false,
    "MostrarEtiquetas": false,
    "MostrarCategorias": false
  },
  "PresentacionPersonalizado": {
    "ListaPropiedades": [
      {
        "Identificador": "Autor",
        "Select": "select distinct ?s CONCAT(?nameAux,' ',?familyNameAux,' ',?secondFamilyNameAux) as ?name",
        "Where": "where\n{\n  ?s <http://www.schema.org/offeredBy> ?members .\n OPTIONAL{ ?members <http://xmlns.com/foaf/0.1/firstName> ?nameAux.}\n OPTIONAL{ ?members <http://xmlns.com/foaf/0.1/familyName> ?familyNameAux.}\n OPTIONAL{ ?members <http://w3id.org/roh/secondFamilyName> ?secondFamilyNameAux.}\n  <FILTER_RESOURCE_IDS>\n}",
        "Orden": 0
      },
      {
        "Identificador": "Fecha",
        "Select": "select distinct ?s ?fecha",
        "Where": "Where \n{\n     OPTIONAL{ ?s <http://purl.org/dc/terms/issued> ?fecha.}\n     <FILTER_RESOURCE_IDS>\n}",
        "Orden": 1
      },
      {
        "Identificador": "Áreas de investigador",
        "Select": "select distinct ?s ?palabrasclave",
        "Where": "where\n{\n  ?s <http://vivoweb.org/ontology/core#freetextKeyword> ?palabrasclave.\n  <FILTER_RESOURCE_IDS>\n}",
        "Orden": 2
      },
      {
        "Identificador": "EstadoOferta",
        "Select": "select distinct ?s ?title ?color ?estado",
        "Where": "where\n{\n  ?s <http://www.schema.org/availability> ?estado.\n  ?estado <http://www.schema.org/color> ?color.\n  ?estado <http://purl.org/dc/elements/1.1/title> ?title.\n  <FILTER_RESOURCE_IDS>\n}",
        "Orden": 3
      },
      {
        "Identificador": "MatureState",
        "Select": "select distinct ?s ?title ?estado",
        "Where": "where\n{\n  ?s <http://purl.org/ontology/bibo/status> ?estado.\n  ?estado <http://purl.org/dc/elements/1.1/title> ?title.\n  <FILTER_RESOURCE_IDS>\n}",
        "Orden": 4
      },
      {
        "Identificador": "FramingSector",
        "Select": "select distinct ?s ?title ?estado",
        "Where": "where\n{\n  ?s <http://w3id.org/roh/framingSector> ?estado.\n  ?estado <http://purl.org/dc/elements/1.1/title> ?title.\n  <FILTER_RESOURCE_IDS>\n}",
        "Orden": 5
      },
      {
        "Identificador": "Description",
        "Select": "select distinct ?s ?description",
        "Where": "where\n{\n  ?s <http://www.schema.org/description> ?description.\n  <FILTER_RESOURCE_IDS>\n}",
        "Orden": 6
      },
      {
        "Identificador": "Fecha",
        "Select": "select distinct ?s ?fecha",
        "Where": "where\n{\n  ?s <http://purl.org/dc/terms/issued> ?fecha.\n  <FILTER_RESOURCE_IDS>\n}",
        "Orden": 7
      },
      {
        "Identificador": "SectorAplicacion",
        "Select": "select distinct ?s ?idCategoria ?titulo",
        "Where": "Where {\n?s <http://w3id.org/roh/sectoraplicacion> ?categoria.\n?categoria ?p ?idCategoria.\n?idCategoria <http://www.w3.org/2008/05/skos#prefLabel> ?titulo\n<FILTER_RESOURCE_IDS>\nMINUS\n{\n  ?idCategoria <http://www.w3.org/2008/05/skos#narrower> ?hijos\n}\n}",
        "Orden": 8
      },
      {
        "Identificador": "AreaProcedencia",
        "Select": "select distinct ?s ?idCategoria ?titulo",
        "Where": "Where {\n?s <http://w3id.org/roh/areaprocedencia> ?categoria.\n?categoria ?p ?idCategoria.\n?idCategoria <http://www.w3.org/2008/05/skos#prefLabel> ?titulo\n<FILTER_RESOURCE_IDS>\nMINUS\n{\n  ?idCategoria <http://www.w3.org/2008/05/skos#narrower> ?hijos\n}\n}",
        "Orden": 9
      }
    ]
  }
}