{
  "Deleted": false,
  "Ontologia": "organization",
  "Name": "Organization@es|||",
  "ShortNameOntology": "",
  "Namespace": "organization",
  "NamespaceExtra": "roh:http://w3id.org/roh/|foaf:http://xmlns.com/foaf/0.1/|vivo:http://vivoweb.org/ontology/core#|vcard:https://www.w3.org/2006/vcard/ns#|dc:http://purl.org/dc/elements/1.1/",
  "NombreTesauroExclusivo": null,
  "CachearDatosSemanticos": false,
  "EsBuscable": true,
  "Subtipos": {},
  "PresentacionListado": {
    "ListaPropiedades": [],
    "MostrarDescripcion": false,
    "MostrarPublicador": false,
    "MostrarEtiquetas": false,
    "MostrarCategorias": false
  },
  "PresentacionMosaico": {
    "ListaPropiedades": [],
    "MostrarDescripcion": false,
    "MostrarPublicador": false,
    "MostrarEtiquetas": false,
    "MostrarCategorias": false
  },
  "PresentacionMapa": {
    "ListaPropiedades": [],
    "MostrarDescripcion": false,
    "MostrarPublicador": false,
    "MostrarEtiquetas": false,
    "MostrarCategorias": false
  },
  "PresentacionRelacionados": {
    "ListaPropiedades": [],
    "MostrarDescripcion": false,
    "MostrarPublicador": false,
    "MostrarEtiquetas": false,
    "MostrarCategorias": false
  },
  "PresentacionPersonalizado": {
    "ListaPropiedades": []
  }
}