{
  "Deleted": false,
  "Ontologia": "patent",
  "Name": "Patent@es|||",
  "ShortNameOntology": "",
  "Namespace": "patent",
  "NamespaceExtra": "foaf:http://xmlns.com/foaf/0.1/|vivo:http://vivoweb.org/ontology/core#|bibo:http://purl.org/ontology/bibo/|roh:http://w3id.org/roh/|dct:http://purl.org/dc/terms/|obo:http://purl.obolibrary.org/obo/|vcard:https://www.w3.org/2006/vcard/ns#|dc:http://purl.org/dc/elements/1.1/",
  "NombreTesauroExclusivo": null,
  "CachearDatosSemanticos": false,
  "EsBuscable": true,
  "Subtipos": {},
  "PresentacionListado": {
    "ListaPropiedades": [],
    "MostrarDescripcion": false,
    "MostrarPublicador": false,
    "MostrarEtiquetas": false,
    "MostrarCategorias": false
  },
  "PresentacionMosaico": {
    "ListaPropiedades": [],
    "MostrarDescripcion": false,
    "MostrarPublicador": false,
    "MostrarEtiquetas": false,
    "MostrarCategorias": false
  },
  "PresentacionMapa": {
    "ListaPropiedades": [],
    "MostrarDescripcion": false,
    "MostrarPublicador": false,
    "MostrarEtiquetas": false,
    "MostrarCategorias": false
  },
  "PresentacionRelacionados": {
    "ListaPropiedades": [],
    "MostrarDescripcion": false,
    "MostrarPublicador": false,
    "MostrarEtiquetas": false,
    "MostrarCategorias": false
  },
  "PresentacionPersonalizado": {
    "ListaPropiedades": [
      {
        "Identificador": "Fecha",
        "Select": "select distinct ?s ?fecha",
        "Where": "Where \n{\n     ?s <http://w3id.org/roh/dateFiled> ?fecha.\n     <FILTER_RESOURCE_IDS>\n}",
        "Orden": 0
      },
      {
        "Identificador": "FreeTextWords",
        "Select": "select distinct ?s ?titulo",
        "Where": "Where {\n?s <http://vivoweb.org/ontology/core#freeTextKeyword> ?categoria.\n?categoria ?p ?idCategoria.\n?idCategoria <http://www.w3.org/2008/05/skos#prefLabel> ?titulo\n<FILTER_RESOURCE_IDS>\nMINUS\n{\n  ?idCategoria <http://www.w3.org/2008/05/skos#narrower> ?hijos\n}\n}",
        "Orden": 1
      },
      {
        "Identificador": "IndustrialProperty",
        "Select": "select distinct ?s ?title ?titleOther",
        "Where": "Where \n{\n     OPTIONAL{ ?s roh:industrialPropertyType ?industrialProperty .\n     ?industrialProperty <http://purl.org/dc/terms/title> ?title. }\n     \n     OPTIONAL{ ?s roh:industrialPropertyTypeOther ?titleOther. }\n     <FILTER_RESOURCE_IDS>\n}",
        "Orden": 2
      },
      {
        "Identificador": "Organization",
        "Select": "select distinct ?s ?organization",
        "Where": "where\n{\n  ?s <http://w3id.org/roh/ownerOrganizationTitle> ?organization.\n  <FILTER_RESOURCE_IDS>\n}",
        "Orden": 3
      },
      {
        "Identificador": "Description",
        "Select": "select distinct ?s ?description",
        "Where": "where\n{\n  ?s <http://w3id.org/roh/qualityDescription> ?description.\n  <FILTER_RESOURCE_IDS>\n}",
        "Orden": 4
      },
      {
        "Identificador": "PatentNumber",
        "Select": "select distinct ?s ?pNumber",
        "Where": "where\n{\n  ?s <http://w3id.org/roh/patentNumber> ?pNumber.\n  <FILTER_RESOURCE_IDS>\n}",
        "Orden": 5
      }
    ]
  }
}