{
  "Deleted": false,
  "Ontologia": "person",
  "Name": "Person@es|||",
  "ShortNameOntology": "",
  "Namespace": "person",
  "NamespaceExtra": "roh:http://w3id.org/roh/|foaf:http://xmlns.com/foaf/0.1/",
  "NombreTesauroExclusivo": null,
  "CachearDatosSemanticos": false,
  "EsBuscable": true,
  "Subtipos": {},
  "PresentacionListado": {
    "ListaPropiedades": [],
    "MostrarDescripcion": false,
    "MostrarPublicador": false,
    "MostrarEtiquetas": false,
    "MostrarCategorias": false
  },
  "PresentacionMosaico": {
    "ListaPropiedades": [],
    "MostrarDescripcion": false,
    "MostrarPublicador": false,
    "MostrarEtiquetas": false,
    "MostrarCategorias": false
  },
  "PresentacionMapa": {
    "ListaPropiedades": [],
    "MostrarDescripcion": false,
    "MostrarPublicador": false,
    "MostrarEtiquetas": false,
    "MostrarCategorias": false
  },
  "PresentacionRelacionados": {
    "ListaPropiedades": [],
    "MostrarDescripcion": false,
    "MostrarPublicador": false,
    "MostrarEtiquetas": false,
    "MostrarCategorias": false
  },
  "PresentacionPersonalizado": {
    "ListaPropiedades": [
      {
        "Identificador": "Organizacion",
        "Select": "select distinct ?s ?tituloOrg",
        "Where": "Where {\n?s <http://w3id.org/roh/hasRole> ?persona.\n?persona <http://w3id.org/roh/title> ?tituloOrg\n<FILTER_RESOURCE_IDS>\n} ",
        "Orden": 0
      },
      {
        "Identificador": "Nick",
        "Select": "select distinct ?s ?nick",
        "Where": "Where {\n?s <http://xmlns.com/foaf/0.1/nick> ?nick\n<FILTER_RESOURCE_IDS>\n} \n",
        "Orden": 1
      },
      {
        "Identificador": "TotalPublicaciones",
        "Select": "select distinct ?s ?numDocumento",
        "Where": "where\n{\n  ?s <http://w3id.org/roh/publicationsNumber> ?numDocumento\n  <FILTER_RESOURCE_IDS>\n}",
        "Orden": 2
      },
      {
        "Identificador": "HIndex",
        "Select": "select distinct ?s ?hIndex",
        "Where": "where\n{\n  ?s <http://w3id.org/roh/h-index> ?hIndex\n  <FILTER_RESOURCE_IDS>\n}",
        "Orden": 3
      },
      {
        "Identificador": "HasPosition",
        "Select": "select distinct ?s ?hasPosition",
        "Where": "where\n{\n  ?s <http://w3id.org/roh/hasPosition> ?hasPosition\n  <FILTER_RESOURCE_IDS>\n}",
        "Orden": 4
      },
      {
        "Identificador": "Departamento",
        "Select": "select distinct ?s ?dept ?departamento",
        "Where": "where\n{\n  ?s <http://vivoweb.org/ontology/core#departmentOrSchool> ?dept.\n  ?dept <http://purl.org/dc/elements/1.1/title> ?departamento\n  <FILTER_RESOURCE_IDS>\n}",
        "Orden": 5
      },
      {
        "Identificador": "Descripcion",
        "Select": "select distinct ?s ?descripcion",
        "Where": "where\n{\n  ?s <http://vivoweb.org/ontology/core#description> ?descripcion\n  <FILTER_RESOURCE_IDS>\n}",
        "Orden": 6
      },
      {
        "Identificador": "RegionGeografica",
        "Select": "select distinct ?s ?geographicRegion",
        "Where": "from <http://gnoss.com/person.owl>\nwhere\n{\n  ?s <http://vivoweb.org/ontology/core#geographicFocus> ?o.\n  ?o <http://purl.org/dc/elements/1.1/title> ?geographicRegion.\n  <FILTER_RESOURCE_IDS>\n}",
        "Orden": 7
      }
    ]
  }
}