{
  "Deleted": false,
  "Ontologia": "researchobject",
  "Name": "ResearchObject@es|||",
  "ShortNameOntology": "",
  "Namespace": "researchobject",
  "NamespaceExtra": "foaf:http://xmlns.com/foaf/0.1/|vivo:http://vivoweb.org/ontology/core#|bibo:http://purl.org/ontology/bibo/|roh:http://w3id.org/roh/|dct:http://purl.org/dc/terms/|obo:http://purl.obolibrary.org/obo/|vcard:https://www.w3.org/2006/vcard/ns#|dc:http://purl.org/dc/elements/1.1/",
  "NombreTesauroExclusivo": null,
  "CachearDatosSemanticos": false,
  "EsBuscable": true,
  "Subtipos": {},
  "PresentacionListado": {
    "ListaPropiedades": [],
    "MostrarDescripcion": false,
    "MostrarPublicador": false,
    "MostrarEtiquetas": false,
    "MostrarCategorias": false
  },
  "PresentacionMosaico": {
    "ListaPropiedades": [],
    "MostrarDescripcion": false,
    "MostrarPublicador": false,
    "MostrarEtiquetas": false,
    "MostrarCategorias": false
  },
  "PresentacionMapa": {
    "ListaPropiedades": [],
    "MostrarDescripcion": false,
    "MostrarPublicador": false,
    "MostrarEtiquetas": false,
    "MostrarCategorias": false
  },
  "PresentacionRelacionados": {
    "ListaPropiedades": [],
    "MostrarDescripcion": false,
    "MostrarPublicador": false,
    "MostrarEtiquetas": false,
    "MostrarCategorias": false
  },
  "PresentacionPersonalizado": {
    "ListaPropiedades": [
      {
        "Identificador": "FechaResearchObject",
        "Select": "select ?s ?fecha",
        "Where": "Where \n{\n     OPTIONAL{ ?s <http://purl.org/dc/terms/issued> ?fecha.}\n     <FILTER_RESOURCE_IDS>\n}",
        "Orden": 0
      },
      {
        "Identificador": "FreeTextWords",
        "Select": "select ?s ?freeTextWords",
        "Where": "Where \n{\n     OPTIONAL{?s <http://vivoweb.org/ontology/core#freeTextKeyword> ?freeTextWords.}\n     <FILTER_RESOURCE_IDS>\n}",
        "Orden": 1
      },
      {
        "Identificador": "Categorias",
        "Select": "select distinct ?s ?idCategoria ?titulo",
        "Where": "Where {\n?s <http://w3id.org/roh/hasKnowledgeArea> ?categoria.\n?categoria ?p ?idCategoria.\n?idCategoria <http://www.w3.org/2008/05/skos#prefLabel> ?titulo\n<FILTER_RESOURCE_IDS>\nMINUS\n{\n  ?idCategoria <http://www.w3.org/2008/05/skos#narrower> ?hijos\n}\n}",
        "Orden": 2
      },
      {
        "Identificador": "Journal",
        "Select": "select ?s ?nombre",
        "Where": "where\n{\n  ?s <http://vivoweb.org/ontology/core#hasPublicationVenue> ?contenedor.\n ?contenedor <http://w3id.org/roh/title> ?nombre\n  <FILTER_RESOURCE_IDS>\n}",
        "Orden": 3
      },
      {
        "Identificador": "Autores",
        "Select": "select ?s ?nombre ?firma ?tituloOrg",
        "Where": "Where {\n?s <http://purl.org/ontology/bibo/authorList> ?bfo.\n\n   ?bfo <http://www.w3.org/1999/02/22-rdf-syntax-ns#member> ?persona.\n   OPTIONAL\n   {\n      ?persona <http://w3id.org/roh/hasRole> ?organizacion.\n      ?organizacion <http://w3id.org/roh/title> ?tituloOrg.\n      ?persona <http://xmlns.com/foaf/0.1/name> ?nombre\n   }\n\nOPTIONAL{?bfo <http://www.w3.org/1999/02/22-rdf-syntax-ns#comment> ?orden.}\nOPTIONAL{?bfo <http://xmlns.com/foaf/0.1/nick> ?firma.}\n\n<FILTER_RESOURCE_IDS>\n} ORDER BY ASC (?orden)\n",
        "Orden": 4
      },
      {
        "Identificador": "Entidad Financiadora",
        "Select": "select distinct ?s ?tituloOrganizacion",
        "Where": "from <http://gnoss.com/organization.owl>\nWhere {\n?s <http://w3id.org/roh/conductedBy> ?o.\n?o <http://w3id.org/roh/title> ?tituloOrganizacion\n<FILTER_RESOURCE_IDS>\n} \n",
        "Orden": 5
      },
      {
        "Identificador": "NumeroCitas",
        "Select": "select distinct ?s ?referencesLoadedCount",
        "Where": "where\n{\n  ?s <http://w3id.org/roh/citationCount> ?referencesLoadedCount.\n  <FILTER_RESOURCE_IDS>\n}",
        "Orden": 6
      },
      {
        "Identificador": "Abstract",
        "Select": "select distinct ?s ?abstract",
        "Where": "where\n{\n  ?s <http://purl.org/ontology/bibo/abstract> ?abstract\n  <FILTER_RESOURCE_IDS>\n}",
        "Orden": 7
      },
      {
        "Identificador": "Identificadores",
        "Select": "select distinct ?s ?inrecs ?wos ?scopus",
        "Where": "where\n{\n  ?s a 'document'.\n OPTIONAL{ ?s <http://w3id.org/roh/inrecs> ?inrecs.}\n OPTIONAL{ ?s <http://w3id.org/roh/wos> ?wos.}\n OPTIONAL{?s <http://w3id.org/roh/scopus> ?scopus.}\n  <FILTER_RESOURCE_IDS>\n}",
        "Orden": 8
      },
      {
        "Identificador": "IdentificadoresOtros",
        "Select": "select distinct ?s ?nombre ?numCitas",
        "Where": "where\n{\n  ?s a 'researchobject'.\n  ?s <http://w3id.org/roh/hasMetric> ?metrica.\n  ?metrica <http://w3id.org/roh/metricName> ?nombre.\n  ?metrica <http://w3id.org/roh/citationCount> ?numCitas.\n  <FILTER_RESOURCE_IDS>\n}",
        "Orden": 9
      },
      {
        "Identificador": "PublicactionType",
        "Select": "select distinct ?s ?title",
        "Where": "where\n{\n  ?s <http://purl.org/dc/elements/1.1/type> ?type.\n  ?type <http://purl.org/dc/elements/1.1/title> ?title.\n  <FILTER_RESOURCE_IDS>\n}",
        "Orden": 10
      },
      {
        "Identificador": "CV",
        "Select": "select distinct ?s ?cv ?gnossUser",
        "Where": "where\n{\n   ?s <http://purl.org/ontology/bibo/authorList> ?bfo.\n   ?bfo <http://www.w3.org/1999/02/22-rdf-syntax-ns#member> ?persona.\n   ?persona <http://w3id.org/roh/gnossUser> ?gnossUser.\n   ?cv <http://w3id.org/roh/cvOf> ?persona.\n  <FILTER_RESOURCE_IDS>\n}",
        "Orden": 11
      }
    ]
  }
}