{
  "AccesoPublicoComponente": false,
  "ContenidoMultiIdioma": false,
  "ListaIdiomasDisponibles": [],
  "ListaIdiomas": null,
  "IdiomaPorDefecto": null,
  "UrlVuelta": null,
  "EsEdicion": false,
  "Name": "Metricas",
  "ShortName": "03a9d2c6-c9c6-443c-a123-bf211a9fc1fd",
  "Active": true,
  "Private": false,
  "GruposPrivacidad": null,
  "PerfilesPrivacidad": null,
  "Type": 1,
  "Caducidades": {},
  "CaducidadSeleccionada": 6,
  "Styles": "",
  "Personalizaciones": null,
  "PersonalizacionSeleccionada": "7af7ab86-f67e-401b-9b1b-0598204888a0",
  "Properties": [
    {
      "TipoPropiedadCMS": 1,
      "Required": true,
      "Options": {},
      "Value": "Metricas%40es%7c%7c%7c",
      "MultiLang": true,
      "TypeComponent": 1
    },
    {
      "TipoPropiedadCMS": 16,
      "Required": false,
      "Options": {},
      "Value": null,
      "MultiLang": true,
      "TypeComponent": 1
    },
    {
      "TipoPropiedadCMS": 2,
      "Required": false,
      "Options": {},
      "Value": null,
      "MultiLang": true,
      "TypeComponent": 1
    },
    {
      "TipoPropiedadCMS": 0,
      "Required": false,
      "Options": {},
      "Value": null,
      "MultiLang": true,
      "TypeComponent": 1
    },
    {
      "TipoPropiedadCMS": 3,
      "Required": false,
      "Options": {},
      "Value": null,
      "MultiLang": true,
      "TypeComponent": 1
    }
  ]
}