{
  "AccesoPublicoComponente": false,
  "ContenidoMultiIdioma": false,
  "ListaIdiomasDisponibles": [],
  "ListaIdiomas": null,
  "IdiomaPorDefecto": null,
  "UrlVuelta": null,
  "EsEdicion": false,
  "Name": "Cabecera Home",
  "ShortName": "06c520ee-395e-4650-818d-fa53ae68f19d",
  "Active": true,
  "Private": false,
  "GruposPrivacidad": null,
  "PerfilesPrivacidad": null,
  "Type": 26,
  "Caducidades": {
    "NoCaducidad": false,
    "Recurso": false,
    "Hora": false,
    "Dia": true,
    "Semana": false,
    "NoCache": false
  },
  "CaducidadSeleccionada": 2,
  "Styles": "no-cms-style imagen-destacada",
  "Personalizaciones": null,
  "PersonalizacionSeleccionada": "46afd47c-adec-4d99-9047-d782d5fd03e5",
  "Properties": [
    {
      "TipoPropiedadCMS": 1,
      "Required": false,
      "Options": {},
      "Value": "Buscador%40es%7c%7c%7c",
      "MultiLang": true,
      "TypeComponent": 26
    },
    {
      "TipoPropiedadCMS": 36,
      "Required": true,
      "Options": {},
      "Value": "SELECT+COUNT(distinct+%3fgroup)+as+%3fnumGroups+%0aWHERE+%7b%0a%09%0a%09%3fgroup+a+%3chttp%3a%2f%2fxmlns.com%2ffoaf%2f0.1%2fGroup%3e.%0a%09%09%0a%7d",
      "MultiLang": false,
      "TypeComponent": 26
    }
  ]
}