{
  "AccesoPublicoComponente": false,
  "ContenidoMultiIdioma": false,
  "ListaIdiomasDisponibles": [],
  "ListaIdiomas": null,
  "IdiomaPorDefecto": null,
  "UrlVuelta": null,
  "EsEdicion": false,
  "Name": "Listado cluster",
  "ShortName": "0d4e5d18-9a0f-4cb7-bb44-5c55bcdbd036",
  "Active": true,
  "Private": false,
  "GruposPrivacidad": null,
  "PerfilesPrivacidad": null,
  "Type": 26,
  "Caducidades": {
    "NoCaducidad": false,
    "Recurso": false,
    "Hora": false,
    "Dia": false,
    "Semana": false,
    "NoCache": true
  },
  "CaducidadSeleccionada": 6,
  "Styles": "no-cms-style mx-4",
  "Personalizaciones": null,
  "PersonalizacionSeleccionada": "addf4aca-9147-4946-8f9b-d23fb07719a2",
  "Properties": [
    {
      "TipoPropiedadCMS": 1,
      "Required": false,
      "Options": {},
      "Value": "Clusters%40es%7c%7c%7c",
      "MultiLang": true,
      "TypeComponent": 26
    },
    {
      "TipoPropiedadCMS": 36,
      "Required": true,
      "Options": {},
      "Value": "SELECT+distinct+%3fcluster+%3ftitle+%3fdescription+%3ffecha+%3fperfil+%3fperfilTitle+group_concat(distinct++concat(%3fnombreUserPerfil%2c+%22%40%22%2c%3fmemberPerfil)%3bseparator%3d%22%2c%22)+as+%3fperfilUsers%0aWHERE+%7b%0a%09%3fpersona+%3chttp%3a%2f%2fw3id.org%2froh%2fgnossUser%3e+%3chttp%3a%2f%2fgnoss%2f%3cUSUARIOID%3e%3e+.%0a%09%3fcluster+%3chttp%3a%2f%2fwww.w3.org%2f1999%2f02%2f22-rdf-syntax-ns%23member%3e+%3fpersona.%0a++++++++%3fcluster+a+%3chttp%3a%2f%2fw3id.org%2froh%2fCluster%3e.%0a%09%3fcluster+%3chttp%3a%2f%2fw3id.org%2froh%2ftitle%3e+%3ftitle.%0a%09%3fcluster+%3chttp%3a%2f%2fpurl.org%2fdc%2fterms%2fissued%3e+%3ffecha.%0a%09OPTIONAL+%7b%0a%09%09%3fcluster+%3chttp%3a%2f%2fvivoweb.org%2fontology%2fcore%23description%3e+%3fdescription.%0a%09%7d%0a%09OPTIONAL+%7b%0a%09%09%3fcluster+%3chttp%3a%2f%2fw3id.org%2froh%2fclusterPerfil%3e+%3fperfil.%0a%09%09%3fperfil+%3chttp%3a%2f%2fw3id.org%2froh%2ftitle%3e+%3fperfilTitle.%0a%09%09OPTIONAL+%7b%0a%09%09%09%3fperfil+%3chttp%3a%2f%2fwww.w3.org%2f1999%2f02%2f22-rdf-syntax-ns%23member%3e+%3fmemberPerfil.%0a%09%09%09%3fmemberPerfil+%3chttp%3a%2f%2fxmlns.com%2ffoaf%2f0.1%2fname%3e+%3fnombreUserPerfil.%0a%09%09%7d%0a%09%7d%0a%7d%0aORDER+BY+%3fcluster%0a",
      "MultiLang": false,
      "TypeComponent": 26
    }
  ]
}