{
  "AccesoPublicoComponente": false,
  "ContenidoMultiIdioma": false,
  "ListaIdiomasDisponibles": [],
  "ListaIdiomas": null,
  "IdiomaPorDefecto": null,
  "UrlVuelta": null,
  "EsEdicion": false,
  "Name": "Alertas - Contador y base",
  "ShortName": "11f013d3-9092-4341-8f1b-63149deb0a30",
  "Active": true,
  "Private": false,
  "GruposPrivacidad": null,
  "PerfilesPrivacidad": null,
  "Type": 26,
  "Caducidades": {
    "NoCaducidad": false,
    "Recurso": false,
    "Hora": false,
    "Dia": false,
    "Semana": false,
    "NoCache": true
  },
  "CaducidadSeleccionada": 6,
  "Styles": "",
  "Personalizaciones": null,
  "PersonalizacionSeleccionada": "83295f8f-d39a-4f1c-a49e-0b2a6e5a847e",
  "Properties": [
    {
      "TipoPropiedadCMS": 1,
      "Required": false,
      "Options": {},
      "Value": "Alertas+-+Contador+y+base%40es%7c%7c%7c",
      "MultiLang": true,
      "TypeComponent": 26
    },
    {
      "TipoPropiedadCMS": 36,
      "Required": true,
      "Options": {},
      "Value": "SELECT+%3ftype+count(%3fs)+as+%3fnumNot%0a%0a%0a+WHERE+%7b%3fs+a+%3chttp%3a%2f%2fw3id.org%2froh%2fNotification%3e+.+%0a%3fs+%3chttp%3a%2f%2fw3id.org%2froh%2fgnossUser%3e+%3chttp%3a%2f%2fgnoss%2f%3cUSUARIOID%3e%3e+.%0a%3fs+%3chttp%3a%2f%2fpurl.org%2fdc%2felements%2f1.1%2ftype%3e+%3ftype+.%7d",
      "MultiLang": false,
      "TypeComponent": 26
    }
  ]
}