{
  "AccesoPublicoComponente": false,
  "ContenidoMultiIdioma": false,
  "ListaIdiomasDisponibles": [],
  "ListaIdiomas": null,
  "IdiomaPorDefecto": null,
  "UrlVuelta": null,
  "EsEdicion": false,
  "Name": "Mis ofertas buscador",
  "ShortName": "17472c59-8111-4d5d-8584-1cb0d2d2b168",
  "Active": true,
  "Private": false,
  "GruposPrivacidad": null,
  "PerfilesPrivacidad": null,
  "Type": 1,
  "Caducidades": {},
  "CaducidadSeleccionada": 6,
  "Styles": "no-cms-style mx-3",
  "Personalizaciones": null,
  "PersonalizacionSeleccionada": "cc429e2d-69b5-4e2f-86f1-8e4589f07e5c",
  "Properties": [
    {
      "TipoPropiedadCMS": 1,
      "Required": true,
      "Options": {},
      "Value": "Mis+ofertas+buscador%40es%7c%7c%7c",
      "MultiLang": true,
      "TypeComponent": 1
    },
    {
      "TipoPropiedadCMS": 16,
      "Required": false,
      "Options": {},
      "Value": null,
      "MultiLang": true,
      "TypeComponent": 1
    },
    {
      "TipoPropiedadCMS": 2,
      "Required": false,
      "Options": {},
      "Value": null,
      "MultiLang": true,
      "TypeComponent": 1
    },
    {
      "TipoPropiedadCMS": 0,
      "Required": false,
      "Options": {},
      "Value": null,
      "MultiLang": true,
      "TypeComponent": 1
    },
    {
      "TipoPropiedadCMS": 3,
      "Required": false,
      "Options": {},
      "Value": null,
      "MultiLang": true,
      "TypeComponent": 1
    }
  ]
}