{
  "AccesoPublicoComponente": false,
  "ContenidoMultiIdioma": false,
  "ListaIdiomasDisponibles": [],
  "ListaIdiomas": null,
  "IdiomaPorDefecto": null,
  "UrlVuelta": null,
  "EsEdicion": false,
  "Name": "Cabecera Publicaciones de interés",
  "ShortName": "1def64c7-2050-46ef-9dd8-9432ee420731",
  "Active": true,
  "Private": false,
  "GruposPrivacidad": null,
  "PerfilesPrivacidad": null,
  "Type": 0,
  "Caducidades": {},
  "CaducidadSeleccionada": 6,
  "Styles": "no-cms-style mt-5 ml-2 mr-5 pr-2",
  "Personalizaciones": null,
  "PersonalizacionSeleccionada": "00000000-0000-0000-0000-000000000000",
  "Properties": [
    {
      "TipoPropiedadCMS": 1,
      "Required": false,
      "Options": {},
      "Value": null,
      "MultiLang": true,
      "TypeComponent": 0
    },
    {
      "TipoPropiedadCMS": 0,
      "Required": true,
      "Options": {},
      "Value": "%3cdiv+class%3d%22wrapCol%22%3e%0a++++++++++++%3cdiv+class%3d%22header-contenido%22%3e%0a++++++++++++++++%3cdiv+class%3d%22h1-container%22%3e%0a++++++++++++++++++++%3ch2%3ePublicaciones+de+inter%c3%a9s%3c%2fh2%3e%0a++++++++++++++++%3c%2fdiv%3e%0a++++++++++++%3c%2fdiv%3e%0a++++++++++++%0a++++++++%3c%2fdiv%3e%40es%7c%7c%7c",
      "MultiLang": true,
      "TypeComponent": 0
    }
  ]
}