{
  "AccesoPublicoComponente": false,
  "ContenidoMultiIdioma": false,
  "ListaIdiomasDisponibles": [],
  "ListaIdiomas": null,
  "IdiomaPorDefecto": null,
  "UrlVuelta": null,
  "EsEdicion": false,
  "Name": "Áreas de interés",
  "ShortName": "1f67a90c-b9f3-44b1-95d8-db864deb3834",
  "Active": true,
  "Private": false,
  "GruposPrivacidad": null,
  "PerfilesPrivacidad": null,
  "Type": 0,
  "Caducidades": {},
  "CaducidadSeleccionada": 6,
  "Styles": "no-cms-style mx-2",
  "Personalizaciones": null,
  "PersonalizacionSeleccionada": "00000000-0000-0000-0000-000000000000",
  "Properties": [
    {
      "TipoPropiedadCMS": 1,
      "Required": false,
      "Options": {},
      "Value": null,
      "MultiLang": true,
      "TypeComponent": 0
    },
    {
      "TipoPropiedadCMS": 0,
      "Required": true,
      "Options": {},
      "Value": "%3cdiv%3e%0a++++++++++++%3ch2%3e%c3%81reas+de+inter%c3%a9s%3c%2fh2%3e%0a++++++++%3c%2fdiv%3e%40es%7c%7c%7c",
      "MultiLang": true,
      "TypeComponent": 0
    }
  ]
}