{
  "AccesoPublicoComponente": false,
  "ContenidoMultiIdioma": false,
  "ListaIdiomasDisponibles": [],
  "ListaIdiomas": null,
  "IdiomaPorDefecto": null,
  "UrlVuelta": null,
  "EsEdicion": false,
  "Name": "Menu Home ED",
  "ShortName": "20e3cea9-c419-40b6-9dee-8fccefaa61d0",
  "Active": true,
  "Private": false,
  "GruposPrivacidad": null,
  "PerfilesPrivacidad": null,
  "Type": 26,
  "Caducidades": {
    "NoCaducidad": false,
    "Recurso": false,
    "Hora": false,
    "Dia": false,
    "Semana": false,
    "NoCache": true
  },
  "CaducidadSeleccionada": 6,
  "Styles": "",
  "Personalizaciones": null,
  "PersonalizacionSeleccionada": "7d8791c0-3c9c-46fd-8382-f80116087e70",
  "Properties": [
    {
      "TipoPropiedadCMS": 1,
      "Required": false,
      "Options": {},
      "Value": null,
      "MultiLang": true,
      "TypeComponent": 26
    },
    {
      "TipoPropiedadCMS": 36,
      "Required": true,
      "Options": {},
      "Value": "SELECT+distinct+%3fs+%3fname+%3ftituloOrg+%3ffoto+%3fnumPublicaciones+%3fnumPublicacionesPV+%3fnumRO%0aFROM+%3chttp%3a%2f%2fgnoss.com%2forganization.owl%3e+%0aFROM+%3chttp%3a%2f%2fgnoss.com%2fperson.owl%3e+%0aFROM+%3chttp%3a%2f%2fgnoss.com%2fcurriculumvitae.owl%3e%0aFROM+%3chttp%3a%2f%2fgnoss.com%2fdocument.owl%3e%0aFROM+%3chttp%3a%2f%2fgnoss.com%2fresearchobject.owl%3e%0aWHERE+%7b%0a++++%3fs+a+%3chttp%3a%2f%2fxmlns.com%2ffoaf%2f0.1%2fPerson%3e+.+%0a++++OPTIONAL%7b%0a%09%09%3fs+%3chttp%3a%2f%2fxmlns.com%2ffoaf%2f0.1%2fname%3e+%3fname.%0a%09%7d%0a++++OPTIONAL%7b%0a%09%09%3fs+%3chttp%3a%2f%2fw3id.org%2froh%2fhasRole%3e+%3forg.%0a%09%09%3forg+%3chttp%3a%2f%2fw3id.org%2froh%2ftitle%3e+%3ftituloOrg.%0a%09%7d%0a++++%3fcv+%3chttp%3a%2f%2fw3id.org%2froh%2fcvOf%3e+%3fs.%0a++++%3fcv+%3chttp%3a%2f%2fw3id.org%2froh%2fpersonalData%3e+%3fpData.++++%0a++++OPTIONAL+%7b%0a++++++++%3fpData+%3chttp%3a%2f%2fxmlns.com%2ffoaf%2f0.1%2fimg%3e+%3ffoto%0a++++%7d%0a++++%3fs+%3chttp%3a%2f%2fw3id.org%2froh%2fgnossUser%3e+%3chttp%3a%2f%2fgnoss%2f%3cUSUARIOID%3e%3e.%0a++++OPTIONAL%7b%0a%09%09select+%3fs+count(distinct+%3fdoc)+as+%3fnumPublicaciones+where%7b%0a%09%09%09%3fdoc+a+%3chttp%3a%2f%2fpurl.org%2fontology%2fbibo%2fDocument%3e.%0a%09%09%09%3fdoc+%3chttp%3a%2f%2fpurl.org%2fontology%2fbibo%2fauthorList%3e+%3fauthorList.%0a%09%09%09%3fauthorList+%3chttp%3a%2f%2fwww.w3.org%2f1999%2f02%2f22-rdf-syntax-ns%23member%3e+%3fs.%0a%09%09%7d%0a%09%7d%0a%09OPTIONAL%7b%0a%09%09select+%3fs+count(distinct+%3fdoc)+as+%3fnumPublicacionesPV+where%7b%0a%09%09%09%3fdoc+a+%3chttp%3a%2f%2fpurl.org%2fontology%2fbibo%2fDocument%3e.%0a%09%09%09%3fdoc+%3chttp%3a%2f%2fpurl.org%2fontology%2fbibo%2fauthorList%3e+%3fauthorList.%0a%09%09%09%3fauthorList+%3chttp%3a%2f%2fwww.w3.org%2f1999%2f02%2f22-rdf-syntax-ns%23member%3e+%3fs.%0a%09%09%09MINUS%7b%0a%09%09%09%09%3fdoc+%3chttp%3a%2f%2fw3id.org%2froh%2fvalidationStatusPRC%3e+%27validado%27%0a%09%09%09%7d%0a%09%09%7d%0a%09%7d%0a%09OPTIONAL%7b%0a%09%09select+%3fs+count(distinct+%3fro)+as+%3fnumRO+where%7b%0a%09%09%09%3fro+a+%3chttp%3a%2f%2fw3id.org%2froh%2fResearchObject%3e.%0a%09%09%09%3fro+%3chttp%3a%2f%2fpurl.org%2fontology%2fbibo%2fauthorList%3e+%3fauthorList.%0a%09%09%09%3fauthorList+%3chttp%3a%2f%2fwww.w3.org%2f1999%2f02%2f22-rdf-syntax-ns%23member%3e+%3fs.%0a%09%09%7d%0a%09%7d%0a%7d",
      "MultiLang": false,
      "TypeComponent": 26
    }
  ]
}