{
  "AccesoPublicoComponente": false,
  "ContenidoMultiIdioma": false,
  "ListaIdiomasDisponibles": [],
  "ListaIdiomas": null,
  "IdiomaPorDefecto": null,
  "UrlVuelta": null,
  "EsEdicion": false,
  "Name": "Home ED publicaciones de interes",
  "ShortName": "267e0cc4-bb02-45bb-96b5-5f3af11c4f23",
  "Active": true,
  "Private": false,
  "GruposPrivacidad": null,
  "PerfilesPrivacidad": null,
  "Type": 22,
  "Caducidades": {
    "NoCaducidad": false,
    "Recurso": false,
    "Hora": false,
    "Dia": false,
    "Semana": false,
    "NoCache": true
  },
  "CaducidadSeleccionada": 6,
  "Styles": "",
  "Personalizaciones": null,
  "PersonalizacionSeleccionada": "00000000-0000-0000-0000-000000000000",
  "Properties": [
    {
      "TipoPropiedadCMS": 1,
      "Required": true,
      "Options": {},
      "Value": null,
      "MultiLang": true,
      "TypeComponent": 22
    },
    {
      "TipoPropiedadCMS": 36,
      "Required": true,
      "Options": {},
      "Value": "select+%3fs+%3frdftype+from+%3chttp%3a%2f%2fgnoss.com%2f[%%%_PROYECTO_ID_%%%]%3e+where%7b+%3fs+a+%3frdftype.+FILTER(+%3frdftype%3d%27document%27)%7dorder+by+desc(%3fs)",
      "MultiLang": false,
      "TypeComponent": 22
    },
    {
      "TipoPropiedadCMS": 5,
      "Required": true,
      "Options": {},
      "Value": "10",
      "MultiLang": false,
      "TypeComponent": 22
    },
    {
      "TipoPropiedadCMS": 12,
      "Required": true,
      "Options": {
        "0": "Solo icono y título",
        "1": "Breve con foto",
        "2": "Listado sin foto",
        "3": "Completa",
        "4": "Breve con foto a un parrafo",
        "5": "Descripción completa",
        "6": "Últimos recursos",
        "7": "Destacado"
      },
      "Value": "0",
      "MultiLang": false,
      "TypeComponent": 22
    }
  ]
}