{
  "AccesoPublicoComponente": false,
  "ContenidoMultiIdioma": false,
  "ListaIdiomasDisponibles": [],
  "ListaIdiomas": null,
  "IdiomaPorDefecto": null,
  "UrlVuelta": null,
  "EsEdicion": false,
  "Name": "Vida digital",
  "ShortName": "271b680e-2ae0-4ab3-852e-c0c4c1ddcd72",
  "Active": true,
  "Private": false,
  "GruposPrivacidad": null,
  "PerfilesPrivacidad": null,
  "Type": 0,
  "Caducidades": {},
  "CaducidadSeleccionada": 6,
  "Styles": "pchild-0 mx-2",
  "Personalizaciones": null,
  "PersonalizacionSeleccionada": "00000000-0000-0000-0000-000000000000",
  "Properties": [
    {
      "TipoPropiedadCMS": 1,
      "Required": false,
      "Options": {},
      "Value": null,
      "MultiLang": true,
      "TypeComponent": 0
    },
    {
      "TipoPropiedadCMS": 0,
      "Required": true,
      "Options": {},
      "Value": "%3cdiv+class%3d%22destacado+horizontal%22%3e%0a++++++++++++++++++++++++%3cdiv+class%3d%22group+image%22%3e%0a++++++++++++++++++++++++++++%3ca+href%3d%22%2fbuscador-ofertas-tecnologicas%3froh%3asectoraplicacion%40%40%40roh%3acategoryNode%3dhttp%3a%2f%2fgnoss.com%2fitems%2fsectoraplicacion_4.0.0%22%3e%0a++++++++++++++++++++++++++++++++%3cimg+title%3d%22Vida+digital%22+alt%3d%22Vida+digital%22+src%3d%22[%%%_ENCODED_URL_PERSONALIZACION_%%%]%2ftheme%2fresources%2fimagenes-pre%2fweb.jpg%22%3e%0a++++++++++++++++++++++++++++%3c%2fa%3e%0a++++++++++++++++++++++++%3c%2fdiv%3e%0a++++++++++++++++++++++++%3cdiv+class%3d%22box+content%22%3e%0a++++++++++++++++++++++++++++%3cdiv+class%3d%22group+title%22%3e%0a++++++++++++++++++++++++++++++++%3ca+href%3d%22%2fbuscador-ofertas-tecnologicas%3froh%3asectoraplicacion%40%40%40roh%3acategoryNode%3dhttp%3a%2f%2fgnoss.com%2fitems%2fsectoraplicacion_4.0.0%22%3e%3ch3%3eVida+digital%3c%2fh3%3e%3c%2fa%3e%0a++++++++++++++++++++++++++++%3c%2fdiv%3e%0a++++++++++++++++++++++++++++%3cdiv+class%3d%22group+contenido%22%3e%0a++++++++++++++++++++++++++++++++%3cp%3eIncluye+grupos+de+tecnolog%c3%adas+directamente+relacionadas+a+la+forma+que+tenemos+las+personas+de+relacionarnos+salvando+cualquier+barrera+espacial%2c+y+a+las+tecnolog%c3%adas+que+se+utilizan+para+modernizar+la+gesti%c3%b3n+de+las+empresas+y+dem%c3%a1s+organizaciones.%3c%2fp%3e%0a++++++++++++++++++++++++++++%3c%2fdiv%3e%0a++++++++++++++++++++++++%3c%2fdiv%3e%0a++++++++++++++++++++%3c%2fdiv%3e%40es%7c%7c%7c",
      "MultiLang": true,
      "TypeComponent": 0
    }
  ]
}