{
  "AccesoPublicoComponente": false,
  "ContenidoMultiIdioma": false,
  "ListaIdiomasDisponibles": [],
  "ListaIdiomas": null,
  "IdiomaPorDefecto": null,
  "UrlVuelta": null,
  "EsEdicion": false,
  "Name": "Ciencias de la vida",
  "ShortName": "340d54fb-d193-4d67-bf89-4c5a8f4137d9",
  "Active": true,
  "Private": false,
  "GruposPrivacidad": null,
  "PerfilesPrivacidad": null,
  "Type": 0,
  "Caducidades": {},
  "CaducidadSeleccionada": 6,
  "Styles": "pchild-0 mx-2",
  "Personalizaciones": null,
  "PersonalizacionSeleccionada": "00000000-0000-0000-0000-000000000000",
  "Properties": [
    {
      "TipoPropiedadCMS": 1,
      "Required": false,
      "Options": {},
      "Value": null,
      "MultiLang": true,
      "TypeComponent": 0
    },
    {
      "TipoPropiedadCMS": 0,
      "Required": true,
      "Options": {},
      "Value": "%3cdiv+class%3d%22destacado+horizontal%22%3e%0a++++++++++++++++++++++++%3cdiv+class%3d%22group+image%22%3e%0a++++++++++++++++++++++++++++%3ca+href%3d%22%2fbuscador-ofertas-tecnologicas%3froh%3asectoraplicacion%40%40%40roh%3acategoryNode%3dhttp%3a%2f%2fgnoss.com%2fitems%2fsectoraplicacion_5.0.0%22%3e%0a++++++++++++++++++++++++++++++++%3cimg+title%3d%22Ciencias+de+la+vida%22+alt%3d%22Ciencias+de+la+vida%22+src%3d%22[%%%_ENCODED_URL_PERSONALIZACION_%%%]%2ftheme%2fresources%2fimagenes-pre%2fscience.jpg%22%3e%0a++++++++++++++++++++++++++++%3c%2fa%3e%0a++++++++++++++++++++++++%3c%2fdiv%3e%0a++++++++++++++++++++++++%3cdiv+class%3d%22box+content%22%3e%0a++++++++++++++++++++++++++++%3cdiv+class%3d%22group+title%22%3e%0a++++++++++++++++++++++++++++++++%3ca+href%3d%22%2fbuscador-ofertas-tecnologicas%3froh%3asectoraplicacion%40%40%40roh%3acategoryNode%3dhttp%3a%2f%2fgnoss.com%2fitems%2fsectoraplicacion_5.0.0%22%3e%3ch3%3eCiencias+de+la+vida%3c%2fh3%3e%3c%2fa%3e%0a++++++++++++++++++++++++++++%3c%2fdiv%3e%0a++++++++++++++++++++++++++++%3cdiv+class%3d%22group+contenido%22%3e%0a++++++++++++++++++++++++++++++++%3cp%3eEngloba+aquellas+propuestas+orientadas+a+mejorar+la+calidad+de+vida+de+los+seres+vivos%2c+incluyendo+tecnolog%c3%adas+que+revolucionan+y+mejoran+la+salud%2c+la+medicina%2c+la+biotecnolog%c3%ada+y+la+actividad+f%c3%adsica.%3c%2fp%3e%0a++++++++++++++++++++++++++++%3c%2fdiv%3e%0a++++++++++++++++++++++++%3c%2fdiv%3e%0a++++++++++++++++++++%3c%2fdiv%3e%40es%7c%7c%7c",
      "MultiLang": true,
      "TypeComponent": 0
    }
  ]
}