{
  "AccesoPublicoComponente": false,
  "ContenidoMultiIdioma": false,
  "ListaIdiomasDisponibles": [],
  "ListaIdiomas": null,
  "IdiomaPorDefecto": null,
  "UrlVuelta": null,
  "EsEdicion": false,
  "Name": "Sostenibilidad",
  "ShortName": "3aea67d1-bcb6-4cc3-95e1-ca07895d9a25",
  "Active": true,
  "Private": false,
  "GruposPrivacidad": null,
  "PerfilesPrivacidad": null,
  "Type": 0,
  "Caducidades": {},
  "CaducidadSeleccionada": 6,
  "Styles": "pchild-0 mx-2",
  "Personalizaciones": null,
  "PersonalizacionSeleccionada": "00000000-0000-0000-0000-000000000000",
  "Properties": [
    {
      "TipoPropiedadCMS": 1,
      "Required": false,
      "Options": {},
      "Value": null,
      "MultiLang": true,
      "TypeComponent": 0
    },
    {
      "TipoPropiedadCMS": 0,
      "Required": true,
      "Options": {},
      "Value": "%3cdiv+class%3d%22destacado+horizontal%22%3e%0a++++++++++++++++++++++++%3cdiv+class%3d%22group+image%22%3e%0a++++++++++++++++++++++++++++%3ca+href%3d%22%2fcomunidad%2fhercules%2fbuscador-ofertas-tecnologicas%3froh%3asectoraplicacion%40%40%40roh%3acategoryNode%3dhttp%3a%2f%2fgnoss.com%2fitems%2fsectoraplicacion_2.0.0%22%3e%0a++++++++++++++++++++++++++++++++%3cimg+title%3d%22Titulo%22+alt%3d%22Sostenibilidad%22+src%3d%22[%%%_ENCODED_URL_PERSONALIZACION_%%%]%2ftheme%2fresources%2fimagenes-pre%2frecycle.jpg%22%3e%0a++++++++++++++++++++++++++++%3c%2fa%3e%0a++++++++++++++++++++++++%3c%2fdiv%3e%0a++++++++++++++++++++++++%3cdiv+class%3d%22box+content%22%3e%0a++++++++++++++++++++++++++++%3cdiv+class%3d%22group+title%22%3e%0a++++++++++++++++++++++++++++++++%3ca+href%3d%22%2fcomunidad%2fhercules%2fbuscador-ofertas-tecnologicas%3froh%3asectoraplicacion%40%40%40roh%3acategoryNode%3dhttp%3a%2f%2fgnoss.com%2fitems%2fsectoraplicacion_2.0.0%22%3e%3ch3%3eSostenibilidad%3c%2fh3%3e%3c%2fa%3e%0a++++++++++++++++++++++++++++%3c%2fdiv%3e%0a++++++++++++++++++++++++++++%3cdiv+class%3d%22group+contenido%22%3e%0a++++++++++++++++++++++++++++++++%3cp%3eRecoge+ofertas+asociadas+a+la+protecci%c3%b3n+del+medio+ambiente+y+la+gesti%c3%b3n+de+los+recursos+naturales%2c+incluyendo+tecnolog%c3%adas+que+a+trav%c3%a9s+del+reciclaje%2c+la+reutilizaci%c3%b3n%2c+el+control+de+la+contaminaci%c3%b3n%2c+o+la+gesti%c3%b3n+y+el+tratamiento+de+las+aguas+contribuyen+a+reducir+el+impacto+ambiental.+Tambi%c3%a9n+incluye+las+tecnolog%c3%adas+asociadas+al+%c3%a1mbito+agroalimentario.%3c%2fp%3e%0a++++++++++++++++++++++++++++%3c%2fdiv%3e%0a++++++++++++++++++++++++%3c%2fdiv%3e%0a++++++++++++++++++++%3c%2fdiv%3e%40es%7c%7c%7c",
      "MultiLang": true,
      "TypeComponent": 0
    }
  ]
}