{
  "AccesoPublicoComponente": false,
  "ContenidoMultiIdioma": false,
  "ListaIdiomasDisponibles": [],
  "ListaIdiomas": null,
  "IdiomaPorDefecto": null,
  "UrlVuelta": null,
  "EsEdicion": false,
  "Name": "CreacionOferta",
  "ShortName": "3f348a81-49fc-4083-b536-6b621cf93be1",
  "Active": true,
  "Private": false,
  "GruposPrivacidad": null,
  "PerfilesPrivacidad": null,
  "Type": 1,
  "Caducidades": {},
  "CaducidadSeleccionada": 6,
  "Styles": "no-cms-style",
  "Personalizaciones": null,
  "PersonalizacionSeleccionada": "9fb0b25d-3156-417d-a802-4092ab6d2a2c",
  "Properties": [
    {
      "TipoPropiedadCMS": 1,
      "Required": true,
      "Options": {},
      "Value": "Nueva+oferta+tecnol%c3%b3gica%40es%7c%7c%7c",
      "MultiLang": true,
      "TypeComponent": 1
    },
    {
      "TipoPropiedadCMS": 16,
      "Required": false,
      "Options": {},
      "Value": null,
      "MultiLang": true,
      "TypeComponent": 1
    },
    {
      "TipoPropiedadCMS": 2,
      "Required": false,
      "Options": {},
      "Value": null,
      "MultiLang": true,
      "TypeComponent": 1
    },
    {
      "TipoPropiedadCMS": 0,
      "Required": false,
      "Options": {},
      "Value": null,
      "MultiLang": true,
      "TypeComponent": 1
    },
    {
      "TipoPropiedadCMS": 3,
      "Required": false,
      "Options": {},
      "Value": null,
      "MultiLang": true,
      "TypeComponent": 1
    }
  ]
}