{
  "AccesoPublicoComponente": false,
  "ContenidoMultiIdioma": false,
  "ListaIdiomasDisponibles": [],
  "ListaIdiomas": null,
  "IdiomaPorDefecto": null,
  "UrlVuelta": null,
  "EsEdicion": false,
  "Name": "Listado ofertas",
  "ShortName": "4441de81-93f7-4bbd-8487-ce0d7f581009",
  "Active": true,
  "Private": false,
  "GruposPrivacidad": null,
  "PerfilesPrivacidad": null,
  "Type": 26,
  "Caducidades": {
    "NoCaducidad": false,
    "Recurso": false,
    "Hora": false,
    "Dia": false,
    "Semana": false,
    "NoCache": true
  },
  "CaducidadSeleccionada": 6,
  "Styles": "no-cms-style",
  "Personalizaciones": null,
  "PersonalizacionSeleccionada": "e4b0f260-6a21-4d2a-8214-517fbd0fa414",
  "Properties": [
    {
      "TipoPropiedadCMS": 1,
      "Required": false,
      "Options": {},
      "Value": "Ofertas%40es%7c%7c%7c",
      "MultiLang": true,
      "TypeComponent": 26
    },
    {
      "TipoPropiedadCMS": 36,
      "Required": true,
      "Options": {},
      "Value": "SELECT+distinct+%3foferta+%3factUser+%3fmembers+%3fisOtriManager+%3ftitle+%3fdescription+%3fmatureState+%3fframingSector+%3favailability+%3fcolorEstado+%3festadoDisp+%3ffecha+CONCAT(%3fnameAux%2c%27+%27%2c%3ffamilyNameAux%2c%27+%27%2c%3fsecondFamilyNameAux)+as+%3fauthor+%3fisIp+%3fotherResearcher%0aWHERE+%7b%0a%0a%09%7b+%0a%09%09SELECT+distinct+%3foferta+%3factUser+%3fmembers+%3fisOtriManager+%3ftitle+%3fdescription+%3fmatureState+%3fframingSector+%3favailability+%3fcolorEstado+%3festadoDisp+%3ffecha+%3fnameAux+%3ffamilyNameAux+%3fsecondFamilyNameAux%0a%0a%09%09WHERE+%7b%0a%09%09%09%3factUser+%3chttp%3a%2f%2fw3id.org%2froh%2fgnossUser%3e+%3chttp%3a%2f%2fgnoss%2f%3cUSUARIOID%3e%3e.%0a%0a%09%09%09FILTER(%3factUser+%3d+%3fmembers)%0a%09%09%09%3foferta+%3chttp%3a%2f%2fwww.schema.org%2fofferedBy%3e+%3fmembers.%0a%0a%09%09%09%3foferta+%3chttp%3a%2f%2fwww.schema.org%2fname%3e+%3ftitle.%0a%09%09%09%3foferta+a+%3chttp%3a%2f%2fwww.schema.org%2fOffer%3e.%0a%09%09%09%3foferta+%3chttp%3a%2f%2fpurl.org%2fdc%2fterms%2fissued%3e+%3ffecha.%0a%09%09%09%3foferta+%3chttp%3a%2f%2fwww.schema.org%2fdescription%3e+%3fdescription.%0a%0a%09%09%09%3foferta+%3chttp%3a%2f%2fw3id.org%2froh%2fframingSector%3e+%3ffrsector.%0a%09%09%09%3ffrsector+%3chttp%3a%2f%2fpurl.org%2fdc%2felements%2f1.1%2ftitle%3e+%3fframingSector.%0a%09%09%09FILTER(lang(%3fframingSector)%3d%27%7bGETLANG%7d%27).%0a%0a%09%09%09%3foferta+%3chttp%3a%2f%2fpurl.org%2fontology%2fbibo%2fstatus%3e+%3fstatus.%0a%09%09%09%3fstatus+%3chttp%3a%2f%2fpurl.org%2fdc%2felements%2f1.1%2ftitle%3e+%3fmatureState.%0a%09%09%09FILTER(lang(%3fmatureState)%3d%27%7bGETLANG%7d%27).%0a%0a%09%09%09%3foferta++%3chttp%3a%2f%2fwww.schema.org%2favailability%3e+%3favailability.%0a%09%09%09%3favailability+%3chttp%3a%2f%2fwww.schema.org%2fcolor%3e+%3fcolorEstado.%0a%09%09%09%3favailability+%3chttp%3a%2f%2fpurl.org%2fdc%2felements%2f1.1%2ftitle%3e+%3festadoDisp.%0a%09%09%09FILTER(lang(%3festadoDisp)%3d%27%7bGETLANG%7d%27).%0a%0a%09%09%09OPTIONAL%7b+%3fmembers+%3chttp%3a%2f%2fxmlns.com%2ffoaf%2f0.1%2ffirstName%3e+%3fnameAux.+%7d%0a%09%09%09OPTIONAL%7b+%3fmembers+%3chttp%3a%2f%2fxmlns.com%2ffoaf%2f0.1%2ffamilyName%3e+%3ffamilyNameAux.+%7d%0a%09%09%09OPTIONAL%7b+%3fmembers+%3chttp%3a%2f%2fw3id.org%2froh%2fsecondFamilyName%3e+%3fsecondFamilyNameAux.+%7d%09%0a%09%09%7d%0a%09%7d%0a%09UNION%0a%09%7b%0a%09%09SELECT+distinct+%3foferta+%3factUser+%3fmembers+%3fisOtriManager+%3ftitle+%3fdescription+%3fmatureState+%3fframingSector+%3favailability+%3fcolorEstado+%3festadoDisp+%3ffecha+%3fnameAux+%3ffamilyNameAux+%3fsecondFamilyNameAux+%3fisIp%0a%0a%09%09WHERE+%7b%0a%09%09%09%3factUser+%3chttp%3a%2f%2fw3id.org%2froh%2fgnossUser%3e+%3chttp%3a%2f%2fgnoss%2f%3cUSUARIOID%3e%3e.%0a%0a%09%09%09%3factUser+%3chttp%3a%2f%2fw3id.org%2froh%2fisIPGroupActually%3e+%27true%27.%0a%09%09%09%3factUser+%3chttp%3a%2f%2fw3id.org%2froh%2fisIPGroupActually%3e+%3fisIp.%0a%0a%09%09%09%3factUser+%3chttp%3a%2f%2fvivoweb.org%2fontology%2fcore%23relates%3e+%3fgroup.%0a%09%09%09%3fmembers+%3chttp%3a%2f%2fvivoweb.org%2fontology%2fcore%23relates%3e+%3fgroup.%0a%09%09%09%3foferta+%3chttp%3a%2f%2fwww.schema.org%2fofferedBy%3e+%3fmembers.%0a%0a%09%09%09%3foferta+%3chttp%3a%2f%2fwww.schema.org%2fname%3e+%3ftitle.%0a%09%09%09%3foferta+a+%3chttp%3a%2f%2fwww.schema.org%2fOffer%3e.%0a%09%09%09%3foferta+%3chttp%3a%2f%2fpurl.org%2fdc%2fterms%2fissued%3e+%3ffecha.%0a%09%09%09%3foferta+%3chttp%3a%2f%2fwww.schema.org%2fdescription%3e+%3fdescription.%0a%0a%09%09%09%3foferta+%3chttp%3a%2f%2fw3id.org%2froh%2fframingSector%3e+%3ffrsector.%0a%09%09%09%3ffrsector+%3chttp%3a%2f%2fpurl.org%2fdc%2felements%2f1.1%2ftitle%3e+%3fframingSector.%0a%09%09%09FILTER(lang(%3fframingSector)%3d%27%7bGETLANG%7d%27).%0a%0a%09%09%09%3foferta+%3chttp%3a%2f%2fpurl.org%2fontology%2fbibo%2fstatus%3e+%3fstatus.%0a%09%09%09%3fstatus+%3chttp%3a%2f%2fpurl.org%2fdc%2felements%2f1.1%2ftitle%3e+%3fmatureState.%0a%09%09%09FILTER(lang(%3fmatureState)%3d%27%7bGETLANG%7d%27).%0a%0a%09%09%09%3foferta++%3chttp%3a%2f%2fwww.schema.org%2favailability%3e+%3favailability.%0a%09%09%09%3favailability+%3chttp%3a%2f%2fwww.schema.org%2fcolor%3e+%3fcolorEstado.%0a%09%09%09%3favailability+%3chttp%3a%2f%2fpurl.org%2fdc%2felements%2f1.1%2ftitle%3e+%3festadoDisp.%0a%09%09%09FILTER(lang(%3festadoDisp)%3d%27%7bGETLANG%7d%27).%0a%0a%09%09%09OPTIONAL%7b+%3fmembers+%3chttp%3a%2f%2fxmlns.com%2ffoaf%2f0.1%2ffirstName%3e+%3fnameAux.+%7d%0a%09%09%09OPTIONAL%7b+%3fmembers+%3chttp%3a%2f%2fxmlns.com%2ffoaf%2f0.1%2ffamilyName%3e+%3ffamilyNameAux.+%7d%0a%09%09%09OPTIONAL%7b+%3fmembers+%3chttp%3a%2f%2fw3id.org%2froh%2fsecondFamilyName%3e+%3fsecondFamilyNameAux.+%7d%0a%09%09%7d%0a%09%7d%0a%09UNION%0a%09%7b%0a%09%09SELECT+distinct+%3foferta+%3factUser+%3fmembers+%3ftitle+%3fdescription+%3fmatureState+%3fframingSector+%3favailability+%3fcolorEstado+%3festadoDisp+%3ffecha+%3fnameAux+%3ffamilyNameAux+%3fsecondFamilyNameAux+(%27true%27)+as+%3fotherResearcher%0a%0a%09%09WHERE+%7b%0a%09%09%09%3factUser+%3chttp%3a%2f%2fw3id.org%2froh%2fgnossUser%3e+%3chttp%3a%2f%2fgnoss%2f%3cUSUARIOID%3e%3e.%0a%0a%09%09%09%23+Que+el+usuario+aparezca+en+la+oferta%0a%09%09%09%3foferta+%3chttp%3a%2f%2fw3id.org%2froh%2fresearchers%3e+%3factUser.%0a%0a%09%09%09%3foferta+%3chttp%3a%2f%2fwww.schema.org%2fofferedBy%3e+%3fmembers.%0a%0a%09%09%09%3foferta+%3chttp%3a%2f%2fwww.schema.org%2fname%3e+%3ftitle.%0a%09%09%09%3foferta+a+%3chttp%3a%2f%2fwww.schema.org%2fOffer%3e.%0a%09%09%09%3foferta+%3chttp%3a%2f%2fpurl.org%2fdc%2fterms%2fissued%3e+%3ffecha.%0a%09%09%09%3foferta+%3chttp%3a%2f%2fwww.schema.org%2fdescription%3e+%3fdescription.%0a%0a%09%09%09%3foferta+%3chttp%3a%2f%2fw3id.org%2froh%2fframingSector%3e+%3ffrsector.%0a%09%09%09%3ffrsector+%3chttp%3a%2f%2fpurl.org%2fdc%2felements%2f1.1%2ftitle%3e+%3fframingSector.%0a%09%09%09FILTER(lang(%3fframingSector)%3d%27%7bGETLANG%7d%27).%0a%0a%09%09%09%3foferta+%3chttp%3a%2f%2fpurl.org%2fontology%2fbibo%2fstatus%3e+%3fstatus.%0a%09%09%09%3fstatus+%3chttp%3a%2f%2fpurl.org%2fdc%2felements%2f1.1%2ftitle%3e+%3fmatureState.%0a%09%09%09FILTER(lang(%3fmatureState)%3d%27%7bGETLANG%7d%27).%0a%0a%09%09%09%3foferta++%3chttp%3a%2f%2fwww.schema.org%2favailability%3e+%3favailability.%0a%09%09%09%3favailability+%3chttp%3a%2f%2fwww.schema.org%2fcolor%3e+%3fcolorEstado.%0a%09%09%09%3favailability+%3chttp%3a%2f%2fpurl.org%2fdc%2felements%2f1.1%2ftitle%3e+%3festadoDisp.%0a%09%09%09FILTER(lang(%3festadoDisp)%3d%27%7bGETLANG%7d%27).%0a%0a%09%09%09OPTIONAL%7b+%3fmembers+%3chttp%3a%2f%2fxmlns.com%2ffoaf%2f0.1%2ffirstName%3e+%3fnameAux.+%7d%0a%09%09%09OPTIONAL%7b+%3fmembers+%3chttp%3a%2f%2fxmlns.com%2ffoaf%2f0.1%2ffamilyName%3e+%3ffamilyNameAux.+%7d%0a%09%09%09OPTIONAL%7b+%3fmembers+%3chttp%3a%2f%2fw3id.org%2froh%2fsecondFamilyName%3e+%3fsecondFamilyNameAux.+%7d%0a%09%09%7d%0a%09%7d%0a%7d%0aORDER+BY+%3foferta%0a%0a",
      "MultiLang": false,
      "TypeComponent": 26
    }
  ]
}