{
  "AccesoPublicoComponente": false,
  "ContenidoMultiIdioma": false,
  "ListaIdiomasDisponibles": [],
  "ListaIdiomas": null,
  "IdiomaPorDefecto": null,
  "UrlVuelta": null,
  "EsEdicion": false,
  "Name": "Home ED publicaciones de interés",
  "ShortName": "555e6c96-15d1-413b-8f53-c489d9ba4e26",
  "Active": true,
  "Private": false,
  "GruposPrivacidad": null,
  "PerfilesPrivacidad": null,
  "Type": 22,
  "Caducidades": {
    "NoCaducidad": false,
    "Recurso": false,
    "Hora": false,
    "Dia": true,
    "Semana": false,
    "NoCache": false
  },
  "CaducidadSeleccionada": 2,
  "Styles": "no-cms-style my-4 ml-2 mr-5 pr-2",
  "Personalizaciones": null,
  "PersonalizacionSeleccionada": "29a986ea-390c-48fd-9972-1dae97ef0d3c",
  "Properties": [
    {
      "TipoPropiedadCMS": 1,
      "Required": true,
      "Options": {},
      "Value": "Publicaciones+de+inter%c3%a9s%40es%7c%7c%7c",
      "MultiLang": true,
      "TypeComponent": 22
    },
    {
      "TipoPropiedadCMS": 36,
      "Required": true,
      "Options": {},
      "Value": "select+%3fs+%27document%27+as+%3frdftype+%0a(%3fscore%2f(1%2babs((xsd%3adouble(bif%3adatediff(%27day%27%2c%3ffechaPublicacion%2c%3ffechaActual))))))+as+%3fscore+%0afrom+%3chttp%3a%2f%2fgnoss.com%2f[%%%_PROYECTO_ID_%%%]%3e+%0a%0awhere%0a%7b+%0a%09%3fs+%3chttp%3a%2f%2fpurl.org%2fdc%2fterms%2fissued%3e+%3ffecha.%0a%09BIND(str(%7bGETDATE%7d)+as+%3ffechaActualString)%0a%09BIND(bif%3astringdate(concat(substr(%3ffechaActualString%2c1%2c4)%2c%27.%27%2csubstr(%3ffechaActualString%2c5%2c2)%2c%27.%27%2csubstr(%3ffechaActualString%2c7%2c2)))+as+%3ffechaActual)%0a%0a%09BIND(str(%3ffecha)+as+%3ffechaPublicacionString)%0a%09BIND(bif%3astringdate(concat(substr(%3ffechaPublicacionString%2c1%2c4)%2c%27.%27%2csubstr(%3ffechaPublicacionString%2c5%2c2)%2c%27.%27%2csubstr(%3ffechaPublicacionString%2c7%2c2)))+as+%3ffechaPublicacion)%0a%09%7b%0a%09%09select+%3fs+sum(%3fnumCategoryNodeUsuario+)%2bsum(%3fnumTagUsuario+)+as+%3fscore%0a%09%09where%0a%09%09%7b%0a%09%09%09%7b%0a%09%09%09%09%7b%0a%09%09%09%09%09%23Docs+candidatos+%2b+categorias%0a%09%09%09%09%09select+%3fs+%3fcategoryNode+where%7b%0a%09%09%09%09%09%09%3fs+a+%27document%27.+%0a%09%09%09%09%09%09%3fs+%3chttp%3a%2f%2fw3id.org%2froh%2fisValidated%3e+%27true%27.%0a%09%09%09%09%09%09MINUS%7b+%0a%09%09%09%09%09%09%09%3fs+%3chttp%3a%2f%2fpurl.org%2fontology%2fbibo%2fauthorList%3e+%3fauthorList.%0a%09%09%09%09%09%09%09%3fauthorList+%3chttp%3a%2f%2fwww.w3.org%2f1999%2f02%2f22-rdf-syntax-ns%23member%3e+%3fperson.%0a%09%09%09%09%09%09%7d%0a%09%09%09%09%09%09%3fs++%3chttp%3a%2f%2fw3id.org%2froh%2fhasKnowledgeArea%3e+%3fhasKnowledgeAreaDocument.%0a%09%09%09%09%09%09%3fhasKnowledgeAreaDocument+%3chttp%3a%2f%2fw3id.org%2froh%2fcategoryNode%3e+%3fcategoryNode.%0a%09%09%09%09%09%09MINUS%7b%0a%09%09%09%09%09%09%09%3fcategoryNode+%3chttp%3a%2f%2fwww.w3.org%2f2008%2f05%2fskos%23narrower%3e+%3fhijo.%0a%09%09%09%09%09%09%7d%0a%09%09%09%09%09%09%3fperson+%3chttp%3a%2f%2fw3id.org%2froh%2fgnossUser%3e+%3fuser.%0a%09%09%09%09%09%09FILTER(%3fuser%3d%3chttp%3a%2f%2fgnoss%2f%3cUSUARIOID%3e%3e)%0a%09%09%09%09%09%7d%0a%09%09%09%09%7d%0a%09%09%09%09%7b%0a%09%09%09%09%09%23Categorias+doc+usuario%0a%09%09%09%09%09select+%3fcategoryNode+count(%3fs)+as+%3fnumCategoryNodeUsuario+where%7b%0a%09%09%09%09%09%09%3fs+a+%27document%27.+%0a%09%09%09%09%09%09%3fs+%3chttp%3a%2f%2fw3id.org%2froh%2fisValidated%3e+%27true%27.%0a%09%09%09%09%09%09%3fs+%3chttp%3a%2f%2fpurl.org%2fontology%2fbibo%2fauthorList%3e+%3fauthorList.%0a%09%09%09%09%09%09%3fauthorList+%3chttp%3a%2f%2fwww.w3.org%2f1999%2f02%2f22-rdf-syntax-ns%23member%3e+%3fperson.%0a%09%09%09%09%09%09%3fs++%3chttp%3a%2f%2fw3id.org%2froh%2fhasKnowledgeArea%3e+%3fhasKnowledgeAreaDocument.%0a%09%09%09%09%09%09%3fhasKnowledgeAreaDocument+%3chttp%3a%2f%2fw3id.org%2froh%2fcategoryNode%3e+%3fcategoryNode.%0a%09%09%09%09%09%09MINUS%7b%0a%09%09%09%09%09%09%09%3fcategoryNode+%3chttp%3a%2f%2fwww.w3.org%2f2008%2f05%2fskos%23narrower%3e+%3fhijo.%0a%09%09%09%09%09%09%7d%0a%09%09%09%09%09%09%3fperson+%3chttp%3a%2f%2fw3id.org%2froh%2fgnossUser%3e+%3fuser.%0a%09%09%09%09%09%09FILTER(%3fuser%3d%3chttp%3a%2f%2fgnoss%2f%3cUSUARIOID%3e%3e)%0a%09%09%09%09%09%7d%0a%09%09%09%09%7d%0a%09%09%09%7dUNION%0a%09%09%09%7b%0a%09%09%09%09%7b%0a%09%09%09%09%09%23Docs+candidatos+%2b+tags%0a%09%09%09%09%09select+%3fs+%3ftag+where%7b%0a%09%09%09%09%09%09%3fs+a+%27document%27.+%0a%09%09%09%09%09%09%3fs+%3chttp%3a%2f%2fw3id.org%2froh%2fisValidated%3e+%27true%27.%0a%09%09%09%09%09%09MINUS%7b+%0a%09%09%09%09%09%09%09%3fs+%3chttp%3a%2f%2fpurl.org%2fontology%2fbibo%2fauthorList%3e+%3fauthorList.%0a%09%09%09%09%09%09%09%3fauthorList+%3chttp%3a%2f%2fwww.w3.org%2f1999%2f02%2f22-rdf-syntax-ns%23member%3e+%3fperson.%0a%09%09%09%09%09%09%7d%0a%09%09%09%09%09%09%3fs+%3chttp%3a%2f%2fvivoweb.org%2fontology%2fcore%23freeTextKeyword%3e+%3ftagEntity.%0a%09%09%09%09%09%09%3ftagEntity+%3chttp%3a%2f%2fw3id.org%2froh%2ftitle%3e+%3ftag.%0a%09%09%09%09%09%09%3fperson+%3chttp%3a%2f%2fw3id.org%2froh%2fgnossUser%3e+%3fuser.%0a%09%09%09%09%09%09FILTER(%3fuser%3d%3chttp%3a%2f%2fgnoss%2f%3cUSUARIOID%3e%3e)%0a%09%09%09%09%09%7d%0a%09%09%09%09%7d%0a%09%09%09%09%7b%0a%09%09%09%09%09%23tags+doc+usuario%0a%09%09%09%09%09select+%3ftag+count(%3fs)+as+%3fnumTagUsuario+where%7b%0a%09%09%09%09%09%09%3fs+a+%27document%27.+%0a%09%09%09%09%09%09%3fs+%3chttp%3a%2f%2fw3id.org%2froh%2fisValidated%3e+%27true%27.%0a%09%09%09%09%09%09%3fs+%3chttp%3a%2f%2fpurl.org%2fontology%2fbibo%2fauthorList%3e+%3fauthorList.%0a%09%09%09%09%09%09%3fauthorList+%3chttp%3a%2f%2fwww.w3.org%2f1999%2f02%2f22-rdf-syntax-ns%23member%3e+%3fperson.%0a%09%09%09%09%09%09%3fs+%3chttp%3a%2f%2fvivoweb.org%2fontology%2fcore%23freeTextKeyword%3e+%3ftagEntity.%0a%09%09%09%09%09%09%3ftagEntity+%3chttp%3a%2f%2fw3id.org%2froh%2ftitle%3e+%3ftag.%0a%09%09%09%09%09%09%3fperson+%3chttp%3a%2f%2fw3id.org%2froh%2fgnossUser%3e+%3fuser.%0a%09%09%09%09%09%09FILTER(%3fuser%3d%3chttp%3a%2f%2fgnoss%2f%3cUSUARIOID%3e%3e)%0a%09%09%09%09%09%7d%0a%09%09%09%09%7d%0a%09%09%09%7d%0a%09%09%7d%0a%09%7d%0a%7dorder+by+desc(%3fscore)",
      "MultiLang": false,
      "TypeComponent": 22
    },
    {
      "TipoPropiedadCMS": 5,
      "Required": true,
      "Options": {},
      "Value": "10",
      "MultiLang": false,
      "TypeComponent": 22
    },
    {
      "TipoPropiedadCMS": 12,
      "Required": true,
      "Options": {
        "0": "Solo icono y título",
        "1": "Breve con foto",
        "2": "Listado sin foto",
        "3": "Completa",
        "4": "Breve con foto a un parrafo",
        "5": "Descripción completa",
        "6": "Últimos recursos",
        "7": "Destacado",
        "675df83d-c67d-490c-afce-744e9b0bfb40": "ItemRecursoHomeED"
      },
      "Value": "675df83d-c67d-490c-afce-744e9b0bfb40",
      "MultiLang": false,
      "TypeComponent": 22
    }
  ]
}