{
  "AccesoPublicoComponente": false,
  "ContenidoMultiIdioma": false,
  "ListaIdiomasDisponibles": [],
  "ListaIdiomas": null,
  "IdiomaPorDefecto": null,
  "UrlVuelta": null,
  "EsEdicion": false,
  "Name": "Alertas_ DatosPersonales",
  "ShortName": "5914871b-2d8a-417d-9cc4-caad3c022f77",
  "Active": true,
  "Private": false,
  "GruposPrivacidad": null,
  "PerfilesPrivacidad": null,
  "Type": 26,
  "Caducidades": {
    "NoCaducidad": false,
    "Recurso": false,
    "Hora": false,
    "Dia": false,
    "Semana": false,
    "NoCache": true
  },
  "CaducidadSeleccionada": 6,
  "Styles": "",
  "Personalizaciones": null,
  "PersonalizacionSeleccionada": "a4d3a8d1-f00e-4a34-9d1c-e136bd6377eb",
  "Properties": [
    {
      "TipoPropiedadCMS": 1,
      "Required": false,
      "Options": {},
      "Value": "Alertas_+DatosPersonales%40es%7c%7c%7c",
      "MultiLang": true,
      "TypeComponent": 26
    },
    {
      "TipoPropiedadCMS": 36,
      "Required": true,
      "Options": {},
      "Value": "SELECT+%3fnombrePersona+%3fnombreOrg%0a%0a%0a+WHERE+%7b%0a%3fcv+a+%3chttp%3a%2f%2fw3id.org%2froh%2fCV%3e+.+%0a%3fcv+%3chttp%3a%2f%2fw3id.org%2froh%2fgnossUser%3e+%3chttp%3a%2f%2fgnoss%2f%3cUSUARIOID%3e%3e+.%0a%3fcv+%3chttp%3a%2f%2fw3id.org%2froh%2fcvOf%3e+%3fperson+.%0a%3fperson+%3chttp%3a%2f%2fxmlns.com%2ffoaf%2f0.1%2fname%3e+%3fnombrePersona+.%0aoptional%7b%0a%3fperson+%3chttp%3a%2f%2fw3id.org%2froh%2fhasRole%3e+%3forg+.%0a%0a%3forg+%3chttp%3a%2f%2fw3id.org%2froh%2ftitle%3e+%3fnombreOrg%0a%7d%0a+%0a%0a.%7d",
      "MultiLang": false,
      "TypeComponent": 26
    }
  ]
}