{
  "AccesoPublicoComponente": false,
  "ContenidoMultiIdioma": false,
  "ListaIdiomasDisponibles": [],
  "ListaIdiomas": null,
  "IdiomaPorDefecto": null,
  "UrlVuelta": null,
  "EsEdicion": false,
  "Name": "Top investigadores, top...",
  "ShortName": "946eb9e9-72e8-4f4a-a706-4b27bd668ed7",
  "Active": true,
  "Private": false,
  "GruposPrivacidad": null,
  "PerfilesPrivacidad": null,
  "Type": 1,
  "Caducidades": {},
  "CaducidadSeleccionada": 6,
  "Styles": "no-cms-style",
  "Personalizaciones": null,
  "PersonalizacionSeleccionada": "fe799704-29f8-4789-b67d-c2c6941d79ea",
  "Properties": [
    {
      "TipoPropiedadCMS": 1,
      "Required": true,
      "Options": {},
      "Value": null,
      "MultiLang": true,
      "TypeComponent": 1
    },
    {
      "TipoPropiedadCMS": 16,
      "Required": false,
      "Options": {},
      "Value": null,
      "MultiLang": true,
      "TypeComponent": 1
    },
    {
      "TipoPropiedadCMS": 2,
      "Required": false,
      "Options": {},
      "Value": null,
      "MultiLang": true,
      "TypeComponent": 1
    },
    {
      "TipoPropiedadCMS": 0,
      "Required": false,
      "Options": {},
      "Value": null,
      "MultiLang": true,
      "TypeComponent": 1
    },
    {
      "TipoPropiedadCMS": 3,
      "Required": false,
      "Options": {},
      "Value": null,
      "MultiLang": true,
      "TypeComponent": 1
    }
  ]
}