{
  "AccesoPublicoComponente": false,
  "ContenidoMultiIdioma": false,
  "ListaIdiomasDisponibles": [],
  "ListaIdiomas": null,
  "IdiomaPorDefecto": null,
  "UrlVuelta": null,
  "EsEdicion": false,
  "Name": "Gráfica proyectos",
  "ShortName": "9869aff7-4665-4a03-a091-7491b2f67db7",
  "Active": true,
  "Private": false,
  "GruposPrivacidad": null,
  "PerfilesPrivacidad": null,
  "Type": 0,
  "Caducidades": {},
  "CaducidadSeleccionada": 6,
  "Styles": "mx-2",
  "Personalizaciones": null,
  "PersonalizacionSeleccionada": "00000000-0000-0000-0000-000000000000",
  "Properties": [
    {
      "TipoPropiedadCMS": 1,
      "Required": false,
      "Options": {},
      "Value": null,
      "MultiLang": true,
      "TypeComponent": 0
    },
    {
      "TipoPropiedadCMS": 0,
      "Required": true,
      "Options": {},
      "Value": "%3cdiv+order%3d%220%22+class%3d%22show+grafica+vertical%22+style%3d%22opacity%3a1%3b%22+data-tipografica%3d%22vertical%22+data-idgrafica%3d%22grafica2%22+id%3d%22graficaPublicaciones%22%3e%3c%2fdiv%3e%0a%0a%3cscript%3e%0apintarGraficaIndividual(document.getElementById(%22graficaPublicaciones%22)%2c+%22pagina2%22%2c+%22grafica1%22)%0a%3c%2fscript%3e%40es%7c%7c%7c",
      "MultiLang": true,
      "TypeComponent": 0
    }
  ]
}