{
  "AccesoPublicoComponente": false,
  "ContenidoMultiIdioma": false,
  "ListaIdiomasDisponibles": [],
  "ListaIdiomas": null,
  "IdiomaPorDefecto": null,
  "UrlVuelta": null,
  "EsEdicion": false,
  "Name": "Robótica y nuevos materiales",
  "ShortName": "a5605a59-2553-4e5e-b8be-ba17bb2a572b",
  "Active": true,
  "Private": false,
  "GruposPrivacidad": null,
  "PerfilesPrivacidad": null,
  "Type": 0,
  "Caducidades": {},
  "CaducidadSeleccionada": 6,
  "Styles": "pchild-0 mx-2",
  "Personalizaciones": null,
  "PersonalizacionSeleccionada": "00000000-0000-0000-0000-000000000000",
  "Properties": [
    {
      "TipoPropiedadCMS": 1,
      "Required": false,
      "Options": {},
      "Value": null,
      "MultiLang": true,
      "TypeComponent": 0
    },
    {
      "TipoPropiedadCMS": 0,
      "Required": true,
      "Options": {},
      "Value": "%3cdiv+class%3d%22destacado+horizontal%22%3e%0a++++++++++++++++++++++++%3cdiv+class%3d%22group+image%22%3e%0a++++++++++++++++++++++++++++%3ca+href%3d%22%2fcomunidad%2fhercules%2fbuscador-ofertas-tecnologicas%3froh%3asectoraplicacion%40%40%40roh%3acategoryNode%3dhttp%3a%2f%2fgnoss.com%2fitems%2fsectoraplicacion_1.0.0%22%3e%0a++++++++++++++++++++++++++++++++%3cimg+title%3d%22Titulo%22+alt%3d%22Rob%c3%b3tica+y+nuevos+materiales%22+src%3d%22%2fimagenes%2fproyectos%2fpersonalizacion%2f[%%%_PROYECTO_ID_%%%]%2ftheme%2fresources%2fimagenes-pre%2fmoder_board_cut.jpg%22%3e%0a++++++++++++++++++++++++++++%3c%2fa%3e%0a++++++++++++++++++++++++%3c%2fdiv%3e%0a++++++++++++++++++++++++%3cdiv+class%3d%22box+content%22%3e%0a++++++++++++++++++++++++++++%3cdiv+class%3d%22group+title%22%3e%0a++++++++++++++++++++++++++++++++%3ca+href%3d%22href%3d%22%2fcomunidad%2fhercules%2fbuscador-ofertas-tecnologicas%3froh%3asectoraplicacion%40%40%40roh%3acategoryNode%3dhttp%3a%2f%2fgnoss.com%2fitems%2fsectoraplicacion_1.0.0%22%3e%3ch3%3eNuevos+materiales+y+Rob%c3%b3tica%3c%2fh3%3e%3c%2fa%3e%0a++++++++++++++++++++++++++++%3c%2fdiv%3e%0a++++++++++++++++++++++++++++%3cdiv+class%3d%22group+contenido%22%3e%0a++++++++++++++++++++++++++++++++%3cp%3eEngloba+diferentes+grupos+de+tecnolog%c3%adas+relacionadas+con+la+fabricaci%c3%b3n+y+la+industrializaci%c3%b3n%2c+tales+como+semiconductores%2c+nuevos+materiales+(inteligentes%2c+biomateriales%2c+nanomateriales)+tecnolog%c3%adas+%c3%b3pticas+y+rob%c3%b3ticas%2c+fabricaci%c3%b3n+aditiva%2c+etc.%3c%2fp%3e%0a++++++++++++++++++++++++++++%3c%2fdiv%3e%0a++++++++++++++++++++++++%3c%2fdiv%3e%0a++++++++++++++++++++%3c%2fdiv%3e%40es%7c%7c%7c",
      "MultiLang": true,
      "TypeComponent": 0
    }
  ]
}