{
  "AccesoPublicoComponente": false,
  "ContenidoMultiIdioma": false,
  "ListaIdiomasDisponibles": [],
  "ListaIdiomas": null,
  "IdiomaPorDefecto": null,
  "UrlVuelta": null,
  "EsEdicion": false,
  "Name": "Humanidades y Socioeconomía",
  "ShortName": "a7732371-b49b-42ce-9d16-fcfced730a07",
  "Active": true,
  "Private": false,
  "GruposPrivacidad": null,
  "PerfilesPrivacidad": null,
  "Type": 0,
  "Caducidades": {},
  "CaducidadSeleccionada": 6,
  "Styles": "pchild-0 mx-2",
  "Personalizaciones": null,
  "PersonalizacionSeleccionada": "00000000-0000-0000-0000-000000000000",
  "Properties": [
    {
      "TipoPropiedadCMS": 1,
      "Required": false,
      "Options": {},
      "Value": null,
      "MultiLang": true,
      "TypeComponent": 0
    },
    {
      "TipoPropiedadCMS": 0,
      "Required": true,
      "Options": {},
      "Value": "%3cdiv+class%3d%22destacado+horizontal%22%3e%0a++++++++++++++++++++++++%3cdiv+class%3d%22group+image%22%3e%0a++++++++++++++++++++++++++++%3ca+href%3d%22%2fcomunidad%2fhercules%2fbuscador-ofertas-tecnologicas%3froh%3asectoraplicacion%40%40%40roh%3acategoryNode%3dhttp%3a%2f%2fgnoss.com%2fitems%2fsectoraplicacion_6.0.0%22%3e%0a++++++++++++++++++++++++++++++++%3cimg+title%3d%22Humanidades+y+Socioeconom%c3%ada%22+alt%3d%22Humanidades+y+Socioeconom%c3%ada%22+src%3d%22%2fimagenes%2fproyectos%2fpersonalizacion%2f[%%%_PROYECTO_ID_%%%]%2ftheme%2fresources%2fimagenes-pre%2fsocial.jpg%22%3e%0a++++++++++++++++++++++++++++%3c%2fa%3e%0a++++++++++++++++++++++++%3c%2fdiv%3e%0a++++++++++++++++++++++++%3cdiv+class%3d%22box+content%22%3e%0a++++++++++++++++++++++++++++%3cdiv+class%3d%22group+title%22%3e%0a++++++++++++++++++++++++++++++++%3ca+href%3d%22%2fcomunidad%2fhercules%2fbuscador-ofertas-tecnologicas%3froh%3asectoraplicacion%40%40%40roh%3acategoryNode%3dhttp%3a%2f%2fgnoss.com%2fitems%2fsectoraplicacion_6.0.0%22%3e%3ch3%3eHumanidades+y+Socioeconom%c3%ada%3c%2fh3%3e%3c%2fa%3e%0a++++++++++++++++++++++++++++%3c%2fdiv%3e%0a++++++++++++++++++++++++++++%3cdiv+class%3d%22group+contenido%22%3e%0a++++++++++++++++++++++++++++++++%3cp%3eRecoge+todas+aquellas+ofertas+relacionadas+con+las+diferentes+%c3%a1reas+de+las+Humanidades%2c+con+la+Educaci%c3%b3n%2c+la+sociedad+y+el+comportamiento+humano%2c+adem%c3%a1s+de+las+vinculadas+con+las+Ciencias+Jur%c3%addicas+y+la+Econom%c3%ada%3c%2fp%3e%0a++++++++++++++++++++++++++++%3c%2fdiv%3e%0a++++++++++++++++++++++++%3c%2fdiv%3e%0a++++++++++++++++++++%3c%2fdiv%3e%0a%40es%7c%7c%7c",
      "MultiLang": true,
      "TypeComponent": 0
    }
  ]
}