{
  "AccesoPublicoComponente": false,
  "ContenidoMultiIdioma": false,
  "ListaIdiomasDisponibles": [],
  "ListaIdiomas": null,
  "IdiomaPorDefecto": null,
  "UrlVuelta": null,
  "EsEdicion": false,
  "Name": "Listado alertas",
  "ShortName": "a85e5825-c08e-45db-933e-84b5386dd78e",
  "Active": true,
  "Private": false,
  "GruposPrivacidad": null,
  "PerfilesPrivacidad": null,
  "Type": 26,
  "Caducidades": {
    "NoCaducidad": false,
    "Recurso": false,
    "Hora": false,
    "Dia": false,
    "Semana": false,
    "NoCache": true
  },
  "CaducidadSeleccionada": 6,
  "Styles": "no-cms-style mt-4",
  "Personalizaciones": null,
  "PersonalizacionSeleccionada": "0cf4489b-6ffe-44a0-af41-90a280e296e4",
  "Properties": [
    {
      "TipoPropiedadCMS": 1,
      "Required": false,
      "Options": {},
      "Value": null,
      "MultiLang": true,
      "TypeComponent": 26
    },
    {
      "TipoPropiedadCMS": 36,
      "Required": true,
      "Options": {},
      "Value": "SELECT+distinct+%3fcv+%3fcvnCode+%3fnotificacion+%3ffecha+%3ftipoNotificacion+%3fpestanaNotificacion+%3fpropiedadCV+%3ftrigger+%3fdesencadenante+%3fentidad+%3ftitulo+%3fname+%3fmensaje+%3fread%0aWHERE+%7b%0a%09%7b%0a++++++++SELECT+distinct+%3fcv+%3fcvnCode+%3fnotificacion+%3ffecha+%3ftipoNotificacion+%3fpestanaNotificacion+%3fpropiedadCV+%3ftrigger+%3fdesencadenante+%3fentidad+%3ftitulo+%3fname+%3fmensaje%0a++++++++WHERE+%7b%0a++++++++++++%3fnotificacion+a+%3chttp%3a%2f%2fw3id.org%2froh%2fNotification%3e+.+%0a++++++++++++OPTIONAL+%7b%0a++++++++++++++++%3fnotificacion+%3chttp%3a%2f%2fw3id.org%2froh%2fcvnCode%3e+%3fcvnCode+.+%0a++++++++++++%7d%0a++++++++++++%3fnotificacion+%3chttp%3a%2f%2fw3id.org%2froh%2fowner%3e+%3fpropietario+.+%0a++++++++++++OPTIONAL%7b%0a++++++++++++++++%3fnotificacion+%3chttp%3a%2f%2fpurl.org%2fdc%2fterms%2fissued%3e+%3ffecha+%0a++++++++++++%7d+%0a++++++++++++%3fnotificacion+%3chttp%3a%2f%2fw3id.org%2froh%2ftype%3e+%3ftipoNotificacion.+%0a++++++++++++FILTER+(%3ftipoNotificacion+in+(%27loadExternalSource%27%2c+%27edit%27%2c+%27create%27%2c+%27delete%27)).%0a++++++++++++BIND+(%27p1%27+AS+%3fpestanaNotificacion).%0a++++++++++++OPTIONAL%7b%0a++++++++++++++++++++%3fnotificacion+%3chttp%3a%2f%2fw3id.org%2froh%2ftabPropertyCV%3e+%3fpropiedadCV+.%0a++++++++++++++++%7d%0a++++++++++++OPTIONAL%7b%0a++++++++++++++++%3fnotificacion+%3chttp%3a%2f%2fw3id.org%2froh%2ftrigger%3e+%3ftrigger+.%0a++++++++++++++++OPTIONAL+%7b%0a++++++++++++++++++++%3ftrigger+%3chttp%3a%2f%2fxmlns.com%2ffoaf%2f0.1%2fname%3e+%3fdesencadenante+%0a++++++++++++++++%7d%0a++++++++++++%7d%0a++++++++++++%3fnotificacion+%3chttp%3a%2f%2fw3id.org%2froh%2fowner%3e+%3fnotificado.+%3fnotificado+%3chttp%3a%2f%2fw3id.org%2froh%2fgnossUser%3e+%3chttp%3a%2f%2fgnoss%2f%3cUSUARIOID%3e%3e+.%0a++++++++++++OPTIONAL%7b%0a++++++++++++++++%3fcv+%3chttp%3a%2f%2fw3id.org%2froh%2fcvOf%3e+%3fnotificado.%0a++++++++++++%7d%0a++++++++++++OPTIONAL+%7b+%0a++++++++++++++++++++%3fnotificacion+%3chttp%3a%2f%2fw3id.org%2froh%2ftext%3e+%3fmensaje+.%0a++++++++++++%7d%0a++++++++++++OPTIONAL%7b%0a++++++++++++++++%3fnotificacion+%3chttp%3a%2f%2fw3id.org%2froh%2fentity%3e+%3fentidad+.%0a++++++++++++++++OPTIONAL+%7b%0a++++++++++++++++++++%3fentidad+%3chttp%3a%2f%2fw3id.org%2froh%2ftitle%3e+%3ftitulo.%0a++++++++++++++++%7d%0a++++++++++++++++OPTIONAL+%7b%0a++++++++++++++++++++%3fentidad+%3chttp%3a%2f%2fwww.schema.org%2fname%3e+%3fname%0a++++++++++++++++%7d%0a++++++++++++%7d%0a++++++++%7d%0a++++%7d%0a++++UNION%0a++++%7b%0a++++++++SELECT+distinct+%3fcv+%3fcvnCode+%3fnotificacion+%3ffecha+%3ftipoNotificacion+%3fpestanaNotificacion+%3fpropiedadCV+%3ftrigger+%3fdesencadenante+%3fentidad+%3ftitulo+%3fname+%3fmensaje%0a++++++++WHERE+%7b%0a++++++++++++%3fnotificacion+a+%3chttp%3a%2f%2fw3id.org%2froh%2fNotification%3e+.+%0a++++++++++++OPTIONAL+%7b%0a++++++++++++++++%3fnotificacion+%3chttp%3a%2f%2fw3id.org%2froh%2fcvnCode%3e+%3fcvnCode+.+%0a++++++++++++%7d%0a++++++++++++%3fnotificacion+%3chttp%3a%2f%2fw3id.org%2froh%2fowner%3e+%3fpropietario+.+%0a++++++++++++OPTIONAL%7b%0a++++++++++++++++%3fnotificacion+%3chttp%3a%2f%2fpurl.org%2fdc%2fterms%2fissued%3e+%3ffecha+%0a++++++++++++%7d+%0a++++++++++++%3fnotificacion+%3chttp%3a%2f%2fw3id.org%2froh%2ftype%3e+%3ftipoNotificacion.%0a++++++++++++BIND+(%27otros%27+AS+%3fpestanaNotificacion).%0a++++++++++++FILTER+(%3ftipoNotificacion+not+in+(%27loadExternalSource%27%2c+%27edit%27%2c+%27create%27%2c+%27delete%27)).%0a++++++++++++OPTIONAL%7b%0a++++++++++++++++++++%3fnotificacion+%3chttp%3a%2f%2fw3id.org%2froh%2ftabPropertyCV%3e+%3fpropiedadCV+.%0a++++++++++++++++%7d%0a++++++++++++OPTIONAL%7b%0a++++++++++++++++%3fnotificacion+%3chttp%3a%2f%2fw3id.org%2froh%2ftrigger%3e+%3ftrigger+.%0a++++++++++++++++OPTIONAL+%7b%0a++++++++++++++++++++%3ftrigger+%3chttp%3a%2f%2fxmlns.com%2ffoaf%2f0.1%2fname%3e+%3fdesencadenante+%0a++++++++++++++++%7d%0a++++++++++++%7d%0a++++++++++++%3fnotificacion+%3chttp%3a%2f%2fw3id.org%2froh%2fowner%3e+%3fnotificado.+%3fnotificado+%3chttp%3a%2f%2fw3id.org%2froh%2fgnossUser%3e+%3chttp%3a%2f%2fgnoss%2f%3cUSUARIOID%3e%3e+.%0a++++++++++++OPTIONAL%7b%0a++++++++++++++++%3fcv+%3chttp%3a%2f%2fw3id.org%2froh%2fcvOf%3e+%3fnotificado.%0a++++++++++++%7d%0a++++++++++++OPTIONAL+%7b+%0a++++++++++++++++++++%3fnotificacion+%3chttp%3a%2f%2fw3id.org%2froh%2ftext%3e+%3fmensaje+.%0a++++++++++++%7d%0a++++++++++++OPTIONAL%7b%0a++++++++++++++++%3fnotificacion+%3chttp%3a%2f%2fw3id.org%2froh%2fentity%3e+%3fentidad+.%0a++++++++++++++++OPTIONAL+%7b%0a++++++++++++++++++++%3fentidad+%3chttp%3a%2f%2fw3id.org%2froh%2ftitle%3e+%3ftitulo.%0a++++++++++++++++%7d%0a++++++++++++++++OPTIONAL+%7b%0a++++++++++++++++++++%3fentidad+%3chttp%3a%2f%2fwww.schema.org%2fname%3e+%3fname%0a++++++++++++++++%7d%0a++++++++++++%7d%0a++++++++%7d++++%0a++++%7d%0a+++++OPTIONAL%7b%3fnotificacion+%3chttp%3a%2f%2fw3id.org%2froh%2fread%3e+%3fread+.+%7d%0a%7d+order+by+desc(%3ffecha)+asc(%3ftitulo)+asc(%3fname)+",
      "MultiLang": false,
      "TypeComponent": 26
    }
  ]
}