{
  "AccesoPublicoComponente": false,
  "ContenidoMultiIdioma": false,
  "ListaIdiomasDisponibles": [],
  "ListaIdiomas": null,
  "IdiomaPorDefecto": null,
  "UrlVuelta": null,
  "EsEdicion": false,
  "Name": "Alertas",
  "ShortName": "b054b55f-01bb-413f-9630-a974e658706a",
  "Active": true,
  "Private": false,
  "GruposPrivacidad": null,
  "PerfilesPrivacidad": null,
  "Type": 26,
  "Caducidades": {
    "NoCaducidad": false,
    "Recurso": false,
    "Hora": false,
    "Dia": false,
    "Semana": false,
    "NoCache": true
  },
  "CaducidadSeleccionada": 6,
  "Styles": "",
  "Personalizaciones": null,
  "PersonalizacionSeleccionada": "0cf4489b-6ffe-44a0-af41-90a280e296e4",
  "Properties": [
    {
      "TipoPropiedadCMS": 1,
      "Required": false,
      "Options": {},
      "Value": null,
      "MultiLang": true,
      "TypeComponent": 26
    },
    {
      "TipoPropiedadCMS": 36,
      "Required": true,
      "Options": {},
      "Value": "SELECT+distinct+%3fcv+%3fcvnCode+%3fnotificacion+%3ffecha+%3ftipoNotificacion+%3fpropiedadCV+%3ftrigger+%3fdesencadenante+%3fentidad+%3ftitulo+%3fname+%3fmensaje%0aWHERE+%7b%0a%09%3fnotificacion+a+%3chttp%3a%2f%2fw3id.org%2froh%2fNotification%3e+.+%0a%09OPTIONAL+%7b%0a%09%09%3fnotificacion+%3chttp%3a%2f%2fw3id.org%2froh%2fcvnCode%3e+%3fcvnCode+.+%0a%09%7d%0a%09%3fnotificacion+%3chttp%3a%2f%2fw3id.org%2froh%2fowner%3e+%3fpropietario+.+%0a%09OPTIONAL%7b%0a%09%09%3fnotificacion+%3chttp%3a%2f%2fpurl.org%2fdc%2fterms%2fissued%3e+%3ffecha+%0a%09%7d+%0a%09%3fnotificacion+%3chttp%3a%2f%2fw3id.org%2froh%2ftype%3e+%3ftipoNotificacion+.+%0a%09OPTIONAL%7b%0a%09++++++++%3fnotificacion+%3chttp%3a%2f%2fw3id.org%2froh%2ftabPropertyCV%3e+%3fpropiedadCV+.%0a++++++++%7d%0a%09OPTIONAL%7b%0a%09%09%3fnotificacion+%3chttp%3a%2f%2fw3id.org%2froh%2ftrigger%3e+%3ftrigger+.%0a%09%09OPTIONAL+%7b%0a%09%09%09%3ftrigger+%3chttp%3a%2f%2fxmlns.com%2ffoaf%2f0.1%2fname%3e+%3fdesencadenante+%0a%09%09%7d%0a%09%7d%0a%09%3fnotificacion+%3chttp%3a%2f%2fw3id.org%2froh%2fowner%3e+%3fnotificado.+%3fnotificado+%3chttp%3a%2f%2fw3id.org%2froh%2fgnossUser%3e+%3chttp%3a%2f%2fgnoss%2f%3cUSUARIOID%3e%3e+.%0a%09OPTIONAL%7b%0a%09%09%3fcv+%3chttp%3a%2f%2fw3id.org%2froh%2fcvOf%3e+%3fnotificado.%0a%09%7d%0a%09OPTIONAL+%7b+%0a%09++++++++%3fnotificacion+%3chttp%3a%2f%2fw3id.org%2froh%2ftext%3e+%3fmensaje+.%0a%09%7d%0a%09OPTIONAL%7b%0a%09%09%3fnotificacion+%3chttp%3a%2f%2fw3id.org%2froh%2fentity%3e+%3fentidad+.%0a%09%09OPTIONAL+%7b%0a%09%09%09%3fentidad+%3chttp%3a%2f%2fw3id.org%2froh%2ftitle%3e+%3ftitulo+%0a%09%09%7d%0a%09%09OPTIONAL+%7b%0a%09%09%09%3fentidad+%3chttp%3a%2f%2fwww.schema.org%2fname%3e+%3fname%0a%09%09%7d%0a%09%7d%0a%7d%0aorder+by+desc(%3ffecha)+asc(%3ftitulo)+asc(%3fname)%0a",
      "MultiLang": false,
      "TypeComponent": 26
    }
  ]
}