{
  "AccesoPublicoComponente": false,
  "ContenidoMultiIdioma": false,
  "ListaIdiomasDisponibles": [],
  "ListaIdiomas": null,
  "IdiomaPorDefecto": null,
  "UrlVuelta": null,
  "EsEdicion": false,
  "Name": "Top Proyectos",
  "ShortName": "b4ea6415-7750-4b97-b4ec-8f3eb946f2ac",
  "Active": true,
  "Private": false,
  "GruposPrivacidad": null,
  "PerfilesPrivacidad": null,
  "Type": 26,
  "Caducidades": {
    "NoCaducidad": false,
    "Recurso": false,
    "Hora": true,
    "Dia": false,
    "Semana": false,
    "NoCache": false
  },
  "CaducidadSeleccionada": 1,
  "Styles": "mx-2",
  "Personalizaciones": null,
  "PersonalizacionSeleccionada": "9eaba1bb-9308-4c6e-b879-19559a5b0a53",
  "Properties": [
    {
      "TipoPropiedadCMS": 1,
      "Required": false,
      "Options": {},
      "Value": null,
      "MultiLang": true,
      "TypeComponent": 26
    },
    {
      "TipoPropiedadCMS": 36,
      "Required": true,
      "Options": {},
      "Value": "SELECT+distinct+%3fproject++%3ftitle+%3ftituloOrg+%3fpublicationsNumberInt+COUNT(%3fdoc)+as+%3fnumDoc%0aFROM+%3chttp%3a%2f%2fgnoss.com%2fproject.owl%3e+From+%3chttp%3a%2f%2fgnoss.com%2forganization.owl%3e%0aWHERE+%7b%0a++++++++++++++++%3fproject+a+%3chttp%3a%2f%2fvivoweb.org%2fontology%2fcore%23Project%3e.%0a++++++++++++++++%3fproject+%3chttp%3a%2f%2fw3id.org%2froh%2ftitle%3e+%3ftitle.%0a++++++++++++++++%3fproject+%3chttp%3a%2f%2fw3id.org%2froh%2fisValidated%3e+%27true%27.%0a++++++++++++++++OPTIONAL%7b+%0a++++++++++++++++++++++++++++++++%3fproject+%3chttp%3a%2f%2fw3id.org%2froh%2fconductedBy%3e+%3forganization.+%0a++++++++++++++++++++++++++++++++%3forganization+%3chttp%3a%2f%2fw3id.org%2froh%2ftitle%3e+%3ftituloOrg.%0a++++++++++++++++%7d%0a++++++++++++++++OPTIONAL%7b+%0a%0a++++++++++++++++++++++++++++++++%3fproject+%3chttp%3a%2f%2fw3id.org%2froh%2fpublicationsNumber%3e+%3fpublicationsNumber.%0a++++++++++++++++++++++++++++++++BIND(IF(bound(%3fpublicationsNumber)%2c+xsd%3ainteger(%3fpublicationsNumber)%2c+0)+as+%3fpublicationsNumberInt)%0a++++++++++++++++%7d%0a%0a++++++++++++++++OPTIONAL%7b+%3fdoc+%3chttp%3a%2f%2fw3id.org%2froh%2fprojectAux%3e+%3fproject+%7d%0a++++++++++++++++%0a%0a%7d+ORDER+BY+DESC(%3fpublicationsNumberInt+)+LIMIT+3",
      "MultiLang": false,
      "TypeComponent": 26
    }
  ]
}