{
  "AccesoPublicoComponente": false,
  "ContenidoMultiIdioma": false,
  "ListaIdiomasDisponibles": [],
  "ListaIdiomas": null,
  "IdiomaPorDefecto": null,
  "UrlVuelta": null,
  "EsEdicion": false,
  "Name": "Top investigadores",
  "ShortName": "b6885fea-aefd-4120-a480-855ff3ab1ffc",
  "Active": true,
  "Private": false,
  "GruposPrivacidad": null,
  "PerfilesPrivacidad": null,
  "Type": 26,
  "Caducidades": {
    "NoCaducidad": false,
    "Recurso": false,
    "Hora": true,
    "Dia": false,
    "Semana": false,
    "NoCache": false
  },
  "CaducidadSeleccionada": 1,
  "Styles": "mx-2",
  "Personalizaciones": null,
  "PersonalizacionSeleccionada": "fa1d2628-f4c5-4bd2-9257-3bf96e704d9a",
  "Properties": [
    {
      "TipoPropiedadCMS": 1,
      "Required": false,
      "Options": {},
      "Value": null,
      "MultiLang": true,
      "TypeComponent": 26
    },
    {
      "TipoPropiedadCMS": 36,
      "Required": true,
      "Options": {},
      "Value": "SELECT+distinct+%3fperson+%3fname+%3ftituloOrg+%3fhasPosition+%3fdepartamento+COUNT(distinct+%3fdoc)+as+%3fnumDoc+%0aFROM+%3chttp%3a%2f%2fgnoss.com%2forganization.owl%3e++FROM+%3chttp%3a%2f%2fgnoss.com%2fgroup.owl%3e+FROM+%3chttp%3a%2f%2fgnoss.com%2fdepartment.owl%3e+FROM+%3chttp%3a%2f%2fgnoss.com%2fdocument.owl%3e+FROM+%3chttp%3a%2f%2fgnoss.com%2fperson.owl%3e+FROM+%3chttp%3a%2f%2fgnoss.com%2fproject.owl%3e%0aWHERE+%7b%0a++++++++++++++++%3fperson+a+%3chttp%3a%2f%2fxmlns.com%2ffoaf%2f0.1%2fPerson%3e.%0a++++++++++++++++%3fperson+%3chttp%3a%2f%2fxmlns.com%2ffoaf%2f0.1%2fname%3e+%3fname.%0a%0a++++++++++++++++OPTIONAL%7b%0a++++++++++++++++++++%3fperson+%3chttp%3a%2f%2fw3id.org%2froh%2fhasRole%3e+%3forganization.%0a++++++++++++++++++++%3forganization+%3chttp%3a%2f%2fw3id.org%2froh%2ftitle%3e+%3ftituloOrg.%0a++++++++++++++++%7d%0a++++++++++++++++OPTIONAL%7b%0a++++++++++++++++++++%3fperson+%3chttp%3a%2f%2fw3id.org%2froh%2fhasPosition%3e+%3fhasPosition.%0a++++++++++++++++%7d%0a++++++++++++++++OPTIONAL%7b%0a++++++++++++++++++++%3fperson+%3chttp%3a%2f%2fvivoweb.org%2fontology%2fcore%23departmentOrSchool%3e+%3fdept.%0a++++++++++++++++++++%3fdept+%3chttp%3a%2f%2fpurl.org%2fdc%2felements%2f1.1%2ftitle%3e+%3fdepartamento%0a++++++++++++++++%7d%0a++++++++++++++++%3fperson+%3chttp%3a%2f%2fw3id.org%2froh%2fisActive%3e+%27true%27.%0a%0a++++++++++++++++OPTIONAL%7b%0a++++++++++++++++++++%7b%0a++++++++++++++++++++++++%3fdoc+a+%3chttp%3a%2f%2fpurl.org%2fontology%2fbibo%2fDocument%3e.%0a++++++++++++++++++++++++%3fdoc+%3chttp%3a%2f%2fw3id.org%2froh%2fisValidated%3e+%27true%27.%0a++++++++++++++++++++++++%3fdoc+%3chttp%3a%2f%2fpurl.org%2fontology%2fbibo%2fauthorList%3e+%3fauthorList.%0a++++++++++++++++++++++++%3fauthorList+%3chttp%3a%2f%2fwww.w3.org%2f1999%2f02%2f22-rdf-syntax-ns%23member%3e+%3fperson.%0a++++++++++++++++++++%7d%0a++++++++++++++++++++UNION%0a++++++++++++++++++++%7b%0a%0a%0a++++++++++++++++++++++++%3fdoc+a+%3chttp%3a%2f%2fvivoweb.org%2fontology%2fcore%23Project%3e.%0a++++++++++++++++++++++++%3fdoc+%3chttp%3a%2f%2fw3id.org%2froh%2fisValidated%3e+%27true%27.%0a+++++++++++++++++++++++%3fdoc+%3chttp%3a%2f%2fw3id.org%2froh%2fresearchers%3e+%3frol.%0a+++++++++++++++++++++++%3frol+%3chttp%3a%2f%2fwww.w3.org%2f1999%2f02%2f22-rdf-syntax-ns%23member%3e+%3fperson.%0a++++++++++++++++++++%7d%0a++++++++++++++++%7d%0a%0a%7d+ORDER+BY+desc(%3fnumDoc)+LIMIT+3",
      "MultiLang": false,
      "TypeComponent": 26
    }
  ]
}