{
  "AccesoPublicoComponente": false,
  "ContenidoMultiIdioma": false,
  "ListaIdiomasDisponibles": [],
  "ListaIdiomas": null,
  "IdiomaPorDefecto": null,
  "UrlVuelta": null,
  "EsEdicion": false,
  "Name": "IA y Ciberseguridad",
  "ShortName": "be45d2a9-6eda-4bf3-916d-5e92a236239f",
  "Active": true,
  "Private": false,
  "GruposPrivacidad": null,
  "PerfilesPrivacidad": null,
  "Type": 0,
  "Caducidades": {},
  "CaducidadSeleccionada": 6,
  "Styles": "pchild-0 mx-2",
  "Personalizaciones": null,
  "PersonalizacionSeleccionada": "00000000-0000-0000-0000-000000000000",
  "Properties": [
    {
      "TipoPropiedadCMS": 1,
      "Required": false,
      "Options": {},
      "Value": null,
      "MultiLang": true,
      "TypeComponent": 0
    },
    {
      "TipoPropiedadCMS": 0,
      "Required": true,
      "Options": {},
      "Value": "%3cdiv+class%3d%22destacado+horizontal%22%3e%0a++++++++++++++++++++++++%3cdiv+class%3d%22group+image%22%3e%0a++++++++++++++++++++++++++++%3ca+href%3d%22javascript%3a+void(0)%3b%22%3e%0a++++++++++++++++++++++++++++++++%3cimg+title%3d%22Titulo%22+alt%3d%22Titulo%22+src%3d%22%2fimagenes%2fproyectos%2fpersonalizacion%2f[%%%_PROYECTO_ID_%%%]%2ftheme%2fresources%2fimagenes-pre%2fai.jpg%22%3e%0a++++++++++++++++++++++++++++%3c%2fa%3e%0a++++++++++++++++++++++++%3c%2fdiv%3e%0a++++++++++++++++++++++++%3cdiv+class%3d%22box+content%22%3e%0a++++++++++++++++++++++++++++%3cdiv+class%3d%22group+title%22%3e%0a++++++++++++++++++++++++++++++++%3ch3%3eIA+y+Ciberseguridad%3c%2fh3%3e%0a++++++++++++++++++++++++++++%3c%2fdiv%3e%0a++++++++++++++++++++++++++++%3cdiv+class%3d%22group+contenido%22%3e%0a++++++++++++++++++++++++++++++++%3cp%3eLa+Inteligencia+Artificial+(IA)+es+la+combinaci%c3%b3n+de+algoritmos+planteados+con+el+prop%c3%b3sito+de+crear+m%c3%a1quinas+que+presenten+las+mismas+capacidades+que+el+ser+humano.%3c%2fp%3e%0a++++++++++++++++++++++++++++%3c%2fdiv%3e%0a++++++++++++++++++++++++++++%3cdiv+class%3d%22group+contenido+lista%22%3e%0a++++++++++++++++++++++++++++++++%3cul%3e%0a++++++++++++++++++++++++++++++++++++%3cli%3e%3cspan+class%3d%22material-icons%22%3earticle%3c%2fspan%3e%3ca+href%3d%22%2fcomunidad%2fhercules%2fbuscador-publicaciones%3froh%3ahasKnowledgeArea%40%40%40roh%3acategoryNode%3dhttp%3a%2f%2fgnoss.com%2fitems%2fresearcharea_2.3.14.0%22%3ePublicaciones%3c%2fa%3e%3c%2fli%3e%0a++++++++%0a++++++++++++++++++++++++++++++++++++%3cli%3e%3cspan+class%3d%22material-icons%22%3ework%3c%2fspan%3e%3ca+href%3d%22%2fcomunidad%2fhercules%2fbuscador-proyectos%3fsearcherProjects%3dinteligencia%2520artificial%22%3eProyectos%3c%2fa%3e%3c%2fli%3e%0a++++++++++++++++++++++++++++++++++++%0a++++++++++++++++++++++++++++++++++++%3cli%3e%3cspan+class%3d%22material-icons%22%3eperson%3c%2fspan%3e%3ca+href%3d%22%2fcomunidad%2fhercules%2fbuscador-personal-investigador%3fvivo%3ahasResearchArea%40%40%40roh%3acategoryNode%3dhttp%3a%2f%2fgnoss.com%2fitems%2fresearcharea_2.3.14.0%22%3eInvestigadores%3c%2fa%3e%3c%2fli%3e%0a++++++++++++++++++++++++++++++++%3c%2ful%3e%0a++++++++++++++++++++++++++++%3c%2fdiv%3e%0a++++++++++++++++++++++++%3c%2fdiv%3e%0a++++++++++++++++++++%3c%2fdiv%3e%40es%7c%7c%7c",
      "MultiLang": true,
      "TypeComponent": 0
    }
  ]
}