{
  "AccesoPublicoComponente": false,
  "ContenidoMultiIdioma": false,
  "ListaIdiomasDisponibles": [],
  "ListaIdiomas": null,
  "IdiomaPorDefecto": null,
  "UrlVuelta": null,
  "EsEdicion": false,
  "Name": "Gráficas Áreas temáticas",
  "ShortName": "dd0f5dd5-d8be-449b-ae4a-a26f168e0f4f",
  "Active": true,
  "Private": false,
  "GruposPrivacidad": null,
  "PerfilesPrivacidad": null,
  "Type": 0,
  "Caducidades": {},
  "CaducidadSeleccionada": 6,
  "Styles": "mx-2",
  "Personalizaciones": null,
  "PersonalizacionSeleccionada": "00000000-0000-0000-0000-000000000000",
  "Properties": [
    {
      "TipoPropiedadCMS": 1,
      "Required": false,
      "Options": {},
      "Value": null,
      "MultiLang": true,
      "TypeComponent": 0
    },
    {
      "TipoPropiedadCMS": 0,
      "Required": true,
      "Options": {},
      "Value": "%3cdiv+order%3d%220%22+class%3d%22show+grafica+horizontal%22+style%3d%22opacity%3a1%3b%22+data-tipografica%3d%22horizontal+abr+%22+data-idgrafica%3d%22isHorizontal-abr-grafica6%22+id%3d%22areasTematicasgraphic%22%3e%0a%3c%2fdiv%3e%0a%0a%3cscript%3e%0apintarGraficaIndividual(document.getElementById(%22areasTematicasgraphic%22)%2c+%22pagina1%22%2c+%22isHorizontal-abr-grafica6%22)%0a%3c%2fscript%3e%40es%7c%7c%7c",
      "MultiLang": true,
      "TypeComponent": 0
    }
  ]
}