{
  "AccesoPublicoComponente": false,
  "ContenidoMultiIdioma": false,
  "ListaIdiomasDisponibles": [],
  "ListaIdiomas": null,
  "IdiomaPorDefecto": null,
  "UrlVuelta": null,
  "EsEdicion": false,
  "Name": "Ciencias Marinas",
  "ShortName": "de1b84e0-b3d6-43a0-b7d5-3c0f0efb9932",
  "Active": true,
  "Private": false,
  "GruposPrivacidad": null,
  "PerfilesPrivacidad": null,
  "Type": 0,
  "Caducidades": {},
  "CaducidadSeleccionada": 6,
  "Styles": "pchild-0 mx-2",
  "Personalizaciones": null,
  "PersonalizacionSeleccionada": "00000000-0000-0000-0000-000000000000",
  "Properties": [
    {
      "TipoPropiedadCMS": 1,
      "Required": false,
      "Options": {},
      "Value": null,
      "MultiLang": true,
      "TypeComponent": 0
    },
    {
      "TipoPropiedadCMS": 0,
      "Required": true,
      "Options": {},
      "Value": "%3cdiv+class%3d%22destacado+horizontal%22%3e%0a++++++++++++++++++++++++%3cdiv+class%3d%22group+image%22%3e%0a++++++++++++++++++++++++++++%3ca+href%3d%22javascript%3a+void(0)%3b%22%3e%0a++++++++++++++++++++++++++++++++%3cimg+title%3d%22Titulo%22+alt%3d%22Titulo%22+src%3d%22%2fimagenes%2fproyectos%2fpersonalizacion%2f[%%%_PROYECTO_ID_%%%]%2ftheme%2fresources%2fimagenes-pre%2fmedusas.jpg%22%3e%0a++++++++++++++++++++++++++++%3c%2fa%3e%0a++++++++++++++++++++++++%3c%2fdiv%3e%0a++++++++++++++++++++++++%3cdiv+class%3d%22box+content%22%3e%0a++++++++++++++++++++++++++++%3cdiv+class%3d%22group+title%22%3e%0a++++++++++++++++++++++++++++++++%3ch3%3eCiencias+Marinas%3c%2fh3%3e%0a++++++++++++++++++++++++++++%3c%2fdiv%3e%0a++++++++++++++++++++++++++++%3cdiv+class%3d%22group+contenido%22%3e%0a++++++++++++++++++++++++++++++++%3cp%3eTienen+como+objetivo+principal+el+cuidado+y+la+conservaci%c3%b3n+de+las+especies+marinas%2c+lo+cual+abarca+la+fauna%2c+la+flora+y+el+ecosistema+donde+viven.%3c%2fp%3e%0a++++++++++++++++++++++++++++%3c%2fdiv%3e%0a++++++++++++++++++++++++%3c%2fdiv%3e%0a++++++++++++++++++++%3c%2fdiv%3e%40es%7c%7c%7c",
      "MultiLang": true,
      "TypeComponent": 0
    }
  ]
}