{
  "AccesoPublicoComponente": false,
  "ContenidoMultiIdioma": false,
  "ListaIdiomasDisponibles": [],
  "ListaIdiomas": null,
  "IdiomaPorDefecto": null,
  "UrlVuelta": null,
  "EsEdicion": false,
  "Name": "Ciencias Marinas",
  "ShortName": "de1b84e0-b3d6-43a0-b7d5-3c0f0efb9932",
  "Active": true,
  "Private": false,
  "GruposPrivacidad": null,
  "PerfilesPrivacidad": null,
  "Type": 0,
  "Caducidades": {},
  "CaducidadSeleccionada": 6,
  "Styles": "pchild-0 mx-2",
  "Personalizaciones": null,
  "PersonalizacionSeleccionada": "00000000-0000-0000-0000-000000000000",
  "Properties": [
    {
      "TipoPropiedadCMS": 1,
      "Required": false,
      "Options": {},
      "Value": null,
      "MultiLang": true,
      "TypeComponent": 0
    },
    {
      "TipoPropiedadCMS": 0,
      "Required": true,
      "Options": {},
      "Value": "%3cdiv+class%3d%22destacado+horizontal%22%3e%0a++++++++++++++++++++++++%3cdiv+class%3d%22group+image%22%3e%0a++++++++++++++++++++++++++++%3ca+href%3d%22%2fbuscador-publicaciones%3froh%3ahasKnowledgeArea%40%40%40roh%3acategoryNode%3dhttp%3a%2f%2fgnoss.com%2fitems%2fresearcharea_4.1.5.0%22%3e%0a++++++++++++++++++++++++++++++++%3cimg+title%3d%22Ciencias+Marinas%22+alt%3d%22Ciencias+Marinas%22+src%3d%22[%%%_ENCODED_URL_PERSONALIZACION_%%%]%2ftheme%2fresources%2fimagenes-pre%2fciencias_marinas.jpg%22%3e%0a++++++++++++++++++++++++++++%3c%2fa%3e%0a++++++++++++++++++++++++%3c%2fdiv%3e%0a++++++++++++++++++++++++%3cdiv+class%3d%22box+content%22%3e%0a++++++++++++++++++++++++++++%3cdiv+class%3d%22group+title%22%3e%0a++++++++++++++++++++++++++++++++%3ch3%3eCiencias+Marinas%3c%2fh3%3e%0a++++++++++++++++++++++++++++%3c%2fdiv%3e%0a++++++++++++++++++++++++++++%3cdiv+class%3d%22group+contenido%22%3e%0a++++++++++++++++++++++++++++++++%3cp%3eTienen+como+objetivo+principal+el+cuidado+y+la+conservaci%c3%b3n+de+las+especies+marinas%2c+lo+cual+abarca+la+fauna%2c+la+flora+y+el+ecosistema+donde+viven.%3c%2fp%3e%0a++++++++++++++++++++++++++++%3c%2fdiv%3e%0a++++++++++++++++++++++++++++%3cdiv+class%3d%22group+contenido+lista%22%3e%0a++++++++++++++++++++++++++++++++%3cul%3e%0a++++++++++++++++++++++++++++++++++++%3cli%3e%3cspan+class%3d%22material-icons%22%3earticle%3c%2fspan%3e%3ca+href%3d%22%2fbuscador-publicaciones%3froh%3ahasKnowledgeArea%40%40%40roh%3acategoryNode%3dhttp%3a%2f%2fgnoss.com%2fitems%2fresearcharea_4.1.5.0%22%3ePublicaciones%3c%2fa%3e%3c%2fli%3e%0a++++++++%0a++++++++++++++++++++++++++++++++++++%3cli%3e%3cspan+class%3d%22material-icons%22%3ework%3c%2fspan%3e%3ca+href%3d%22%2fbuscador-proyectos%3fsearcherProjects%3dMarine%2520Sciences%22%3eProyectos%3c%2fa%3e%3c%2fli%3e%0a++++++++++++++++++++++++++++++++++++%0a++++++++++++++++++++++++++++++++++++%3cli%3e%3cspan+class%3d%22material-icons%22%3eperson%3c%2fspan%3e%3ca+href%3d%22%2fbuscador-personal-investigador%3fvivo%3ahasResearchArea%40%40%40roh%3acategoryNode%3dhttp%3a%2f%2fgnoss.com%2fitems%2fresearcharea_4.1.5.0%22%3eInvestigadores%3c%2fa%3e%3c%2fli%3e%0a++++++++++++++++++++++++++++++++%3c%2ful%3e%0a++++++++++++++++++++++++++++%3c%2fdiv%3e%0a%0a++++++++++++++++++++++++%3c%2fdiv%3e%0a++++++++++++++++++++%3c%2fdiv%3e%40es%7c%7c%7c",
      "MultiLang": true,
      "TypeComponent": 0
    }
  ]
}