{
  "AccesoPublicoComponente": false,
  "ContenidoMultiIdioma": false,
  "ListaIdiomasDisponibles": [],
  "ListaIdiomas": null,
  "IdiomaPorDefecto": null,
  "UrlVuelta": null,
  "EsEdicion": false,
  "Name": "Importar CV",
  "ShortName": "e601d3c5-89dc-4f53-ac03-f6201c54a359",
  "Active": true,
  "Private": false,
  "GruposPrivacidad": null,
  "PerfilesPrivacidad": null,
  "Type": 1,
  "Caducidades": {},
  "CaducidadSeleccionada": 6,
  "Styles": "",
  "Personalizaciones": null,
  "PersonalizacionSeleccionada": "64a939ed-0716-4b96-b24e-af622af23ce3",
  "Properties": [
    {
      "TipoPropiedadCMS": 1,
      "Required": true,
      "Options": {},
      "Value": "Exportar+CV%40es%7c%7c%7c",
      "MultiLang": true,
      "TypeComponent": 1
    },
    {
      "TipoPropiedadCMS": 16,
      "Required": false,
      "Options": {},
      "Value": null,
      "MultiLang": true,
      "TypeComponent": 1
    },
    {
      "TipoPropiedadCMS": 2,
      "Required": false,
      "Options": {},
      "Value": null,
      "MultiLang": true,
      "TypeComponent": 1
    },
    {
      "TipoPropiedadCMS": 0,
      "Required": false,
      "Options": {},
      "Value": null,
      "MultiLang": true,
      "TypeComponent": 1
    },
    {
      "TipoPropiedadCMS": 3,
      "Required": false,
      "Options": {},
      "Value": null,
      "MultiLang": true,
      "TypeComponent": 1
    }
  ]
}