{
  "AccesoPublicoComponente": false,
  "ContenidoMultiIdioma": false,
  "ListaIdiomasDisponibles": [],
  "ListaIdiomas": null,
  "IdiomaPorDefecto": null,
  "UrlVuelta": null,
  "EsEdicion": false,
  "Name": "Top Grupos de investigación",
  "ShortName": "f668994b-d8de-4e58-ba91-a517000f3099",
  "Active": true,
  "Private": false,
  "GruposPrivacidad": null,
  "PerfilesPrivacidad": null,
  "Type": 26,
  "Caducidades": {
    "NoCaducidad": false,
    "Recurso": false,
    "Hora": true,
    "Dia": false,
    "Semana": false,
    "NoCache": false
  },
  "CaducidadSeleccionada": 1,
  "Styles": "mx-2",
  "Personalizaciones": null,
  "PersonalizacionSeleccionada": "948d322b-3f8b-4578-934b-54cacad011dc",
  "Properties": [
    {
      "TipoPropiedadCMS": 1,
      "Required": false,
      "Options": {},
      "Value": null,
      "MultiLang": true,
      "TypeComponent": 26
    },
    {
      "TipoPropiedadCMS": 36,
      "Required": true,
      "Options": {},
      "Value": "SELECT+distinct+%3fgroup+%3ftitle+%3ftituloOrg+COUNT(distinct++%3fdoc)+as+%3fnumDoc+%0aFROM+%3chttp%3a%2f%2fgnoss.com%2forganization.owl%3e++FROM+%3chttp%3a%2f%2fgnoss.com%2fgroup.owl%3e+FROM+%3chttp%3a%2f%2fgnoss.com%2fdepartment.owl%3e+FROM+%3chttp%3a%2f%2fgnoss.com%2fdocument.owl%3e+FROM+%3chttp%3a%2f%2fgnoss.com%2fperson.owl%3e+FROM+%3chttp%3a%2f%2fgnoss.com%2fproject.owl%3e%0aWHERE+%7b%0a%0a++++++++++++++++%3fgroup+a+%3chttp%3a%2f%2fxmlns.com%2ffoaf%2f0.1%2fGroup%3e.%0a++++++++++++++++%3fgroup+%3chttp%3a%2f%2fw3id.org%2froh%2fmembersGroup%3e+%3fperson.%0a%0a++++++++++++++++%3fgroup+%3chttp%3a%2f%2fw3id.org%2froh%2ftitle%3e+%3ftitle.%0a++++++++++++++++%3fgroup+%3chttp%3a%2f%2fw3id.org%2froh%2fisValidated%3e+%27true%27.%0a%0a++++++++++++++++OPTIONAL%0a++++++++++++++++%7b%0a++++++++++++++++++++++++%3fgroup+%3chttp%3a%2f%2fw3id.org%2froh%2faffiliatedOrganizationTitle%3e+%3ftituloOrg.%0a++++++++++++++++%7d%0a%0a++++++++++++++++%3fperson+a+%3chttp%3a%2f%2fxmlns.com%2ffoaf%2f0.1%2fPerson%3e.%0a++++++++++++++++%3fperson+%3chttp%3a%2f%2fw3id.org%2froh%2fisActive%3e+%27true%27.%0a%0a++++++++++++++++OPTIONAL%0a++++++++++++++++%7b%0a++++++++++++++++++++++++%7b%0a++++++++++++++++++++++++++++++++%3fdoc+a+%3chttp%3a%2f%2fpurl.org%2fontology%2fbibo%2fDocument%3e.%0a++++++++++++++++++++++++++++++++%3fdoc+%3chttp%3a%2f%2fw3id.org%2froh%2fisValidated%3e+%27true%27.%0a++++++++++++++++++++++++++++++++%3fdoc+%3chttp%3a%2f%2fpurl.org%2fontology%2fbibo%2fauthorList%3e+%3fauthorList.%0a++++++++++++++++++++++++++++++++%3fauthorList+%3chttp%3a%2f%2fwww.w3.org%2f1999%2f02%2f22-rdf-syntax-ns%23member%3e+%3fperson.%0a++++++++++++++++++++++++%7d%0a++++++++++++++++++++++++UNION%0a++++++++++++++++++++++++%7b%0a%0a%0a++++++++++++++++++++++++++++++++%3fdoc+a+%3chttp%3a%2f%2fvivoweb.org%2fontology%2fcore%23Project%3e.%0a++++++++++++++++++++++++++++++++%3fdoc+%3chttp%3a%2f%2fw3id.org%2froh%2fisValidated%3e+%27true%27.%0a++++++++++++++++++++++++++++++++%3fdoc+%3chttp%3a%2f%2fw3id.org%2froh%2fresearchers%3e+%3frol.%0a++++++++++++++++++++++++++++++++%3frol+%3chttp%3a%2f%2fwww.w3.org%2f1999%2f02%2f22-rdf-syntax-ns%23member%3e+%3fperson.%0a++++++++++++++++++++++++%7d%0a++++++++++++++++%7d%0a++++++++++++++++%0a%7d+ORDER+BY+DESC(%3fnumDoc)+LIMIT+3",
      "MultiLang": false,
      "TypeComponent": 26
    }
  ]
}