<config>
    <ConfiguracionGeneral>
        <namespace>organization</namespace>
        <idiomasOnto>
            <idiomaOnto>es</idiomaOnto>
        </idiomasOnto>
        <ocultarTituloDescpImgDoc></ocultarTituloDescpImgDoc>
        <TituloDoc EntidadID="http://xmlns.com/foaf/0.1/Organization">http://w3id.org/roh/title</TituloDoc>
        <DescripcionDoc EntidadID="http://xmlns.com/foaf/0.1/Organization">http://w3id.org/roh/title</DescripcionDoc>
        <HtmlNuevo>true</HtmlNuevo>
		<CategorizacionTesauroGnossObligatoria>false</CategorizacionTesauroGnossObligatoria>
    </ConfiguracionGeneral>
    <EspefPropiedad>
    </EspefPropiedad>
    <EspefEntidad>
    </EspefEntidad>
</config>
