{
  "Name": "Número de citas@es|||",
  "Type": 1,
  "Orden": 4100,
  "Deleted": false,
  "ClaveFaceta": "roh:citationCount",
  "Reciprocidad": "",
  "ClaveFacetaYReprocidad": null,
  "ObjetosConocimiento": [
    "document",
    "researchobject"
  ],
  "Presentacion": 0,
  "Disenyo": 1,
  "AlgoritmoTransformacion": 9,
  "Filtros": "",
  "ListFiltro": [],
  "NumElementosVisibles": 5,
  "EsSemantica": true,
  "Autocompletar": false,
  "Comportamiento": 0,
  "Excluyente": false,
  "OcultaEnFacetas": false,
  "OcultaEnFiltros": false,
  "PrivacidadGrupos": {},
  "ComportamientoOr": false,
  "Condicion": "",
  "PriorizarOrdenResultados": false,
  "Inmutable": false,
  "AgrupacionID": "03cf8e38-0d2e-460e-ab61-d953bac311e8",
  "ListaFiltrosFacetas": [],
  "Modified": false
}