{
  "Name": "IP actual grupo@es|||",
  "Type": 0,
  "Orden": 3200,
  "Deleted": false,
  "ClaveFaceta": "roh:isIPGroupActually",
  "Reciprocidad": "",
  "ClaveFacetaYReprocidad": null,
  "ObjetosConocimiento": [
    "person"
  ],
  "Presentacion": 0,
  "Disenyo": 1,
  "AlgoritmoTransformacion": 21,
  "Filtros": "",
  "ListFiltro": [],
  "NumElementosVisibles": 5,
  "EsSemantica": true,
  "Autocompletar": false,
  "Comportamiento": 0,
  "Excluyente": false,
  "OcultaEnFacetas": false,
  "OcultaEnFiltros": false,
  "PrivacidadGrupos": {},
  "ComportamientoOr": false,
  "Condicion": "",
  "PriorizarOrdenResultados": false,
  "Inmutable": false,
  "AgrupacionID": "07980857-6265-49c3-8f92-d1e03b9d66ab",
  "ListaFiltrosFacetas": [],
  "Modified": false
}