{
  "Name": "Fecha de la patente@es|||",
  "Type": 2,
  "Orden": 4600,
  "Deleted": false,
  "ClaveFaceta": "roh:dateFiled",
  "Reciprocidad": "",
  "ClaveFacetaYReprocidad": null,
  "ObjetosConocimiento": [
    "patent"
  ],
  "Presentacion": 0,
  "Disenyo": 0,
  "AlgoritmoTransformacion": 6,
  "Filtros": "",
  "ListFiltro": [],
  "NumElementosVisibles": 1000,
  "EsSemantica": true,
  "Autocompletar": false,
  "Comportamiento": 0,
  "Excluyente": false,
  "OcultaEnFacetas": false,
  "OcultaEnFiltros": false,
  "PrivacidadGrupos": {},
  "ComportamientoOr": false,
  "Condicion": "",
  "PriorizarOrdenResultados": false,
  "Inmutable": false,
  "AgrupacionID": "0f0dbc58-8288-42d9-8c55-400aa3231d9b",
  "ListaFiltrosFacetas": [],
  "Modified": false
}