{
  "Name": "Investigadores participantes@es|||",
  "Type": 0,
  "Orden": 4700,
  "Deleted": false,
  "ClaveFaceta": "bibo:authorList@@@foaf:nick",
  "Reciprocidad": "",
  "ClaveFacetaYReprocidad": null,
  "ObjetosConocimiento": [
    "patent"
  ],
  "Presentacion": 1,
  "Disenyo": 1,
  "AlgoritmoTransformacion": 8,
  "Filtros": "",
  "ListFiltro": [],
  "NumElementosVisibles": 5,
  "EsSemantica": true,
  "Autocompletar": false,
  "Comportamiento": 0,
  "Excluyente": false,
  "OcultaEnFacetas": false,
  "OcultaEnFiltros": false,
  "PrivacidadGrupos": {},
  "ComportamientoOr": false,
  "Condicion": "",
  "PriorizarOrdenResultados": false,
  "Inmutable": false,
  "AgrupacionID": "11e552be-62bb-4dc5-8025-32eb2b6cf740",
  "ListaFiltrosFacetas": [],
  "Modified": false
}