{
  "Name": "IP actual proyecto@es|||",
  "Type": 0,
  "Orden": 3300,
  "Deleted": false,
  "ClaveFaceta": "roh:isIPProjectActually",
  "Reciprocidad": "",
  "ClaveFacetaYReprocidad": null,
  "ObjetosConocimiento": [
    "person"
  ],
  "Presentacion": 0,
  "Disenyo": 1,
  "AlgoritmoTransformacion": 21,
  "Filtros": "",
  "ListFiltro": [],
  "NumElementosVisibles": 5,
  "EsSemantica": true,
  "Autocompletar": false,
  "Comportamiento": 0,
  "Excluyente": false,
  "OcultaEnFacetas": false,
  "OcultaEnFiltros": false,
  "PrivacidadGrupos": {},
  "ComportamientoOr": false,
  "Condicion": "",
  "PriorizarOrdenResultados": false,
  "Inmutable": false,
  "AgrupacionID": "14655f9a-77e5-4e31-8627-e9206be57411",
  "ListaFiltrosFacetas": [],
  "Modified": false
}