{
  "Name": "Responsable de la oferta@es|||",
  "Type": 0,
  "Orden": 100,
  "Deleted": false,
  "ClaveFaceta": "schema:offeredBy@@@foaf:name",
  "Reciprocidad": "",
  "ClaveFacetaYReprocidad": null,
  "ObjetosConocimiento": [
    "offer"
  ],
  "Presentacion": 0,
  "Disenyo": 1,
  "AlgoritmoTransformacion": 8,
  "Filtros": "",
  "ListFiltro": [],
  "NumElementosVisibles": 5,
  "EsSemantica": true,
  "Autocompletar": false,
  "Comportamiento": 0,
  "Excluyente": false,
  "OcultaEnFacetas": false,
  "OcultaEnFiltros": false,
  "PrivacidadGrupos": {},
  "ComportamientoOr": false,
  "Condicion": "",
  "PriorizarOrdenResultados": false,
  "Inmutable": false,
  "AgrupacionID": "1de2447a-836f-42ce-abb6-61883e98cc0f",
  "ListaFiltrosFacetas": [],
  "Modified": false
}