{
  "Name": "Número de publicaciones@es|||",
  "Type": 1,
  "Orden": 2900,
  "Deleted": false,
  "ClaveFaceta": "roh:publicationsNumber",
  "Reciprocidad": "",
  "ClaveFacetaYReprocidad": null,
  "ObjetosConocimiento": [
    "group",
    "person"
  ],
  "Presentacion": 0,
  "Disenyo": 1,
  "AlgoritmoTransformacion": 9,
  "Filtros": "",
  "ListFiltro": [],
  "NumElementosVisibles": 5,
  "EsSemantica": true,
  "Autocompletar": false,
  "Comportamiento": 0,
  "Excluyente": false,
  "OcultaEnFacetas": false,
  "OcultaEnFiltros": false,
  "PrivacidadGrupos": {},
  "ComportamientoOr": false,
  "Condicion": "",
  "PriorizarOrdenResultados": false,
  "Inmutable": false,
  "AgrupacionID": "1de4fbd0-c907-4af4-9941-245756004248",
  "ListaFiltrosFacetas": [],
  "Modified": false
}