{
  "Name": "Personal investigador de la oferta@es|||",
  "Type": 0,
  "Orden": 700,
  "Deleted": false,
  "ClaveFaceta": "roh:researchers@@@foaf:name",
  "Reciprocidad": "",
  "ClaveFacetaYReprocidad": null,
  "ObjetosConocimiento": [
    "offer"
  ],
  "Presentacion": 0,
  "Disenyo": 1,
  "AlgoritmoTransformacion": 8,
  "Filtros": "",
  "ListFiltro": [],
  "NumElementosVisibles": 5,
  "EsSemantica": true,
  "Autocompletar": false,
  "Comportamiento": 1,
  "Excluyente": false,
  "OcultaEnFacetas": false,
  "OcultaEnFiltros": false,
  "PrivacidadGrupos": {},
  "ComportamientoOr": false,
  "Condicion": "",
  "PriorizarOrdenResultados": false,
  "Inmutable": false,
  "AgrupacionID": "261a88db-9ec8-4a26-aa5b-6305ebd6dbe2",
  "ListaFiltrosFacetas": [],
  "Modified": false
}