{
  "Name": "Fecha Anotaciones@es|||",
  "Type": 2,
  "Orden": 4500,
  "Deleted": false,
  "ClaveFaceta": "roh:dateIssued",
  "Reciprocidad": "",
  "ClaveFacetaYReprocidad": null,
  "ObjetosConocimiento": [
    "annotation"
  ],
  "Presentacion": 0,
  "Disenyo": 0,
  "AlgoritmoTransformacion": 6,
  "Filtros": "",
  "ListFiltro": [],
  "NumElementosVisibles": 1000,
  "EsSemantica": true,
  "Autocompletar": false,
  "Comportamiento": 0,
  "Excluyente": false,
  "OcultaEnFacetas": false,
  "OcultaEnFiltros": false,
  "PrivacidadGrupos": {},
  "ComportamientoOr": false,
  "Condicion": "",
  "PriorizarOrdenResultados": false,
  "Inmutable": false,
  "AgrupacionID": "3a804273-e814-4adb-8168-d364c9d37909",
  "ListaFiltrosFacetas": [],
  "Modified": false
}