{
  "Name": "Fecha de inicio@es|||",
  "Type": 2,
  "Orden": 1300,
  "Deleted": false,
  "ClaveFaceta": "vivo:start",
  "Reciprocidad": "",
  "ClaveFacetaYReprocidad": null,
  "ObjetosConocimiento": [
    "project"
  ],
  "Presentacion": 0,
  "Disenyo": 0,
  "AlgoritmoTransformacion": 6,
  "Filtros": "",
  "ListFiltro": [],
  "NumElementosVisibles": 1000,
  "EsSemantica": true,
  "Autocompletar": false,
  "Comportamiento": 0,
  "Excluyente": false,
  "OcultaEnFacetas": false,
  "OcultaEnFiltros": false,
  "PrivacidadGrupos": {},
  "ComportamientoOr": false,
  "Condicion": "",
  "PriorizarOrdenResultados": false,
  "Inmutable": false,
  "AgrupacionID": "3ef8cd32-65a0-4ede-83d2-9a41e546ce4a",
  "ListaFiltrosFacetas": [],
  "Modified": false
}