{
  "Name": "Autor@es|||",
  "Type": 0,
  "Orden": 2000,
  "Deleted": false,
  "ClaveFaceta": "bibo:authorList@@@rdf:member@@@foaf:name",
  "Reciprocidad": "",
  "ClaveFacetaYReprocidad": null,
  "ObjetosConocimiento": [
    "document",
    "researchobject"
  ],
  "Presentacion": 0,
  "Disenyo": 1,
  "AlgoritmoTransformacion": 8,
  "Filtros": "",
  "ListFiltro": [],
  "NumElementosVisibles": 5,
  "EsSemantica": true,
  "Autocompletar": false,
  "Comportamiento": 0,
  "Excluyente": false,
  "OcultaEnFacetas": false,
  "OcultaEnFiltros": false,
  "PrivacidadGrupos": {},
  "ComportamientoOr": false,
  "Condicion": "",
  "PriorizarOrdenResultados": false,
  "Inmutable": false,
  "AgrupacionID": "4295c76e-161e-4d63-beff-8d1195bb507b",
  "ListaFiltrosFacetas": [],
  "Modified": false
}