{
  "Name": "Tipo de proyecto@es|||",
  "Type": 0,
  "Orden": 1100,
  "Deleted": false,
  "ClaveFaceta": "roh:project@@@roh:projectType@@@dc:title",
  "Reciprocidad": "",
  "ClaveFacetaYReprocidad": null,
  "ObjetosConocimiento": [
    "offer"
  ],
  "Presentacion": 0,
  "Disenyo": 1,
  "AlgoritmoTransformacion": 17,
  "Filtros": "",
  "ListFiltro": [],
  "NumElementosVisibles": 5,
  "EsSemantica": true,
  "Autocompletar": false,
  "Comportamiento": 0,
  "Excluyente": false,
  "OcultaEnFacetas": false,
  "OcultaEnFiltros": false,
  "PrivacidadGrupos": {},
  "ComportamientoOr": false,
  "Condicion": "",
  "PriorizarOrdenResultados": false,
  "Inmutable": false,
  "AgrupacionID": "460aa37c-018c-4227-813c-8e84c3c309ef",
  "ListaFiltrosFacetas": [],
  "Modified": false
}