{
  "Name": "Ámbito de proyecto@es|||",
  "Type": 0,
  "Orden": 1000,
  "Deleted": false,
  "ClaveFaceta": "roh:project@@@vivo:geographicFocus@@@dc:title",
  "Reciprocidad": "",
  "ClaveFacetaYReprocidad": null,
  "ObjetosConocimiento": [
    "offer"
  ],
  "Presentacion": 0,
  "Disenyo": 1,
  "AlgoritmoTransformacion": 17,
  "Filtros": "",
  "ListFiltro": [],
  "NumElementosVisibles": 5,
  "EsSemantica": true,
  "Autocompletar": false,
  "Comportamiento": 0,
  "Excluyente": false,
  "OcultaEnFacetas": false,
  "OcultaEnFiltros": false,
  "PrivacidadGrupos": {},
  "ComportamientoOr": false,
  "Condicion": "",
  "PriorizarOrdenResultados": false,
  "Inmutable": false,
  "AgrupacionID": "566e3e9b-e430-4c30-acc8-00ec2d4473f9",
  "ListaFiltrosFacetas": [],
  "Modified": false
}