{
  "Name": "Etiquetas@es|||",
  "Type": 0,
  "Orden": 1700,
  "Deleted": false,
  "ClaveFaceta": "vivo:freeTextKeyword@@@roh:title",
  "Reciprocidad": "",
  "ClaveFacetaYReprocidad": null,
  "ObjetosConocimiento": [
    "document"
  ],
  "Presentacion": 0,
  "Disenyo": 1,
  "AlgoritmoTransformacion": 8,
  "Filtros": "",
  "ListFiltro": [],
  "NumElementosVisibles": 5,
  "EsSemantica": true,
  "Autocompletar": false,
  "Comportamiento": 0,
  "Excluyente": false,
  "OcultaEnFacetas": false,
  "OcultaEnFiltros": false,
  "PrivacidadGrupos": {},
  "ComportamientoOr": false,
  "Condicion": "",
  "PriorizarOrdenResultados": false,
  "Inmutable": false,
  "AgrupacionID": "57a0b892-492e-47e7-b129-23ee9f4a7b6c",
  "ListaFiltrosFacetas": [],
  "Modified": false
}