{
  "Name": "Entidad de realización@es|||",
  "Type": 0,
  "Orden": 3600,
  "Deleted": false,
  "ClaveFaceta": "roh:conductedBy@@@roh:title",
  "Reciprocidad": "",
  "ClaveFacetaYReprocidad": null,
  "ObjetosConocimiento": [
    "project"
  ],
  "Presentacion": 1,
  "Disenyo": 1,
  "AlgoritmoTransformacion": 8,
  "Filtros": "",
  "ListFiltro": [],
  "NumElementosVisibles": 5,
  "EsSemantica": true,
  "Autocompletar": false,
  "Comportamiento": 0,
  "Excluyente": false,
  "OcultaEnFacetas": false,
  "OcultaEnFiltros": false,
  "PrivacidadGrupos": {},
  "ComportamientoOr": false,
  "Condicion": "",
  "PriorizarOrdenResultados": false,
  "Inmutable": false,
  "AgrupacionID": "57ca4e3d-180c-4c7f-9516-c855d25ab5ad",
  "ListaFiltrosFacetas": [],
  "Modified": false
}