{
  "Name": "Revistas@es|||",
  "Type": 0,
  "Orden": 2100,
  "Deleted": false,
  "ClaveFaceta": "roh:hasPublicationVenueJournalText",
  "Reciprocidad": "",
  "ClaveFacetaYReprocidad": null,
  "ObjetosConocimiento": [
    "researchobject",
    "document"
  ],
  "Presentacion": 0,
  "Disenyo": 1,
  "AlgoritmoTransformacion": 8,
  "Filtros": "",
  "ListFiltro": [],
  "NumElementosVisibles": 5,
  "EsSemantica": true,
  "Autocompletar": false,
  "Comportamiento": 0,
  "Excluyente": false,
  "OcultaEnFacetas": false,
  "OcultaEnFiltros": false,
  "PrivacidadGrupos": {},
  "ComportamientoOr": false,
  "Condicion": "",
  "PriorizarOrdenResultados": false,
  "Inmutable": false,
  "AgrupacionID": "5b918db6-9bf1-4351-b5d6-a8ea88f36132",
  "ListaFiltrosFacetas": [],
  "Modified": false
}