{
  "Name": "Rol@es|||",
  "Type": 0,
  "Orden": 2200,
  "Deleted": false,
  "ClaveFaceta": "roh:participationType@@@dc:title",
  "Reciprocidad": "roh:roleOf",
  "ClaveFacetaYReprocidad": "roh:roleOf@@@roh:participationType@@@dc:title",
  "ObjetosConocimiento": [
    "person"
  ],
  "Presentacion": 0,
  "Disenyo": 1,
  "AlgoritmoTransformacion": 17,
  "Filtros": "",
  "ListFiltro": [],
  "NumElementosVisibles": 5,
  "EsSemantica": true,
  "Autocompletar": false,
  "Comportamiento": 0,
  "Excluyente": false,
  "OcultaEnFacetas": false,
  "OcultaEnFiltros": false,
  "PrivacidadGrupos": {},
  "ComportamientoOr": false,
  "Condicion": "",
  "PriorizarOrdenResultados": false,
  "Inmutable": false,
  "AgrupacionID": "5d17cd11-4769-4671-ab7c-bd94795128ff",
  "ListaFiltrosFacetas": [],
  "Modified": false
}