{
  "Name": "Fecha de publicación@es|||",
  "Type": 2,
  "Orden": 800,
  "Deleted": false,
  "ClaveFaceta": "dct:issued",
  "Reciprocidad": "",
  "ClaveFacetaYReprocidad": null,
  "ObjetosConocimiento": [
    "document",
    "offer",
    "researchobject"
  ],
  "Presentacion": 0,
  "Disenyo": 0,
  "AlgoritmoTransformacion": 6,
  "Filtros": "",
  "ListFiltro": [],
  "NumElementosVisibles": 1000,
  "EsSemantica": true,
  "Autocompletar": false,
  "Comportamiento": 0,
  "Excluyente": false,
  "OcultaEnFacetas": false,
  "OcultaEnFiltros": false,
  "PrivacidadGrupos": {},
  "ComportamientoOr": false,
  "Condicion": "",
  "PriorizarOrdenResultados": false,
  "Inmutable": false,
  "AgrupacionID": "6c55cd18-b215-49b7-a6d3-4bc68b1b747d",
  "ListaFiltrosFacetas": [],
  "Modified": false
}