{
  "Name": "Áreas de procedencia@es|||",
  "Type": 3,
  "Orden": 400,
  "Deleted": false,
  "ClaveFaceta": "roh:areaprocedencia@@@roh:categoryNode",
  "Reciprocidad": "",
  "ClaveFacetaYReprocidad": null,
  "ObjetosConocimiento": [
    "offer"
  ],
  "Presentacion": 0,
  "Disenyo": 1,
  "AlgoritmoTransformacion": 16,
  "Filtros": " 1-26;;Área de Procedencia,",
  "ListFiltro": [
    " 1-26;;Área de Procedencia"
  ],
  "NumElementosVisibles": 5,
  "EsSemantica": true,
  "Autocompletar": false,
  "Comportamiento": 0,
  "Excluyente": false,
  "OcultaEnFacetas": false,
  "OcultaEnFiltros": false,
  "PrivacidadGrupos": {},
  "ComportamientoOr": false,
  "Condicion": "",
  "PriorizarOrdenResultados": false,
  "Inmutable": false,
  "AgrupacionID": "71f79f8a-4150-4890-88a6-758c24a39fad",
  "ListaFiltrosFacetas": [
    {
      "Key": null,
      "Orden": 0,
      "Deleted": false,
      "Nombre": " 1-26;;Área de Procedencia",
      "Condicion": null
    }
  ],
  "Modified": false
}