{
  "Name": "Estado de madurez@es|||",
  "Type": 0,
  "Orden": 500,
  "Deleted": false,
  "ClaveFaceta": "bibo:status@@@dc:title",
  "Reciprocidad": "",
  "ClaveFacetaYReprocidad": null,
  "ObjetosConocimiento": [
    "offer"
  ],
  "Presentacion": 0,
  "Disenyo": 1,
  "AlgoritmoTransformacion": 8,
  "Filtros": "",
  "ListFiltro": [],
  "NumElementosVisibles": 5,
  "EsSemantica": true,
  "Autocompletar": false,
  "Comportamiento": 0,
  "Excluyente": false,
  "OcultaEnFacetas": false,
  "OcultaEnFiltros": false,
  "PrivacidadGrupos": {},
  "ComportamientoOr": false,
  "Condicion": "",
  "PriorizarOrdenResultados": false,
  "Inmutable": false,
  "AgrupacionID": "7239dd9c-fc90-4d3a-a8a9-5ecd7c37d0e9",
  "ListaFiltrosFacetas": [],
  "Modified": false
}