{
  "Name": "IP histórico grupo@es|||",
  "Type": 0,
  "Orden": 3400,
  "Deleted": false,
  "ClaveFaceta": "roh:isIPGroupHistorically",
  "Reciprocidad": "",
  "ClaveFacetaYReprocidad": null,
  "ObjetosConocimiento": [
    "person"
  ],
  "Presentacion": 0,
  "Disenyo": 1,
  "AlgoritmoTransformacion": 21,
  "Filtros": "",
  "ListFiltro": [],
  "NumElementosVisibles": 5,
  "EsSemantica": true,
  "Autocompletar": false,
  "Comportamiento": 0,
  "Excluyente": false,
  "OcultaEnFacetas": false,
  "OcultaEnFiltros": false,
  "PrivacidadGrupos": {},
  "ComportamientoOr": false,
  "Condicion": "",
  "PriorizarOrdenResultados": false,
  "Inmutable": false,
  "AgrupacionID": "79b0bbe9-d1d8-4d68-a2a8-3e39e6bef5c5",
  "ListaFiltrosFacetas": [],
  "Modified": false
}