{
  "Name": "Actividad científica@es|||",
  "Type": 0,
  "Orden": 1800,
  "Deleted": false,
  "ClaveFaceta": "roh:scientificActivityDocument@@@dc:title",
  "Reciprocidad": "",
  "ClaveFacetaYReprocidad": null,
  "ObjetosConocimiento": [
    "document",
    "researchobject"
  ],
  "Presentacion": 0,
  "Disenyo": 1,
  "AlgoritmoTransformacion": 17,
  "Filtros": "",
  "ListFiltro": [],
  "NumElementosVisibles": 5,
  "EsSemantica": true,
  "Autocompletar": false,
  "Comportamiento": 0,
  "Excluyente": false,
  "OcultaEnFacetas": false,
  "OcultaEnFiltros": false,
  "PrivacidadGrupos": {},
  "ComportamientoOr": false,
  "Condicion": "",
  "PriorizarOrdenResultados": false,
  "Inmutable": false,
  "AgrupacionID": "7eb29f79-736a-4156-89f7-5287b2e8a9b5",
  "ListaFiltrosFacetas": [],
  "Modified": false
}