{
  "Name": "Descriptores específicos@es|||",
  "Type": 0,
  "Orden": 900,
  "Deleted": false,
  "ClaveFaceta": "vivo:freetextKeyword",
  "Reciprocidad": "",
  "ClaveFacetaYReprocidad": null,
  "ObjetosConocimiento": [
    "patent",
    "offer"
  ],
  "Presentacion": 0,
  "Disenyo": 1,
  "AlgoritmoTransformacion": 8,
  "Filtros": "",
  "ListFiltro": [],
  "NumElementosVisibles": 5,
  "EsSemantica": true,
  "Autocompletar": false,
  "Comportamiento": 0,
  "Excluyente": false,
  "OcultaEnFacetas": false,
  "OcultaEnFiltros": false,
  "PrivacidadGrupos": {},
  "ComportamientoOr": false,
  "Condicion": "",
  "PriorizarOrdenResultados": false,
  "Inmutable": false,
  "AgrupacionID": "85cc376f-06ab-45aa-877c-20a37fe45306",
  "ListaFiltrosFacetas": [],
  "Modified": false
}