{
  "Name": "Fecha de fin@es|||",
  "Type": 2,
  "Orden": 3900,
  "Deleted": false,
  "ClaveFaceta": "vivo:end",
  "Reciprocidad": "",
  "ClaveFacetaYReprocidad": null,
  "ObjetosConocimiento": [
    "project"
  ],
  "Presentacion": 0,
  "Disenyo": 0,
  "AlgoritmoTransformacion": 6,
  "Filtros": "",
  "ListFiltro": [],
  "NumElementosVisibles": 1000,
  "EsSemantica": true,
  "Autocompletar": false,
  "Comportamiento": 0,
  "Excluyente": false,
  "OcultaEnFacetas": false,
  "OcultaEnFiltros": false,
  "PrivacidadGrupos": {},
  "ComportamientoOr": false,
  "Condicion": "",
  "PriorizarOrdenResultados": false,
  "Inmutable": false,
  "AgrupacionID": "8ad947a6-f465-4781-ad68-12720d945bc5",
  "ListaFiltrosFacetas": [],
  "Modified": false
}