{
  "Name": "Áreas temáticas@es|||",
  "Type": 3,
  "Orden": 2300,
  "Deleted": false,
  "ClaveFaceta": "roh:hasKnowledgeArea@@@roh:categoryNode",
  "Reciprocidad": "",
  "ClaveFacetaYReprocidad": null,
  "ObjetosConocimiento": [
    "group"
  ],
  "Presentacion": 0,
  "Disenyo": 1,
  "AlgoritmoTransformacion": 16,
  "Filtros": "1-5;;Áreas temáticas,",
  "ListFiltro": [
    "1-5;;Áreas temáticas"
  ],
  "NumElementosVisibles": 5,
  "EsSemantica": true,
  "Autocompletar": false,
  "Comportamiento": 0,
  "Excluyente": false,
  "OcultaEnFacetas": false,
  "OcultaEnFiltros": false,
  "PrivacidadGrupos": {},
  "ComportamientoOr": false,
  "Condicion": "",
  "PriorizarOrdenResultados": false,
  "Inmutable": false,
  "AgrupacionID": "90e13a93-959e-4f71-9f42-4cf7fa90f197",
  "ListaFiltrosFacetas": [
    {
      "Key": null,
      "Orden": 0,
      "Deleted": false,
      "Nombre": "1-5;;Áreas temáticas",
      "Condicion": null
    }
  ],
  "Modified": false
}