{
  "Name": "Participantes@es|||",
  "Type": 0,
  "Orden": 4000,
  "Deleted": false,
  "ClaveFaceta": "vivo:relates@@@roh:roleOf@@@foaf:name",
  "Reciprocidad": "",
  "ClaveFacetaYReprocidad": null,
  "ObjetosConocimiento": [
    "project"
  ],
  "Presentacion": 0,
  "Disenyo": 1,
  "AlgoritmoTransformacion": 8,
  "Filtros": "",
  "ListFiltro": [],
  "NumElementosVisibles": 5,
  "EsSemantica": true,
  "Autocompletar": false,
  "Comportamiento": 0,
  "Excluyente": false,
  "OcultaEnFacetas": false,
  "OcultaEnFiltros": false,
  "PrivacidadGrupos": {},
  "ComportamientoOr": false,
  "Condicion": "",
  "PriorizarOrdenResultados": false,
  "Inmutable": false,
  "AgrupacionID": "972b9cd9-8511-4301-9166-157c2551a578",
  "ListaFiltrosFacetas": [],
  "Modified": false
}