{
  "Name": "Grupos de investigación@es|||",
  "Type": 0,
  "Orden": 3000,
  "Deleted": false,
  "ClaveFaceta": "roh:title",
  "Reciprocidad": "roh:membersGroup",
  "ClaveFacetaYReprocidad": "roh:membersGroup@@@roh:title",
  "ObjetosConocimiento": [
    "person"
  ],
  "Presentacion": 0,
  "Disenyo": 1,
  "AlgoritmoTransformacion": 8,
  "Filtros": "",
  "ListFiltro": [],
  "NumElementosVisibles": 5,
  "EsSemantica": true,
  "Autocompletar": false,
  "Comportamiento": 0,
  "Excluyente": false,
  "OcultaEnFacetas": false,
  "OcultaEnFiltros": false,
  "PrivacidadGrupos": {},
  "ComportamientoOr": false,
  "Condicion": "",
  "PriorizarOrdenResultados": false,
  "Inmutable": false,
  "AgrupacionID": "abb17def-33a4-4769-bfd4-926e75588eb6",
  "ListaFiltrosFacetas": [],
  "Modified": false
}