{
  "Name": "Áreas temáticas de las publicaciones@es|||",
  "Type": 3,
  "Orden": 1200,
  "Deleted": false,
  "ClaveFaceta": "roh:document@@@roh:hasKnowledgeArea@@@roh:categoryNode",
  "Reciprocidad": "",
  "ClaveFacetaYReprocidad": null,
  "ObjetosConocimiento": [
    "offer"
  ],
  "Presentacion": 0,
  "Disenyo": 1,
  "AlgoritmoTransformacion": 16,
  "Filtros": " 1-5;;Áreas temáticas de las publicaciones,",
  "ListFiltro": [
    " 1-5;;Áreas temáticas de las publicaciones"
  ],
  "NumElementosVisibles": 5,
  "EsSemantica": true,
  "Autocompletar": false,
  "Comportamiento": 0,
  "Excluyente": false,
  "OcultaEnFacetas": false,
  "OcultaEnFiltros": false,
  "PrivacidadGrupos": {},
  "ComportamientoOr": false,
  "Condicion": "",
  "PriorizarOrdenResultados": false,
  "Inmutable": false,
  "AgrupacionID": "ae7259f0-04b0-44fd-8deb-a54406053710",
  "ListaFiltrosFacetas": [
    {
      "Key": null,
      "Orden": 0,
      "Deleted": false,
      "Nombre": " 1-5;;Áreas temáticas de las publicaciones",
      "Condicion": null
    }
  ],
  "Modified": false
}