{
  "Name": "Programa de financiación@es|||",
  "Type": 0,
  "Orden": 3800,
  "Deleted": false,
  "ClaveFaceta": "roh:isSupportedBy@@@roh:fundedBy@@@roh:title",
  "Reciprocidad": "",
  "ClaveFacetaYReprocidad": null,
  "ObjetosConocimiento": [
    "project"
  ],
  "Presentacion": 0,
  "Disenyo": 1,
  "AlgoritmoTransformacion": 8,
  "Filtros": "",
  "ListFiltro": [],
  "NumElementosVisibles": 5,
  "EsSemantica": true,
  "Autocompletar": false,
  "Comportamiento": 0,
  "Excluyente": false,
  "OcultaEnFacetas": false,
  "OcultaEnFiltros": false,
  "PrivacidadGrupos": {},
  "ComportamientoOr": false,
  "Condicion": "",
  "PriorizarOrdenResultados": false,
  "Inmutable": false,
  "AgrupacionID": "aefdccf2-5d07-45ee-9377-db9bda8834c0",
  "ListaFiltrosFacetas": [],
  "Modified": false
}