{
  "Name": "Estado de la oferta@es|||",
  "Type": 0,
  "Orden": 0,
  "Deleted": false,
  "ClaveFaceta": "schema:availability@@@dc:title",
  "Reciprocidad": "",
  "ClaveFacetaYReprocidad": null,
  "ObjetosConocimiento": [
    "offer"
  ],
  "Presentacion": 0,
  "Disenyo": 1,
  "AlgoritmoTransformacion": 17,
  "Filtros": "",
  "ListFiltro": [],
  "NumElementosVisibles": 6,
  "EsSemantica": true,
  "Autocompletar": false,
  "Comportamiento": 0,
  "Excluyente": false,
  "OcultaEnFacetas": false,
  "OcultaEnFiltros": false,
  "PrivacidadGrupos": {},
  "ComportamientoOr": false,
  "Condicion": "",
  "PriorizarOrdenResultados": false,
  "Inmutable": false,
  "AgrupacionID": "b1fb3476-76e4-4e57-a2a0-028a86194f86",
  "ListaFiltrosFacetas": [],
  "Modified": false
}