{
  "Name": "Sectores de aplicación@es|||",
  "Type": 3,
  "Orden": 200,
  "Deleted": false,
  "ClaveFaceta": "roh:sectoraplicacion@@@roh:categoryNode",
  "Reciprocidad": "",
  "ClaveFacetaYReprocidad": null,
  "ObjetosConocimiento": [
    "offer"
  ],
  "Presentacion": 0,
  "Disenyo": 1,
  "AlgoritmoTransformacion": 16,
  "Filtros": "1-6;;Sectores de aplicación,",
  "ListFiltro": [
    "1-6;;Sectores de aplicación"
  ],
  "NumElementosVisibles": 5,
  "EsSemantica": true,
  "Autocompletar": false,
  "Comportamiento": 0,
  "Excluyente": false,
  "OcultaEnFacetas": false,
  "OcultaEnFiltros": false,
  "PrivacidadGrupos": {},
  "ComportamientoOr": false,
  "Condicion": "",
  "PriorizarOrdenResultados": false,
  "Inmutable": false,
  "AgrupacionID": "b4754c3d-4b5c-4ee1-857a-17a2c088be50",
  "ListaFiltrosFacetas": [
    {
      "Key": null,
      "Orden": 0,
      "Deleted": false,
      "Nombre": "1-6;;Sectores de aplicación",
      "Condicion": null
    }
  ],
  "Modified": false
}