{
  "Name": "IP histórico proyecto@es|||",
  "Type": 0,
  "Orden": 3500,
  "Deleted": false,
  "ClaveFaceta": "roh:isIPProjectHistorically",
  "Reciprocidad": "",
  "ClaveFacetaYReprocidad": null,
  "ObjetosConocimiento": [
    "person"
  ],
  "Presentacion": 0,
  "Disenyo": 1,
  "AlgoritmoTransformacion": 21,
  "Filtros": "",
  "ListFiltro": [],
  "NumElementosVisibles": 5,
  "EsSemantica": true,
  "Autocompletar": false,
  "Comportamiento": 0,
  "Excluyente": false,
  "OcultaEnFacetas": false,
  "OcultaEnFiltros": false,
  "PrivacidadGrupos": {},
  "ComportamientoOr": false,
  "Condicion": "",
  "PriorizarOrdenResultados": false,
  "Inmutable": false,
  "AgrupacionID": "bab43af0-3826-4f39-a36a-57651bec5abd",
  "ListaFiltrosFacetas": [],
  "Modified": false
}