{
  "Name": "Grupos de investigación@es|||",
  "Type": 0,
  "Orden": 600,
  "Deleted": false,
  "ClaveFaceta": "roh:groups@@@roh:title",
  "Reciprocidad": "",
  "ClaveFacetaYReprocidad": null,
  "ObjetosConocimiento": [
    "offer"
  ],
  "Presentacion": 3,
  "Disenyo": 1,
  "AlgoritmoTransformacion": 8,
  "Filtros": "",
  "ListFiltro": [],
  "NumElementosVisibles": 5,
  "EsSemantica": true,
  "Autocompletar": false,
  "Comportamiento": 0,
  "Excluyente": false,
  "OcultaEnFacetas": false,
  "OcultaEnFiltros": false,
  "PrivacidadGrupos": {},
  "ComportamientoOr": false,
  "Condicion": "",
  "PriorizarOrdenResultados": false,
  "Inmutable": false,
  "AgrupacionID": "e04e7aee-cc8c-4801-959b-5917671d8c9b",
  "ListaFiltrosFacetas": [],
  "Modified": false
}