{
  "Name": "Tipo de proyecto@es|||",
  "Type": 0,
  "Orden": 1500,
  "Deleted": false,
  "ClaveFaceta": "roh:scientificExperienceProject@@@dc:title",
  "Reciprocidad": "",
  "ClaveFacetaYReprocidad": null,
  "ObjetosConocimiento": [
    "project"
  ],
  "Presentacion": 0,
  "Disenyo": 1,
  "AlgoritmoTransformacion": 17,
  "Filtros": "",
  "ListFiltro": [],
  "NumElementosVisibles": 5,
  "EsSemantica": true,
  "Autocompletar": false,
  "Comportamiento": 0,
  "Excluyente": false,
  "OcultaEnFacetas": false,
  "OcultaEnFiltros": false,
  "PrivacidadGrupos": {},
  "ComportamientoOr": false,
  "Condicion": "",
  "PriorizarOrdenResultados": false,
  "Inmutable": false,
  "AgrupacionID": "e61181e3-37b6-4967-bad7-c880ece72b6d",
  "ListaFiltrosFacetas": [],
  "Modified": false
}