{
  "Name": "Etiquetas@es|||",
  "Type": 0,
  "Orden": 4800,
  "Deleted": false,
  "ClaveFaceta": "vivo:freeTextKeyword",
  "Reciprocidad": "",
  "ClaveFacetaYReprocidad": null,
  "ObjetosConocimiento": [
    "researchobject"
  ],
  "Presentacion": 0,
  "Disenyo": 1,
  "AlgoritmoTransformacion": 8,
  "Filtros": "",
  "ListFiltro": [],
  "NumElementosVisibles": 5,
  "EsSemantica": true,
  "Autocompletar": false,
  "Comportamiento": 0,
  "Excluyente": false,
  "OcultaEnFacetas": false,
  "OcultaEnFiltros": false,
  "PrivacidadGrupos": {},
  "ComportamientoOr": false,
  "Condicion": "",
  "PriorizarOrdenResultados": false,
  "Inmutable": false,
  "AgrupacionID": "e673d30b-fd92-4b2a-bb38-1cd5228e82d7",
  "ListaFiltrosFacetas": [],
  "Modified": false
}