{
  "Name": "Número de miembros@es|||",
  "Type": 1,
  "Orden": 2500,
  "Deleted": false,
  "ClaveFaceta": "roh:researchersNumber",
  "Reciprocidad": "",
  "ClaveFacetaYReprocidad": null,
  "ObjetosConocimiento": [
    "group"
  ],
  "Presentacion": 0,
  "Disenyo": 1,
  "AlgoritmoTransformacion": 9,
  "Filtros": "",
  "ListFiltro": [],
  "NumElementosVisibles": 5,
  "EsSemantica": true,
  "Autocompletar": false,
  "Comportamiento": 0,
  "Excluyente": false,
  "OcultaEnFacetas": false,
  "OcultaEnFiltros": false,
  "PrivacidadGrupos": {},
  "ComportamientoOr": false,
  "Condicion": "",
  "PriorizarOrdenResultados": false,
  "Inmutable": false,
  "AgrupacionID": "e73c8643-331a-4fdb-aaee-43e0973e1134",
  "ListaFiltrosFacetas": [],
  "Modified": false
}