{
  "Name": "Departamentos@es|||",
  "Type": 0,
  "Orden": 2800,
  "Deleted": false,
  "ClaveFaceta": "vivo:departmentOrSchool@@@dc:title",
  "Reciprocidad": "",
  "ClaveFacetaYReprocidad": null,
  "ObjetosConocimiento": [
    "person"
  ],
  "Presentacion": 0,
  "Disenyo": 1,
  "AlgoritmoTransformacion": 17,
  "Filtros": "",
  "ListFiltro": [],
  "NumElementosVisibles": 5,
  "EsSemantica": true,
  "Autocompletar": false,
  "Comportamiento": 0,
  "Excluyente": false,
  "OcultaEnFacetas": false,
  "OcultaEnFiltros": false,
  "PrivacidadGrupos": {},
  "ComportamientoOr": false,
  "Condicion": "",
  "PriorizarOrdenResultados": false,
  "Inmutable": false,
  "AgrupacionID": "f0d2b084-8ad0-4eba-b767-7db1f2e6be7f",
  "ListaFiltrosFacetas": [],
  "Modified": false
}