{
  "Name": "Entidad financiadora@es|||",
  "Type": 0,
  "Orden": 3700,
  "Deleted": false,
  "ClaveFaceta": "roh:grantedBy@@@roh:title",
  "Reciprocidad": "",
  "ClaveFacetaYReprocidad": null,
  "ObjetosConocimiento": [
    "project"
  ],
  "Presentacion": 0,
  "Disenyo": 1,
  "AlgoritmoTransformacion": 8,
  "Filtros": "",
  "ListFiltro": [],
  "NumElementosVisibles": 5,
  "EsSemantica": true,
  "Autocompletar": false,
  "Comportamiento": 0,
  "Excluyente": false,
  "OcultaEnFacetas": false,
  "OcultaEnFiltros": false,
  "PrivacidadGrupos": {},
  "ComportamientoOr": false,
  "Condicion": "",
  "PriorizarOrdenResultados": false,
  "Inmutable": false,
  "AgrupacionID": "fe1c3814-cc0f-4a3f-86b8-20be5bd65842",
  "ListaFiltrosFacetas": [],
  "Modified": false
}