{
  "Name": "Número de proyectos@es|||",
  "Type": 1,
  "Orden": 2600,
  "Deleted": false,
  "ClaveFaceta": "roh:projectsNumber",
  "Reciprocidad": "",
  "ClaveFacetaYReprocidad": null,
  "ObjetosConocimiento": [
    "group"
  ],
  "Presentacion": 0,
  "Disenyo": 3,
  "AlgoritmoTransformacion": 9,
  "Filtros": "",
  "ListFiltro": [],
  "NumElementosVisibles": 5,
  "EsSemantica": true,
  "Autocompletar": false,
  "Comportamiento": 0,
  "Excluyente": false,
  "OcultaEnFacetas": false,
  "OcultaEnFiltros": false,
  "PrivacidadGrupos": {},
  "ComportamientoOr": false,
  "Condicion": "",
  "PriorizarOrdenResultados": false,
  "Inmutable": false,
  "AgrupacionID": "ff565e28-cc37-4eab-9ef3-87c41b75d0c5",
  "ListaFiltrosFacetas": [],
  "Modified": false
}