<config>
    <ConfiguracionGeneral>
        <namespace>doctoralprogramtype</namespace>
        <idiomasOnto>
            <idiomaOnto>es</idiomaOnto>
        </idiomasOnto>
        <TituloDoc EntidadID="http://w3id.org/roh/DoctoralProgramType">http://purl.org/dc/elements/1.1/title</TituloDoc>
		<MultiIdioma></MultiIdioma>
        <HtmlNuevo>true</HtmlNuevo>
    </ConfiguracionGeneral>
    <EspefPropiedad>
        <Propiedad  ID="http://purl.org/dc/elements/1.1/title" EntidadID="http://w3id.org/roh/DoctoralProgramType">
        </Propiedad>
        <Propiedad  ID="http://purl.org/dc/elements/1.1/identifier" EntidadID="http://w3id.org/roh/DoctoralProgramType">
			<MultiIdioma>false</MultiIdioma>
        </Propiedad>
    </EspefPropiedad>
    <EspefEntidad>
    </EspefEntidad>
</config>
