<config>
    <ConfiguracionGeneral>
        <namespace>position</namespace>
        <idiomasOnto>
            <idiomaOnto>es</idiomaOnto>
        </idiomasOnto>
        <ocultarTituloDescpImgDoc></ocultarTituloDescpImgDoc>
        <TituloDoc EntidadID="http://vivoweb.org/ontology/core#Position">http://w3id.org/roh/employerOrganizationTitle</TituloDoc>
        <DescripcionDoc EntidadID="http://vivoweb.org/ontology/core#Position">http://w3id.org/roh/employerOrganizationTitle</DescripcionDoc>
        <HtmlNuevo>true</HtmlNuevo>
		<CategorizacionTesauroGnossObligatoria>false</CategorizacionTesauroGnossObligatoria>
    </ConfiguracionGeneral>
    <EspefPropiedad>
		<Propiedad  ID="http://w3id.org/roh/employerOrganization" EntidadID="http://vivoweb.org/ontology/core#Position">
            <AtrNombre>employerOrganization</AtrNombre>
            <AtrNombreLectura>employerOrganization</AtrNombreLectura>
			<SeleccionEntidad>
                <TipoSeleccion>Autocompletar</TipoSeleccion>
                <Grafo>organization.owl</Grafo>
                <UrlTipoEntSolicitada>http://xmlns.com/foaf/0.1/Organization</UrlTipoEntSolicitada>              
                <PropsEntEdicion>
                    <NameProp>http://w3id.org/roh/title</NameProp>
                </PropsEntEdicion>
                <PropsEntLectura>
                    <Propiedad ID="http://w3id.org/roh/title" EntidadID="http://xmlns.com/foaf/0.1/Organization">
                        <AtrNombreLectura></AtrNombreLectura>
                    </Propiedad>
                </PropsEntLectura>
            </SeleccionEntidad>
        </Propiedad>
		<Propiedad  ID="http://w3id.org/roh/employerOrganizationType" EntidadID="http://vivoweb.org/ontology/core#Position">
            <AtrNombre>http://w3id.org/roh/employerOrganizationType</AtrNombre>
            <AtrNombreLectura>http://w3id.org/roh/employerOrganizationType</AtrNombreLectura>
			<SeleccionEntidad>
                <TipoSeleccion>Autocompletar</TipoSeleccion>
                <Grafo>organizationtype.owl</Grafo>
                <UrlTipoEntSolicitada>http://w3id.org/roh/OrganizationType</UrlTipoEntSolicitada>              
                <PropsEntEdicion>
                    <NameProp>http://purl.org/dc/elements/1.1/title</NameProp>
                </PropsEntEdicion>
                <PropsEntLectura>
                    <Propiedad ID="http://purl.org/dc/elements/1.1/title" EntidadID="http://w3id.org/roh/OrganizationType">
                        <AtrNombreLectura></AtrNombreLectura>
                    </Propiedad>
                </PropsEntLectura>
            </SeleccionEntidad>
        </Propiedad>
		<Propiedad  ID="http://w3id.org/roh/contractModality" EntidadID="http://vivoweb.org/ontology/core#Position">
            <AtrNombre>http://w3id.org/roh/contractModality</AtrNombre>
            <AtrNombreLectura>http://w3id.org/roh/contractModality</AtrNombreLectura>
			<SeleccionEntidad>
                <TipoSeleccion>Autocompletar</TipoSeleccion>
                <Grafo>contractmodality.owl</Grafo>
                <UrlTipoEntSolicitada>http://w3id.org/roh/ContractModality</UrlTipoEntSolicitada>              
                <PropsEntEdicion>
                    <NameProp>http://purl.org/dc/elements/1.1/title</NameProp>
                </PropsEntEdicion>
                <PropsEntLectura>
                    <Propiedad ID="http://purl.org/dc/elements/1.1/title" EntidadID="http://w3id.org/roh/ContractModality">
                        <AtrNombreLectura></AtrNombreLectura>
                    </Propiedad>
                </PropsEntLectura>
            </SeleccionEntidad>
        </Propiedad>
		<Propiedad  ID="http://w3id.org/roh/categoryNode" EntidadID="http://w3id.org/roh/CategoryPath">
            <AtrNombre>Nodo de categoría</AtrNombre>
            <AtrNombreLectura>Nodo de categoría</AtrNombreLectura>
			<SeleccionEntidad>
				<TipoSeleccion>Tesauro</TipoSeleccion>
				<Grafo>taxonomy.owl</Grafo>				
				<UrlPropiedad>um</UrlPropiedad>                
			</SeleccionEntidad>
        </Propiedad>
		<Propiedad  ID="http://w3id.org/roh/dedication" EntidadID="http://vivoweb.org/ontology/core#Position">
            <AtrNombre>http://w3id.org/roh/dedicationRegime</AtrNombre>
            <AtrNombreLectura>http://w3id.org/roh/dedicationRegime</AtrNombreLectura>
			<SeleccionEntidad>
                <TipoSeleccion>Autocompletar</TipoSeleccion>
                <Grafo>dedicationregime.owl</Grafo>
                <UrlTipoEntSolicitada>http://w3id.org/roh/DedicationRegime</UrlTipoEntSolicitada>              
                <PropsEntEdicion>
                    <NameProp>http://purl.org/dc/elements/1.1/title</NameProp>
                </PropsEntEdicion>
                <PropsEntLectura>
                    <Propiedad ID="http://purl.org/dc/elements/1.1/title" EntidadID="http://w3id.org/roh/DedicationRegime">
                        <AtrNombreLectura></AtrNombreLectura>
                    </Propiedad>
                </PropsEntLectura>
            </SeleccionEntidad>
        </Propiedad>
		<Propiedad  ID="http://w3id.org/roh/scopeManagementActivity" EntidadID="http://vivoweb.org/ontology/core#Position">
            <AtrNombre>http://w3id.org/roh/scopeManagementActivity</AtrNombre>
            <AtrNombreLectura>http://w3id.org/roh/scopeManagementActivity</AtrNombreLectura>
			<SeleccionEntidad>
                <TipoSeleccion>Autocompletar</TipoSeleccion>
                <Grafo>scopemanagementactivity.owl</Grafo>
                <UrlTipoEntSolicitada>http://w3id.org/roh/ScopeManagementActivity</UrlTipoEntSolicitada>              
                <PropsEntEdicion>
                    <NameProp>http://purl.org/dc/elements/1.1/title</NameProp>
                </PropsEntEdicion>
                <PropsEntLectura>
                    <Propiedad ID="http://purl.org/dc/elements/1.1/title" EntidadID="http://w3id.org/roh/ScopeManagementActivity">
                        <AtrNombreLectura></AtrNombreLectura>
                    </Propiedad>
                </PropsEntLectura>
            </SeleccionEntidad>
        </Propiedad>
		<Propiedad  ID="https://www.w3.org/2006/vcard/ns#hasRegion" EntidadID="http://vivoweb.org/ontology/core#Position">
            <AtrNombre>hasRegion</AtrNombre>
            <AtrNombreLectura>hasRegion</AtrNombreLectura>
			<SeleccionEntidad>
                <TipoSeleccion>Autocompletar</TipoSeleccion>
                <Grafo>feature.owl</Grafo>
                <UrlTipoEntSolicitada>http://www.geonames.org/ontology#Feature</UrlTipoEntSolicitada>              
                <PropsEntEdicion>
                    <NameProp>http://www.geonames.org/ontology#name</NameProp>
                </PropsEntEdicion>
                <PropsEntLectura>
                    <Propiedad ID="http://www.geonames.org/ontology#name" EntidadID="http://www.geonames.org/ontology#Feature">
                        <AtrNombreLectura></AtrNombreLectura>
                    </Propiedad>
                </PropsEntLectura>
			</SeleccionEntidad>
        </Propiedad>
		<Propiedad  ID="https://www.w3.org/2006/vcard/ns#hasCountryName" EntidadID="http://vivoweb.org/ontology/core#Position">
            <AtrNombre>hasCountryName</AtrNombre>
            <AtrNombreLectura>hasCountryName</AtrNombreLectura>
			<SeleccionEntidad>
                <TipoSeleccion>Autocompletar</TipoSeleccion>
                <Grafo>feature.owl</Grafo>
                <UrlTipoEntSolicitada>http://www.geonames.org/ontology#Feature</UrlTipoEntSolicitada>              
                <PropsEntEdicion>
                    <NameProp>http://www.geonames.org/ontology#name</NameProp>
                </PropsEntEdicion>
                <PropsEntLectura>
                    <Propiedad ID="http://www.geonames.org/ontology#name" EntidadID="http://www.geonames.org/ontology#Feature">
                        <AtrNombreLectura></AtrNombreLectura>
                    </Propiedad>
                </PropsEntLectura>
			</SeleccionEntidad>
        </Propiedad>
		<Propiedad  ID="http://w3id.org/roh/owner" EntidadID="http://vivoweb.org/ontology/core#Position">
			<SeleccionEntidad>
                <TipoSeleccion>Autocompletar</TipoSeleccion>
                <Grafo>person.owl</Grafo>
                <UrlTipoEntSolicitada>http://xmlns.com/foaf/0.1/Person</UrlTipoEntSolicitada>              
                <PropsEntEdicion>
                    <NameProp>http://w3id.org/roh/title</NameProp>
                </PropsEntEdicion>
                <PropsEntLectura>
                    <Propiedad ID="http://xmlns.com/foaf/0.1/name" EntidadID="http://xmlns.com/foaf/0.1/Person">
                        <AtrNombreLectura></AtrNombreLectura>
                    </Propiedad>
                </PropsEntLectura>
            </SeleccionEntidad>
        </Propiedad>
    </EspefPropiedad> 
	<EspefEntidad>
	</EspefEntidad>	
</config>
