<config>
    <ConfiguracionGeneral>
        <namespace>document</namespace>
        <idiomasOnto>
            <idiomaOnto>es</idiomaOnto>
        </idiomasOnto>
        <ocultarTituloDescpImgDoc></ocultarTituloDescpImgDoc>
        <TituloDoc EntidadID="http://purl.org/ontology/bibo/Document">http://w3id.org/roh/title</TituloDoc>
        <DescripcionDoc EntidadID="http://purl.org/ontology/bibo/Document">http://w3id.org/roh/title</DescripcionDoc>
        <HtmlNuevo>true</HtmlNuevo>
		<CategorizacionTesauroGnossObligatoria>false</CategorizacionTesauroGnossObligatoria>
    </ConfiguracionGeneral>
    <EspefPropiedad>
		<Propiedad  ID="http://w3id.org/roh/scientificActivityDocument" EntidadID="http://purl.org/ontology/bibo/Document">
            <AtrNombre>http://w3id.org/roh/scientificActivityDocument</AtrNombre>
            <AtrNombreLectura>http://w3id.org/roh/scientificActivityDocument</AtrNombreLectura>
			<SeleccionEntidad>
                <TipoSeleccion>Combo</TipoSeleccion>
                <Grafo>scientificactivitydocument.owl</Grafo>
                <UrlTipoEntSolicitada>http://w3id.org/roh/ScientificActivityDocument</UrlTipoEntSolicitada>              
                <PropsEntEdicion>
                    <NameProp>http://purl.org/dc/elements/1.1/title</NameProp>
                </PropsEntEdicion>
                <PropsEntLectura>
                    <Propiedad ID="http://purl.org/dc/elements/1.1/title" EntidadID="http://w3id.org/roh/ScientificActivityDocument">
                        <AtrNombreLectura></AtrNombreLectura>
                    </Propiedad>
					<Propiedad ID="http://purl.org/dc/elements/1.1/identifier" EntidadID="http://w3id.org/roh/ScientificActivityDocument">
                        <AtrNombreLectura></AtrNombreLectura>
                    </Propiedad>
                </PropsEntLectura>
            </SeleccionEntidad>
        </Propiedad>
		<Propiedad  ID="http://w3id.org/roh/project" EntidadID="http://purl.org/ontology/bibo/Document">
            <AtrNombre>http://w3id.org/roh/project</AtrNombre>
            <AtrNombreLectura>http://w3id.org/roh/project</AtrNombreLectura>
			<SeleccionEntidad>
                <TipoSeleccion>Autocompletar</TipoSeleccion>
                <Grafo>project.owl</Grafo>
                <UrlTipoEntSolicitada>http://vivoweb.org/ontology/core#Project</UrlTipoEntSolicitada>              
                <PropsEntEdicion>
                    <NameProp>http://w3id.org/roh/title</NameProp>
                </PropsEntEdicion>
                <PropsEntLectura>
                    <Propiedad ID="http://w3id.org/roh/title" EntidadID="http://vivoweb.org/ontology/core#Project">
                        <AtrNombreLectura></AtrNombreLectura>
                    </Propiedad>
                </PropsEntLectura>
            </SeleccionEntidad>
        </Propiedad>
		<Propiedad  ID="http://w3id.org/roh/projectAux" EntidadID="http://purl.org/ontology/bibo/Document">
			<SeleccionEntidad>
                <TipoSeleccion>Autocompletar</TipoSeleccion>
                <Grafo>project.owl</Grafo>
                <UrlTipoEntSolicitada>http://vivoweb.org/ontology/core#Project</UrlTipoEntSolicitada>              
                <PropsEntEdicion>
                    <NameProp>http://w3id.org/roh/title</NameProp>
                </PropsEntEdicion>
                <PropsEntLectura>
                    <Propiedad ID="http://w3id.org/roh/title" EntidadID="http://vivoweb.org/ontology/core#Project">
                        <AtrNombreLectura></AtrNombreLectura>
                    </Propiedad>
                </PropsEntLectura>
            </SeleccionEntidad>
        </Propiedad>
		<Propiedad  ID="http://w3id.org/roh/isProducedBy" EntidadID="http://purl.org/ontology/bibo/Document">
            <AtrNombre>http://w3id.org/roh/isProducedBy</AtrNombre>
            <AtrNombreLectura>http://w3id.org/roh/isProducedBy</AtrNombreLectura>
			<SeleccionEntidad>
                <TipoSeleccion>Autocompletar</TipoSeleccion>
                <Grafo>group.owl</Grafo>
                <UrlTipoEntSolicitada>http://xmlns.com/foaf/0.1/Group</UrlTipoEntSolicitada>              
                <PropsEntEdicion>
                    <NameProp>http://w3id.org/roh/title</NameProp>
                </PropsEntEdicion>
                <PropsEntLectura>
                    <Propiedad ID="http://w3id.org/roh/title" EntidadID="http://xmlns.com/foaf/0.1/Group">
                        <AtrNombreLectura></AtrNombreLectura>
                    </Propiedad>
                </PropsEntLectura>
            </SeleccionEntidad>
        </Propiedad>
		<Propiedad  ID="http://w3id.org/roh/i_doc_references" EntidadID="http://purl.org/ontology/bibo/Document">
            <AtrNombre>http://w3id.org/roh/i_doc_references</AtrNombre>
            <AtrNombreLectura>http://w3id.org/roh/i_doc_references</AtrNombreLectura>
			<SeleccionEntidad>
				<LinkARecurso IrAComunidad="true" PropiedadID="http://w3id.org/roh/title"></LinkARecurso>
				<TipoSeleccion>Autocompletar</TipoSeleccion>
				<NuevaPestanya>false</NuevaPestanya>				
				<Grafo>document.owl</Grafo>
				<UrlTipoEntSolicitada>http://purl.org/ontology/bibo/Document</UrlTipoEntSolicitada>
				<PropsEntEdicion>
					<NameProp>http://w3id.org/roh/title</NameProp>
				</PropsEntEdicion>
				<PropsEntLectura>
					<Propiedad ID="http://w3id.org/roh/title" EntidadID="http://purl.org/ontology/bibo/Document">
						<AtrNombreLectura></AtrNombreLectura>
					</Propiedad>										
					<Propiedad ID="http://purl.org/ontology/bibo/doi" EntidadID="http://purl.org/ontology/bibo/Document">
						<AtrNombreLectura></AtrNombreLectura>
					</Propiedad>
				</PropsEntLectura>
				<Reciproca></Reciproca>
				<ConsultaReciproca><![CDATA[ SELECT ?s 
				FROM <http://gnoss.com/document.owl> 
				WHERE 
				{
				   ?s a <http://purl.org/ontology/bibo/Document>.
				   ?s <http://purl.org/ontology/bibo/doi> ?doi.
				   ?docActual <http://w3id.org/roh/references> ?reference.
				   ?reference <http://purl.org/ontology/bibo/doi> ?doi.
				   filter(?docActual = @EntidadID@)				  
				} ]]></ConsultaReciproca>
			</SeleccionEntidad>	
        </Propiedad>
		<Propiedad  ID="http://purl.org/dc/elements/1.1/type" EntidadID="http://purl.org/ontology/bibo/Document">
            <AtrNombre>http://purl.org/dc/elements/1.1/type</AtrNombre>
            <AtrNombreLectura>http://purl.org/dc/elements/1.1/type</AtrNombreLectura>
			<SeleccionEntidad>
                <TipoSeleccion>Autocompletar</TipoSeleccion>
                <Grafo>publicationtype.owl</Grafo>
                <UrlTipoEntSolicitada>http://w3id.org/roh/PublicationType</UrlTipoEntSolicitada>              
                <PropsEntEdicion>
                    <NameProp>http://purl.org/dc/elements/1.1/title</NameProp>
                </PropsEntEdicion>
                <PropsEntLectura>
                    <Propiedad ID="http://purl.org/dc/elements/1.1/title" EntidadID="http://w3id.org/roh/PublicationType">
                        <AtrNombreLectura></AtrNombreLectura>
                    </Propiedad>
                </PropsEntLectura>
            </SeleccionEntidad>
        </Propiedad>		
        <Propiedad  ID="http://w3id.org/roh/categoryNode" EntidadID="http://w3id.org/roh/CategoryPath">
            <AtrNombre>http://w3id.org/roh/categoryNode</AtrNombre>
            <AtrNombreLectura>http://w3id.org/roh/categoryNode</AtrNombreLectura>
			<SeleccionEntidad>
				<TipoSeleccion>Tesauro</TipoSeleccion>
				<Grafo>taxonomy.owl</Grafo>				
				<UrlPropiedad>um</UrlPropiedad>                
			</SeleccionEntidad>
        </Propiedad>
		<Propiedad  ID="http://w3id.org/roh/supportType" EntidadID="http://purl.org/ontology/bibo/Document">
            <AtrNombre>http://w3id.org/roh/supportType</AtrNombre>
            <AtrNombreLectura>http://w3id.org/roh/supportType</AtrNombreLectura>
			<SeleccionEntidad>
                <TipoSeleccion>Autocompletar</TipoSeleccion>
                <Grafo>documentformat.owl</Grafo>
                <UrlTipoEntSolicitada>http://w3id.org/roh/DocumentFormat</UrlTipoEntSolicitada>              
                <PropsEntEdicion>
                    <NameProp>http://purl.org/dc/elements/1.1/title</NameProp>
                </PropsEntEdicion>
                <PropsEntLectura>
                    <Propiedad ID="http://purl.org/dc/elements/1.1/title" EntidadID="http://w3id.org/roh/DocumentFormat">
                        <AtrNombreLectura></AtrNombreLectura>
                    </Propiedad>
                </PropsEntLectura>
            </SeleccionEntidad>
        </Propiedad>
		<Propiedad  ID="http://vivoweb.org/ontology/core#hasPublicationVenue" EntidadID="http://purl.org/ontology/bibo/Document">
            <AtrNombre>http://vivoweb.org/ontology/core#hasPublicationVenue</AtrNombre>
            <AtrNombreLectura>http://vivoweb.org/ontology/core#hasPublicationVenue</AtrNombreLectura>
			<SeleccionEntidad>
                <TipoSeleccion>Autocompletar</TipoSeleccion>
                <Grafo>maindocument.owl</Grafo>
                <UrlTipoEntSolicitada>http://w3id.org/roh/MainDocument</UrlTipoEntSolicitada>              
                <PropsEntEdicion>
                    <NameProp>http://w3id.org/roh/title</NameProp>
                </PropsEntEdicion>
                <PropsEntLectura>
                    <Propiedad ID="http://w3id.org/roh/title" EntidadID="http://w3id.org/roh/MainDocument">
                        <AtrNombreLectura></AtrNombreLectura>
                    </Propiedad>
                </PropsEntLectura>
            </SeleccionEntidad>
        </Propiedad>
        <Propiedad  ID="https://www.w3.org/2006/vcard/ns#hasCountryName" EntidadID="http://purl.org/ontology/bibo/Document">
			<SeleccionEntidad>
                <TipoSeleccion>Autocompletar</TipoSeleccion>
                <Grafo>feature.owl</Grafo>
                <UrlTipoEntSolicitada>http://www.geonames.org/ontology#Feature</UrlTipoEntSolicitada>              
                <PropsEntEdicion>
                    <NameProp>http://www.geonames.org/ontology#name</NameProp>
                </PropsEntEdicion>
                <PropsEntLectura>
                    <Propiedad ID="http://www.geonames.org/ontology#name" EntidadID="http://www.geonames.org/ontology#Feature">
                        <AtrNombreLectura></AtrNombreLectura>
                    </Propiedad>
                </PropsEntLectura>
            </SeleccionEntidad>
        </Propiedad>
		<Propiedad  ID="https://www.w3.org/2006/vcard/ns#hasRegion" EntidadID="http://purl.org/ontology/bibo/Document">
			<SeleccionEntidad>
                <TipoSeleccion>Autocompletar</TipoSeleccion>
                <Grafo>feature.owl</Grafo>
                <UrlTipoEntSolicitada>http://www.geonames.org/ontology#Feature</UrlTipoEntSolicitada>              
                <PropsEntEdicion>
                    <NameProp>http://www.geonames.org/ontology#name</NameProp>
                </PropsEntEdicion>
                <PropsEntLectura>
                    <Propiedad ID="http://www.geonames.org/ontology#name" EntidadID="http://www.geonames.org/ontology#Feature">
                        <AtrNombreLectura></AtrNombreLectura>
                    </Propiedad>
                </PropsEntLectura>
            </SeleccionEntidad>
        </Propiedad>	
        <Propiedad  ID="https://www.w3.org/2006/vcard/ns#hasLanguage" EntidadID="http://purl.org/ontology/bibo/Document">
            <AtrNombre>https://www.w3.org/2006/vcard/ns#hasLanguage</AtrNombre>
            <AtrNombreLectura>https://www.w3.org/2006/vcard/ns#hasLanguage</AtrNombreLectura>
			<SeleccionEntidad>
                <TipoSeleccion>Autocompletar</TipoSeleccion>
                <Grafo>language.owl</Grafo>
                <UrlTipoEntSolicitada>http://w3id.org/roh/Language</UrlTipoEntSolicitada>              
                <PropsEntEdicion>
                    <NameProp>http://purl.org/dc/elements/1.1/title</NameProp>
                </PropsEntEdicion>
                <PropsEntLectura>
                    <Propiedad ID="http://purl.org/dc/elements/1.1/title" EntidadID="http://w3id.org/roh/Language">
                        <AtrNombreLectura></AtrNombreLectura>
                    </Propiedad>
                </PropsEntLectura>
            </SeleccionEntidad>
        </Propiedad>		
		<Propiedad  ID="http://w3id.org/roh/presentedAtOrganizer" EntidadID="http://purl.org/ontology/bibo/Document">
			<SeleccionEntidad>
                <TipoSeleccion>Combo</TipoSeleccion>
                <Grafo>organization.owl</Grafo>
                <UrlTipoEntSolicitada>http://xmlns.com/foaf/0.1/Organization</UrlTipoEntSolicitada>              
                <PropsEntEdicion>
                    <NameProp>http://w3id.org/roh/title</NameProp>
                </PropsEntEdicion>
                <PropsEntLectura>
                    <Propiedad ID="http://w3id.org/roh/title" EntidadID="http://xmlns.com/foaf/0.1/Organization">
                        <AtrNombreLectura></AtrNombreLectura>
                    </Propiedad>
                </PropsEntLectura>
            </SeleccionEntidad>
        </Propiedad>
		<Propiedad  ID="http://w3id.org/roh/presentedAtOrganizerType" EntidadID="http://purl.org/ontology/bibo/Document">
			<SeleccionEntidad>
                <TipoSeleccion>Autocompletar</TipoSeleccion>
                <Grafo>organizationtype.owl</Grafo>
                <UrlTipoEntSolicitada>http://w3id.org/roh/OrganizationType</UrlTipoEntSolicitada>              
                <PropsEntEdicion>
                    <NameProp>http://purl.org/dc/elements/1.1/title</NameProp>
                </PropsEntEdicion>
                <PropsEntLectura>
                    <Propiedad ID="http://purl.org/dc/elements/1.1/title" EntidadID="http://w3id.org/roh/OrganizationType">
                        <AtrNombreLectura></AtrNombreLectura>
                    </Propiedad>
                </PropsEntLectura>
            </SeleccionEntidad>
        </Propiedad>
		<Propiedad  ID="http://w3id.org/roh/presentedAtOrganizerHasCountryName" EntidadID="http://purl.org/ontology/bibo/Document">
			<SeleccionEntidad>
                <TipoSeleccion>Autocompletar</TipoSeleccion>
                <Grafo>feature.owl</Grafo>
                <UrlTipoEntSolicitada>http://www.geonames.org/ontology#Feature</UrlTipoEntSolicitada>              
                <PropsEntEdicion>
                    <NameProp>http://www.geonames.org/ontology#name</NameProp>
                </PropsEntEdicion>
                <PropsEntLectura>
                    <Propiedad ID="http://www.geonames.org/ontology#name" EntidadID="http://www.geonames.org/ontology#Feature">
                        <AtrNombreLectura></AtrNombreLectura>
                    </Propiedad>
                </PropsEntLectura>
            </SeleccionEntidad>
        </Propiedad>
		<Propiedad  ID="http://w3id.org/roh/presentedAtOrganizerHasRegion" EntidadID="http://purl.org/ontology/bibo/Document">
			<SeleccionEntidad>
                <TipoSeleccion>Autocompletar</TipoSeleccion>
                <Grafo>feature.owl</Grafo>
                <UrlTipoEntSolicitada>http://www.geonames.org/ontology#Feature</UrlTipoEntSolicitada>              
                <PropsEntEdicion>
                    <NameProp>http://www.geonames.org/ontology#name</NameProp>
                </PropsEntEdicion>
                <PropsEntLectura>
                    <Propiedad ID="http://www.geonames.org/ontology#name" EntidadID="http://www.geonames.org/ontology#Feature">
                        <AtrNombreLectura></AtrNombreLectura>
                    </Propiedad>
                </PropsEntLectura>
            </SeleccionEntidad>
        </Propiedad>
		<Propiedad  ID="http://w3id.org/roh/presentedAtHasCountryName" EntidadID="http://purl.org/ontology/bibo/Document">
			<SeleccionEntidad>
                <TipoSeleccion>Autocompletar</TipoSeleccion>
                <Grafo>feature.owl</Grafo>
                <UrlTipoEntSolicitada>http://www.geonames.org/ontology#Feature</UrlTipoEntSolicitada>              
                <PropsEntEdicion>
                    <NameProp>http://www.geonames.org/ontology#name</NameProp>
                </PropsEntEdicion>
                <PropsEntLectura>
                    <Propiedad ID="http://www.geonames.org/ontology#name" EntidadID="http://www.geonames.org/ontology#Feature">
                        <AtrNombreLectura></AtrNombreLectura>
                    </Propiedad>
                </PropsEntLectura>
            </SeleccionEntidad>
        </Propiedad>
		<Propiedad  ID="http://w3id.org/roh/presentedAtHasRegion" EntidadID="http://purl.org/ontology/bibo/Document">
			<SeleccionEntidad>
                <TipoSeleccion>Autocompletar</TipoSeleccion>
                <Grafo>feature.owl</Grafo>
                <UrlTipoEntSolicitada>http://www.geonames.org/ontology#Feature</UrlTipoEntSolicitada>              
                <PropsEntEdicion>
                    <NameProp>http://www.geonames.org/ontology#name</NameProp>
                </PropsEntEdicion>
                <PropsEntLectura>
                    <Propiedad ID="http://www.geonames.org/ontology#name" EntidadID="http://www.geonames.org/ontology#Feature">
                        <AtrNombreLectura></AtrNombreLectura>
                    </Propiedad>
                </PropsEntLectura>
            </SeleccionEntidad>
        </Propiedad>
		<Propiedad  ID="http://w3id.org/roh/presentedAtType" EntidadID="http://purl.org/ontology/bibo/Document">
			<SeleccionEntidad>
                <TipoSeleccion>Autocompletar</TipoSeleccion>
                <Grafo>eventtype.owl</Grafo>
                <UrlTipoEntSolicitada>http://w3id.org/roh/EventType</UrlTipoEntSolicitada>              
                <PropsEntEdicion>
                    <NameProp>http://purl.org/dc/elements/1.1/title</NameProp>
                </PropsEntEdicion>
                <PropsEntLectura>
                    <Propiedad ID="http://purl.org/dc/elements/1.1/title" EntidadID="http://w3id.org/roh/EventType">
                        <AtrNombreLectura></AtrNombreLectura>
                    </Propiedad>
                </PropsEntLectura>
            </SeleccionEntidad>
        </Propiedad>
		<Propiedad  ID="http://w3id.org/roh/presentedAtSeminarType" EntidadID="http://purl.org/ontology/bibo/Document">
			<SeleccionEntidad>
                <TipoSeleccion>Autocompletar</TipoSeleccion>
                <Grafo>seminareventtype.owl</Grafo>
                <UrlTipoEntSolicitada>http://w3id.org/roh/SeminarEventType</UrlTipoEntSolicitada>              
                <PropsEntEdicion>
                    <NameProp>http://purl.org/dc/elements/1.1/title</NameProp>
                </PropsEntEdicion>
                <PropsEntLectura>
                    <Propiedad ID="http://purl.org/dc/elements/1.1/title" EntidadID="http://w3id.org/roh/SeminarEventType">
                        <AtrNombreLectura></AtrNombreLectura>
                    </Propiedad>
                </PropsEntLectura>
            </SeleccionEntidad>
        </Propiedad>
		<Propiedad  ID="http://w3id.org/roh/presentedAtGeographicFocus" EntidadID="http://purl.org/ontology/bibo/Document">
			<SeleccionEntidad>
                <TipoSeleccion>Autocompletar</TipoSeleccion>
                <Grafo>geographicregion.owl</Grafo>
                <UrlTipoEntSolicitada>http://vivoweb.org/ontology/core#GeographicRegion</UrlTipoEntSolicitada>              
                <PropsEntEdicion>
                    <NameProp>http://purl.org/dc/elements/1.1/title</NameProp>
                </PropsEntEdicion>
                <PropsEntLectura>
                    <Propiedad ID="http://purl.org/dc/elements/1.1/title" EntidadID="http://vivoweb.org/ontology/core#GeographicRegion">
                        <AtrNombreLectura></AtrNombreLectura>
                    </Propiedad>
                </PropsEntLectura>
            </SeleccionEntidad>
        </Propiedad>	
        <Propiedad  ID="http://www.w3.org/1999/02/22-rdf-syntax-ns#member" EntidadID="http://purl.obolibrary.org/obo/BFO_0000023">
            <AtrNombre>http://www.w3.org/1999/02/22-rdf-syntax-ns#member</AtrNombre>
            <AtrNombreLectura>http://www.w3.org/1999/02/22-rdf-syntax-ns#member</AtrNombreLectura>
			<SeleccionEntidad>
				<LinkARecurso IrAComunidad="true" PropiedadID="http://xmlns.com/foaf/0.1/name"></LinkARecurso>
                <TipoSeleccion>Autocompletar</TipoSeleccion>
                <Grafo>person.owl</Grafo>
                <UrlTipoEntSolicitada>http://xmlns.com/foaf/0.1/Person</UrlTipoEntSolicitada>              
                <PropsEntEdicion>
                    <NameProp>http://xmlns.com/foaf/0.1/name</NameProp>
                </PropsEntEdicion>
                <PropsEntLectura>
                    <Propiedad ID="http://xmlns.com/foaf/0.1/name" EntidadID="http://xmlns.com/foaf/0.1/Person">
                        <AtrNombreLectura></AtrNombreLectura>
                    </Propiedad>
					<Propiedad ID="http://w3id.org/roh/gnossUser" EntidadID="http://xmlns.com/foaf/0.1/Person">
                        <AtrNombreLectura></AtrNombreLectura>
                    </Propiedad>
					<Propiedad ID="http://w3id.org/roh/cvOf" EntidadID="http://xmlns.com/foaf/0.1/Person">
                        <AtrNombreLectura></AtrNombreLectura>
						<SeleccionEntidad>
							<TipoSeleccion>Autocompletar</TipoSeleccion>
							<NuevaPestanya>false</NuevaPestanya>
							<LinkARecurso IrAComunidad="true"></LinkARecurso>
							<Grafo>curriculumvitae.owl</Grafo>
							<UrlTipoEntSolicitada>http://w3id.org/roh/CV</UrlTipoEntSolicitada>
							<PropsEntLectura>
								<Propiedad ID="http://xmlns.com/foaf/0.1/name" EntidadID="http://w3id.org/roh/CV">
								<AtrNombreLectura></AtrNombreLectura>
							</Propiedad>		
							</PropsEntLectura>
							<Reciproca></Reciproca>
						</SeleccionEntidad>	
                    </Propiedad>
					<Propiedad  ID="http://w3id.org/roh/hasRole" EntidadID="http://xmlns.com/foaf/0.1/Person">
						<AtrNombre xml:lang="es">Organización:</AtrNombre>
						<AtrNombreLectura xml:lang="es"></AtrNombreLectura>
						<SeleccionEntidad>
							<TipoSeleccion>Autocompletar</TipoSeleccion>
							<NuevaPestanya>false</NuevaPestanya>
							<LinkARecurso IrAComunidad="true"></LinkARecurso>
							<Grafo>organization.owl</Grafo>
							<UrlTipoEntSolicitada>http://xmlns.com/foaf/0.1/Organization</UrlTipoEntSolicitada>
							<PropsEntEdicion>
								<NameProp>http://w3id.org/roh/title</NameProp>
							</PropsEntEdicion>
							<PropsEntLectura>
								<Propiedad ID="http://w3id.org/roh/title" EntidadID="http://xmlns.com/foaf/0.1/Organization">
								<AtrNombreLectura></AtrNombreLectura>
							</Propiedad>		
							</PropsEntLectura>
						</SeleccionEntidad>	
					</Propiedad>
                </PropsEntLectura>
            </SeleccionEntidad>
        </Propiedad>
		<Propiedad  ID="http://w3id.org/roh/keyWordConcept" EntidadID="http://w3id.org/roh/KeyWord">
			<SeleccionEntidad>
                <TipoSeleccion>Autocompletar</TipoSeleccion>
                <Grafo>keywordconcept.owl</Grafo>
                <UrlTipoEntSolicitada>http://w3id.org/roh/KeyWordConcept</UrlTipoEntSolicitada>              
                <PropsEntEdicion>
                    <NameProp>http://w3id.org/roh/title</NameProp>
                </PropsEntEdicion>
                <PropsEntLectura>
                    <Propiedad ID="http://w3id.org/roh/title" EntidadID="http://w3id.org/roh/KeyWordConcept">
                        <AtrNombreLectura></AtrNombreLectura>
                    </Propiedad>
					<Propiedad ID="http://w3id.org/roh/url" EntidadID="http://w3id.org/roh/KeyWordConcept">
                        <AtrNombreLectura></AtrNombreLectura>
                    </Propiedad>
					<Propiedad ID="http://w3id.org/roh/type" EntidadID="http://w3id.org/roh/KeyWordConcept">
                        <AtrNombreLectura></AtrNombreLectura>
                    </Propiedad>
					<Propiedad ID="http://w3id.org/roh/match" EntidadID="http://w3id.org/roh/KeyWordConcept">
                        <SeleccionEntidad>
							<TipoSeleccion>Autocompletar</TipoSeleccion>
							<Grafo>keywordconcept.owl</Grafo>
							<UrlTipoEntSolicitada>http://w3id.org/roh/KeyWordConcept</UrlTipoEntSolicitada>              
							<PropsEntEdicion>
								<NameProp>http://w3id.org/roh/title</NameProp>
							</PropsEntEdicion>
							<PropsEntLectura>
								<Propiedad ID="http://w3id.org/roh/title" EntidadID="http://w3id.org/roh/KeyWordConcept">
									<AtrNombreLectura></AtrNombreLectura>
								</Propiedad>
								<Propiedad ID="http://w3id.org/roh/url" EntidadID="http://w3id.org/roh/KeyWordConcept">
									<AtrNombreLectura></AtrNombreLectura>
								</Propiedad>
								<Propiedad ID="http://w3id.org/roh/type" EntidadID="http://w3id.org/roh/KeyWordConcept">
									<AtrNombreLectura></AtrNombreLectura>
								</Propiedad>
							</PropsEntLectura>
						</SeleccionEntidad>
                    </Propiedad>
                </PropsEntLectura>
            </SeleccionEntidad>
        </Propiedad>
		
		
		<Propiedad  ID="http://w3id.org/roh/impactSource" EntidadID="http://w3id.org/roh/ImpactIndex">
            <AtrNombre>Fuente de impacto</AtrNombre>
            <AtrNombreLectura>Fuente de impacto</AtrNombreLectura>
			<SeleccionEntidad>
                <TipoSeleccion MultiIdioma="true">Autocompletar</TipoSeleccion>
                <Grafo>referencesource.owl</Grafo>
                <UrlTipoEntSolicitada>http://purl.org/ontology/bibo/ReferenceSource</UrlTipoEntSolicitada>              
                <PropsEntEdicion>
                    <NameProp>http://purl.org/dc/elements/1.1/title</NameProp>
                </PropsEntEdicion>
                <PropsEntLectura>
                    <Propiedad ID="http://purl.org/dc/elements/1.1/title" EntidadID="http://purl.org/ontology/bibo/ReferenceSource">
                        <AtrNombreLectura></AtrNombreLectura>
                    </Propiedad>
                </PropsEntLectura>
            </SeleccionEntidad>
        </Propiedad>
		
		<Propiedad  ID="http://w3id.org/roh/genderIP" EntidadID="http://purl.org/ontology/bibo/Document">
			<SeleccionEntidad>
                <TipoSeleccion>Combo</TipoSeleccion>
                <Grafo>gender.owl</Grafo>
                <UrlTipoEntSolicitada>http://w3id.org/roh/Gender</UrlTipoEntSolicitada>              
                <PropsEntEdicion>
                    <NameProp>http://purl.org/dc/elements/1.1/title</NameProp>
                </PropsEntEdicion>
                <PropsEntLectura>
                    <Propiedad ID="http://purl.org/dc/elements/1.1/title" EntidadID="http://w3id.org/roh/Gender">
                        <AtrNombreLectura></AtrNombreLectura>
                    </Propiedad>
                </PropsEntLectura>
            </SeleccionEntidad>
        </Propiedad>
		
		<Propiedad  ID="http://w3id.org/roh/linkedDocument" EntidadID="http://purl.org/ontology/bibo/Document">
			<SeleccionEntidad>
                <TipoSeleccion>Combo</TipoSeleccion>
                <Grafo>document.owl</Grafo>
                <UrlTipoEntSolicitada>http://purl.org/ontology/bibo/Document</UrlTipoEntSolicitada>              
                <PropsEntEdicion>
                    <NameProp>http://w3id.org/roh/title</NameProp>
                </PropsEntEdicion>
                <PropsEntLectura>
                    <Propiedad ID="http://w3id.org/roh/title" EntidadID="http://purl.org/ontology/bibo/Document">
                        <AtrNombreLectura></AtrNombreLectura>
                    </Propiedad>
                </PropsEntLectura>
            </SeleccionEntidad>
        </Propiedad>
		<Propiedad  ID="http://w3id.org/roh/linkedRO" EntidadID="http://purl.org/ontology/bibo/Document">
			<SeleccionEntidad>
                <TipoSeleccion>Combo</TipoSeleccion>
                <Grafo>researchobject.owl</Grafo>
                <UrlTipoEntSolicitada>http://w3id.org/roh/ResearchObject</UrlTipoEntSolicitada>              
                <PropsEntEdicion>
                    <NameProp>http://w3id.org/roh/title</NameProp>
                </PropsEntEdicion>
                <PropsEntLectura>
                    <Propiedad ID="http://w3id.org/roh/title" EntidadID="http://w3id.org/roh/ResearchObject">
                        <AtrNombreLectura></AtrNombreLectura>
                    </Propiedad>
                </PropsEntLectura>
            </SeleccionEntidad>
        </Propiedad>
		
		
    </EspefPropiedad>
    <EspefEntidad>
    </EspefEntidad>
</config>
