<config>
    <ConfiguracionGeneral>
        <namespace>activity</namespace>
        <idiomasOnto>
            <idiomaOnto>es</idiomaOnto>
        </idiomasOnto>
        <ocultarTituloDescpImgDoc></ocultarTituloDescpImgDoc>
        <TituloDoc EntidadID="http://w3id.org/roh/Activity">http://w3id.org/roh/title</TituloDoc>
        <DescripcionDoc EntidadID="http://w3id.org/roh/Activity">http://w3id.org/roh/title</DescripcionDoc>
        <HtmlNuevo>true</HtmlNuevo>
		<CategorizacionTesauroGnossObligatoria>false</CategorizacionTesauroGnossObligatoria>
    </ConfiguracionGeneral>
    <EspefPropiedad>
        <Propiedad  ID="http://w3id.org/roh/categoryNode" EntidadID="http://w3id.org/roh/CategoryPath">
            <AtrNombre>http://w3id.org/roh/categoryNode</AtrNombre>
            <AtrNombreLectura>http://w3id.org/roh/categoryNode</AtrNombreLectura>
			<SeleccionEntidad>
				<TipoSeleccion>Tesauro</TipoSeleccion>
				<Grafo>taxonomy.owl</Grafo>				
				<UrlPropiedad>um</UrlPropiedad>                
			</SeleccionEntidad>
        </Propiedad>
        <Propiedad  ID="http://w3id.org/roh/promotedBy" EntidadID="http://w3id.org/roh/Activity">
            <AtrNombre>http://w3id.org/roh/promotedBy</AtrNombre>
            <AtrNombreLectura>http://w3id.org/roh/promotedBy</AtrNombreLectura>
			<SeleccionEntidad>
                <TipoSeleccion>Autocompletar</TipoSeleccion>
                <Grafo>organization.owl</Grafo>
                <UrlTipoEntSolicitada>http://xmlns.com/foaf/0.1/Organization</UrlTipoEntSolicitada>              
                <PropsEntEdicion>
                    <NameProp>http://w3id.org/roh/title</NameProp>
                </PropsEntEdicion>
                <PropsEntLectura>
                    <Propiedad ID="http://w3id.org/roh/title" EntidadID="http://xmlns.com/foaf/0.1/Organization">
                        <AtrNombreLectura></AtrNombreLectura>
                    </Propiedad>
                </PropsEntLectura>
            </SeleccionEntidad>
        </Propiedad>
		<Propiedad  ID="http://w3id.org/roh/promotedByType" EntidadID="http://w3id.org/roh/Activity">
            <AtrNombre>http://w3id.org/roh/promotedByType</AtrNombre>
            <AtrNombreLectura>http://w3id.org/roh/promotedByType</AtrNombreLectura>
			<SeleccionEntidad>
                <TipoSeleccion>Autocompletar</TipoSeleccion>
                <Grafo>organizationtype.owl</Grafo>
                <UrlTipoEntSolicitada>http://w3id.org/roh/OrganizationType</UrlTipoEntSolicitada>
				<PropsEntEdicion>
                    <NameProp>http://purl.org/dc/elements/1.1/title</NameProp>
                </PropsEntEdicion>
                <PropsEntLectura>
                    <Propiedad ID="http://purl.org/dc/elements/1.1/title" EntidadID="http://w3id.org/roh/OrganizationType">
                        <AtrNombreLectura></AtrNombreLectura>
                    </Propiedad>
                </PropsEntLectura>
            </SeleccionEntidad>
        </Propiedad>
		<Propiedad  ID="http://w3id.org/roh/participationType" EntidadID="http://w3id.org/roh/Activity">
            <AtrNombre>http://w3id.org/roh/participationType</AtrNombre>
            <AtrNombreLectura>http://w3id.org/roh/participationType</AtrNombreLectura>
			<SeleccionEntidad>
                <TipoSeleccion>Combo</TipoSeleccion>
                <Grafo>participationtypeactivity.owl</Grafo>
                <UrlTipoEntSolicitada>http://w3id.org/roh/ParticipationTypeActivity</UrlTipoEntSolicitada>              
                <PropsEntEdicion>
                    <NameProp>http://purl.org/dc/elements/1.1/title</NameProp>
                </PropsEntEdicion>
                <PropsEntLectura>
                    <Propiedad ID="http://purl.org/dc/elements/1.1/title" EntidadID="http://w3id.org/roh/ParticipationTypeActivity">
                        <AtrNombreLectura></AtrNombreLectura>
                    </Propiedad>
                </PropsEntLectura>
            </SeleccionEntidad>
        </Propiedad>
        <Propiedad  ID="https://www.w3.org/2006/vcard/ns#hasRegion" EntidadID="http://w3id.org/roh/Activity">
            <AtrNombre>https://www.w3.org/2006/vcard/ns#hasRegion</AtrNombre>
            <AtrNombreLectura>https://www.w3.org/2006/vcard/ns#hasRegion</AtrNombreLectura>
			<SeleccionEntidad>
                <TipoSeleccion>Combo</TipoSeleccion>
                <Grafo>feature.owl</Grafo>
                <UrlTipoEntSolicitada>http://www.geonames.org/ontology#Feature</UrlTipoEntSolicitada>              
                <PropsEntEdicion>
                    <NameProp>http://www.geonames.org/ontology#name</NameProp>
                </PropsEntEdicion>
                <PropsEntLectura>
                    <Propiedad ID="http://www.geonames.org/ontology#name" EntidadID="http://www.geonames.org/ontology#Feature">
                        <AtrNombreLectura></AtrNombreLectura>
                    </Propiedad>
                </PropsEntLectura>
            </SeleccionEntidad>
        </Propiedad>		
		<Propiedad  ID="http://w3id.org/roh/promotedByHasRegion" EntidadID="http://w3id.org/roh/Activity">
            <AtrNombre>http://w3id.org/roh/promotedByHasRegion</AtrNombre>
            <AtrNombreLectura>http://w3id.org/roh/promotedByHasRegion</AtrNombreLectura>
			<SeleccionEntidad>
                <TipoSeleccion>Combo</TipoSeleccion>
                <Grafo>feature.owl</Grafo>
                <UrlTipoEntSolicitada>http://www.geonames.org/ontology#Feature</UrlTipoEntSolicitada>              
                <PropsEntEdicion>
                    <NameProp>http://www.geonames.org/ontology#name</NameProp>
                </PropsEntEdicion>
                <PropsEntLectura>
                    <Propiedad ID="http://www.geonames.org/ontology#name" EntidadID="http://www.geonames.org/ontology#Feature">
                        <AtrNombreLectura></AtrNombreLectura>
                    </Propiedad>
                </PropsEntLectura>
            </SeleccionEntidad>
        </Propiedad>
		<Propiedad  ID="http://w3id.org/roh/promotedByHasCountryName" EntidadID="http://w3id.org/roh/Activity">
            <AtrNombre>http://w3id.org/roh/promotedByHasCountryName</AtrNombre>
            <AtrNombreLectura>http://w3id.org/roh/promotedByHasCountryName</AtrNombreLectura>
			<SeleccionEntidad>
                <TipoSeleccion>Combo</TipoSeleccion>
                <Grafo>feature.owl</Grafo>
                <UrlTipoEntSolicitada>http://www.geonames.org/ontology#Feature</UrlTipoEntSolicitada>              
                <PropsEntEdicion>
                    <NameProp>http://www.geonames.org/ontology#name</NameProp>
                </PropsEntEdicion>
                <PropsEntLectura>
                    <Propiedad ID="http://www.geonames.org/ontology#name" EntidadID="http://www.geonames.org/ontology#Feature">
                        <AtrNombreLectura></AtrNombreLectura>
                    </Propiedad>
                </PropsEntLectura>
            </SeleccionEntidad>
        </Propiedad>		
        <Propiedad  ID="http://w3id.org/roh/conductedBy" EntidadID="http://w3id.org/roh/Activity">
            <AtrNombre>http://w3id.org/roh/conductedBy</AtrNombre>
            <AtrNombreLectura>http://w3id.org/roh/conductedBy</AtrNombreLectura>
			<SeleccionEntidad>
                <TipoSeleccion>Autocompletar</TipoSeleccion>
                <Grafo>organization.owl</Grafo>
                <UrlTipoEntSolicitada>http://xmlns.com/foaf/0.1/Organization</UrlTipoEntSolicitada>              
                <PropsEntEdicion>
                    <NameProp>http://w3id.org/roh/title</NameProp>
                </PropsEntEdicion>
                <PropsEntLectura>
                    <Propiedad ID="http://w3id.org/roh/title" EntidadID="http://xmlns.com/foaf/0.1/Organization">
                        <AtrNombreLectura></AtrNombreLectura>
                    </Propiedad>
                </PropsEntLectura>
            </SeleccionEntidad>
        </Propiedad>
        <Propiedad  ID="http://vivoweb.org/ontology/core#geographicFocus" EntidadID="http://w3id.org/roh/Activity">
            <AtrNombre>http://vivoweb.org/ontology/core#geographicFocus</AtrNombre>
            <AtrNombreLectura>http://vivoweb.org/ontology/core#geographicFocus</AtrNombreLectura>
			<SeleccionEntidad>
                <TipoSeleccion>Autocompletar</TipoSeleccion>
                <Grafo>geographicregion.owl</Grafo>
                <UrlTipoEntSolicitada>http://vivoweb.org/ontology/core#GeographicRegion</UrlTipoEntSolicitada>              
                <PropsEntEdicion>
                    <NameProp>http://purl.org/dc/elements/1.1/title</NameProp>
                </PropsEntEdicion>
                <PropsEntLectura>
                    <Propiedad ID="http://purl.org/dc/elements/1.1/title" EntidadID="http://vivoweb.org/ontology/core#GeographicRegion">
                        <AtrNombreLectura></AtrNombreLectura>
                    </Propiedad>
                </PropsEntLectura>
            </SeleccionEntidad>
        </Propiedad>
        <Propiedad  ID="https://www.w3.org/2006/vcard/ns#hasCountryName" EntidadID="http://w3id.org/roh/Activity">
            <AtrNombre>https://www.w3.org/2006/vcard/ns#hasCountryName</AtrNombre>
            <AtrNombreLectura>https://www.w3.org/2006/vcard/ns#hasCountryName</AtrNombreLectura>
			<SeleccionEntidad>
                <TipoSeleccion>Combo</TipoSeleccion>
                <Grafo>feature.owl</Grafo>
                <UrlTipoEntSolicitada>http://www.geonames.org/ontology#Feature</UrlTipoEntSolicitada>              
                <PropsEntEdicion>
                    <NameProp>http://www.geonames.org/ontology#name</NameProp>
                </PropsEntEdicion>
                <PropsEntLectura>
                    <Propiedad ID="http://www.geonames.org/ontology#name" EntidadID="http://www.geonames.org/ontology#Feature">
                        <AtrNombreLectura></AtrNombreLectura>
                    </Propiedad>
                </PropsEntLectura>
            </SeleccionEntidad>
        </Propiedad>
        <Propiedad  ID="http://w3id.org/roh/targetGroupProfile" EntidadID="http://w3id.org/roh/Activity">
            <AtrNombre>http://w3id.org/roh/targetGroupProfile</AtrNombre>
            <AtrNombreLectura>http://w3id.org/roh/targetGroupProfile</AtrNombreLectura>
			<SeleccionEntidad>
                <TipoSeleccion>Combo</TipoSeleccion>
                <Grafo>targetgroupprofile.owl</Grafo>
                <UrlTipoEntSolicitada>http://w3id.org/roh/TargetGroupProfile</UrlTipoEntSolicitada>              
                <PropsEntEdicion>
                    <NameProp>http://purl.org/dc/elements/1.1/title</NameProp>
                </PropsEntEdicion>
                <PropsEntLectura>
                    <Propiedad ID="http://purl.org/dc/elements/1.1/title" EntidadID="http://w3id.org/roh/TargetGroupProfile">
                        <AtrNombreLectura></AtrNombreLectura>
                    </Propiedad>
                </PropsEntLectura>
            </SeleccionEntidad>
        </Propiedad>
        <Propiedad  ID="http://w3id.org/roh/managementType" EntidadID="http://w3id.org/roh/Activity">
            <AtrNombre>http://w3id.org/roh/managementType</AtrNombre>
            <AtrNombreLectura>http://w3id.org/roh/managementType</AtrNombreLectura>
			<SeleccionEntidad>
                <TipoSeleccion>Combo</TipoSeleccion>
                <Grafo>managementtypeactivity.owl</Grafo>
                <UrlTipoEntSolicitada>http://w3id.org/roh/ManagementTypeActivity</UrlTipoEntSolicitada>              
                <PropsEntEdicion>
                    <NameProp>http://purl.org/dc/elements/1.1/title</NameProp>
                </PropsEntEdicion>
                <PropsEntLectura>
                    <Propiedad ID="http://purl.org/dc/elements/1.1/title" EntidadID="http://w3id.org/roh/ManagementTypeActivity">
                        <AtrNombreLectura></AtrNombreLectura>
                    </Propiedad>
                </PropsEntLectura>
            </SeleccionEntidad>
        </Propiedad>
		<Propiedad  ID="http://w3id.org/roh/activityModality" EntidadID="http://w3id.org/roh/Activity">
            <AtrNombre>http://w3id.org/roh/activityModality</AtrNombre>
            <AtrNombreLectura>http://w3id.org/roh/activityModality</AtrNombreLectura>
			<SeleccionEntidad>
                <TipoSeleccion>Combo</TipoSeleccion>
                <Grafo>activitymodality.owl</Grafo>
                <UrlTipoEntSolicitada>http://w3id.org/roh/ActivityModality</UrlTipoEntSolicitada>              
                <PropsEntEdicion>
                    <NameProp>http://purl.org/dc/elements/1.1/title</NameProp>
                </PropsEntEdicion>
                <PropsEntLectura>
                    <Propiedad ID="http://purl.org/dc/elements/1.1/title" EntidadID="http://w3id.org/roh/ActivityModality">
                        <AtrNombreLectura></AtrNombreLectura>
                    </Propiedad>
                </PropsEntLectura>
            </SeleccionEntidad>
        </Propiedad>
		<Propiedad  ID="http://w3id.org/roh/accessSystemActivity" EntidadID="http://w3id.org/roh/Activity">
            <AtrNombre>http://w3id.org/roh/accessSystemActivity</AtrNombre>
            <AtrNombreLectura>http://w3id.org/roh/accessSystemActivity</AtrNombreLectura>
			<SeleccionEntidad>
                <TipoSeleccion>Autocompletar</TipoSeleccion>
                <Grafo>accesssystemactivity.owl</Grafo>
                <UrlTipoEntSolicitada>http://w3id.org/roh/AccessSystemActivity</UrlTipoEntSolicitada>              
                <PropsEntEdicion>
                    <NameProp>http://purl.org/dc/elements/1.1/title</NameProp>
                </PropsEntEdicion>
                <PropsEntLectura>
                    <Propiedad ID="http://purl.org/dc/elements/1.1/title" EntidadID="http://w3id.org/roh/AccessSystemActivity">
                        <AtrNombreLectura></AtrNombreLectura>
                    </Propiedad>
                </PropsEntLectura>
            </SeleccionEntidad>
        </Propiedad>
		<Propiedad  ID="http://w3id.org/roh/conductedByType" EntidadID="http://w3id.org/roh/Activity">
            <AtrNombre>http://w3id.org/roh/conductedByType</AtrNombre>
            <AtrNombreLectura>http://w3id.org/roh/conductedByType</AtrNombreLectura>
			<SeleccionEntidad>
                <TipoSeleccion>Autocompletar</TipoSeleccion>
                <Grafo>organizationtype.owl</Grafo>
                <UrlTipoEntSolicitada>http://w3id.org/roh/OrganizationType</UrlTipoEntSolicitada>              
                <PropsEntEdicion>
                    <NameProp>http://purl.org/dc/elements/1.1/title</NameProp>
                </PropsEntEdicion>
                <PropsEntLectura>
                    <Propiedad ID="http://purl.org/dc/elements/1.1/title" EntidadID="http://w3id.org/roh/OrganizationType">
                        <AtrNombreLectura></AtrNombreLectura>
                    </Propiedad>
                </PropsEntLectura>
            </SeleccionEntidad>
        </Propiedad>
		<Propiedad  ID="http://w3id.org/roh/prmotedByType" EntidadID="http://w3id.org/roh/Activity">
            <AtrNombre>http://w3id.org/roh/prmotedByType</AtrNombre>
            <AtrNombreLectura>http://w3id.org/roh/prmotedByType</AtrNombreLectura>
			<SeleccionEntidad>
                <TipoSeleccion>Autocompletar</TipoSeleccion>
                <Grafo>organizationtype.owl</Grafo>
                <UrlTipoEntSolicitada>http://w3id.org/roh/OrganizationType</UrlTipoEntSolicitada>              
                <PropsEntEdicion>
                    <NameProp>http://purl.org/dc/elements/1.1/title</NameProp>
                </PropsEntEdicion>
                <PropsEntLectura>
                    <Propiedad ID="http://purl.org/dc/elements/1.1/title" EntidadID="http://w3id.org/roh/OrganizationType">
                        <AtrNombreLectura></AtrNombreLectura>
                    </Propiedad>
                </PropsEntLectura>
            </SeleccionEntidad>
        </Propiedad>
		<Propiedad  ID="http://w3id.org/roh/representedEntityHasRegion" EntidadID="http://w3id.org/roh/Activity">
            <AtrNombre>http://w3id.org/roh/representedEntityHasRegion</AtrNombre>
            <AtrNombreLectura>http://w3id.org/roh/representedEntityHasRegion</AtrNombreLectura>
			<SeleccionEntidad>
                <TipoSeleccion>Combo</TipoSeleccion>
                <Grafo>feature.owl</Grafo>
                <UrlTipoEntSolicitada>http://www.geonames.org/ontology#Feature</UrlTipoEntSolicitada>              
                <PropsEntEdicion>
                    <NameProp>http://www.geonames.org/ontology#name</NameProp>
                </PropsEntEdicion>
                <PropsEntLectura>
                    <Propiedad ID="http://www.geonames.org/ontology#name" EntidadID="http://www.geonames.org/ontology#Feature">
                        <AtrNombreLectura></AtrNombreLectura>
                    </Propiedad>
                </PropsEntLectura>
            </SeleccionEntidad>
        </Propiedad>
		<Propiedad  ID="http://w3id.org/roh/representedEntityHasCountryName" EntidadID="http://w3id.org/roh/Activity">
            <AtrNombre>http://w3id.org/roh/representedEntityHasCountryName</AtrNombre>
            <AtrNombreLectura>http://w3id.org/roh/representedEntityHasCountryName</AtrNombreLectura>
			<SeleccionEntidad>
                <TipoSeleccion>Combo</TipoSeleccion>
                <Grafo>feature.owl</Grafo>
                <UrlTipoEntSolicitada>http://www.geonames.org/ontology#Feature</UrlTipoEntSolicitada>              
                <PropsEntEdicion>
                    <NameProp>http://www.geonames.org/ontology#name</NameProp>
                </PropsEntEdicion>
                <PropsEntLectura>
                    <Propiedad ID="http://www.geonames.org/ontology#name" EntidadID="http://www.geonames.org/ontology#Feature">
                        <AtrNombreLectura></AtrNombreLectura>
                    </Propiedad>
                </PropsEntLectura>
            </SeleccionEntidad>
        </Propiedad>		
        <Propiedad  ID="http://w3id.org/roh/representedEntity" EntidadID="http://w3id.org/roh/Activity">
            <AtrNombre>http://w3id.org/roh/representedEntity</AtrNombre>
            <AtrNombreLectura>http://w3id.org/roh/representedEntity</AtrNombreLectura>
			<SeleccionEntidad>
                <TipoSeleccion>Autocompletar</TipoSeleccion>
                <Grafo>organization.owl</Grafo>
                <UrlTipoEntSolicitada>http://xmlns.com/foaf/0.1/Organization</UrlTipoEntSolicitada>              
                <PropsEntEdicion>
                    <NameProp>http://w3id.org/roh/title</NameProp>
                </PropsEntEdicion>
                <PropsEntLectura>
                    <Propiedad ID="http://w3id.org/roh/title" EntidadID="http://xmlns.com/foaf/0.1/Organization">
                        <AtrNombreLectura></AtrNombreLectura>
                    </Propiedad>
                </PropsEntLectura>
            </SeleccionEntidad>
        </Propiedad>
		<Propiedad  ID="http://w3id.org/roh/representedEntityType" EntidadID="http://w3id.org/roh/Activity">
            <AtrNombre>http://w3id.org/roh/representedEntityType</AtrNombre>
            <AtrNombreLectura>http://w3id.org/roh/representedEntityType</AtrNombreLectura>
			<SeleccionEntidad>
                <TipoSeleccion>Autocompletar</TipoSeleccion>
                <Grafo>organizationtype.owl</Grafo>
                <UrlTipoEntSolicitada>http://w3id.org/roh/OrganizationType</UrlTipoEntSolicitada>              
                <PropsEntEdicion>
                    <NameProp>http://purl.org/dc/elements/1.1/title</NameProp>
                </PropsEntEdicion>
                <PropsEntLectura>
                    <Propiedad ID="http://purl.org/dc/elements/1.1/title" EntidadID="http://w3id.org/roh/OrganizationType">
                        <AtrNombreLectura></AtrNombreLectura>
                    </Propiedad>
                </PropsEntLectura>
            </SeleccionEntidad>
        </Propiedad>
		<Propiedad  ID="http://w3id.org/roh/eventType" EntidadID="http://w3id.org/roh/Activity">
            <AtrNombre>http://w3id.org/roh/eventType</AtrNombre>
            <AtrNombreLectura>http://w3id.org/roh/eventType</AtrNombreLectura>
			<SeleccionEntidad>
                <TipoSeleccion>Autocompletar</TipoSeleccion>
                <Grafo>eventtype.owl</Grafo>
                <UrlTipoEntSolicitada>http://w3id.org/roh/EventType</UrlTipoEntSolicitada>
				<PropsEntEdicion>
                    <NameProp>http://purl.org/dc/elements/1.1/title</NameProp>
                </PropsEntEdicion>
                <PropsEntLectura>
                    <Propiedad ID="http://purl.org/dc/elements/1.1/title" EntidadID="http://w3id.org/roh/EventType">
                        <AtrNombreLectura></AtrNombreLectura>
                    </Propiedad>
                </PropsEntLectura>
            </SeleccionEntidad>
        </Propiedad>
		<Propiedad  ID="http://w3id.org/roh/eventInscriptionType" EntidadID="http://w3id.org/roh/Activity">
            <AtrNombre>http://w3id.org/roh/eventInscriptionType</AtrNombre>
            <AtrNombreLectura>http://w3id.org/roh/eventInscriptionType</AtrNombreLectura>
			<SeleccionEntidad>
                <TipoSeleccion>Autocompletar</TipoSeleccion>
                <Grafo>eventinscriptiontype.owl</Grafo>
                <UrlTipoEntSolicitada>http://w3id.org/roh/EventInscriptionType</UrlTipoEntSolicitada>
				<PropsEntEdicion>
                    <NameProp>http://purl.org/dc/elements/1.1/title</NameProp>
                </PropsEntEdicion>
                <PropsEntLectura>
                    <Propiedad ID="http://purl.org/dc/elements/1.1/title" EntidadID="http://w3id.org/roh/EventInscriptionType">
                        <AtrNombreLectura></AtrNombreLectura>
                    </Propiedad>
                </PropsEntLectura>
            </SeleccionEntidad>
        </Propiedad>
		<Propiedad  ID="http://w3id.org/roh/publicationType" EntidadID="http://w3id.org/roh/Activity">
            <AtrNombre>http://w3id.org/roh/publicationType</AtrNombre>
            <AtrNombreLectura>http://w3id.org/roh/publicationType</AtrNombreLectura>
			<SeleccionEntidad>
                <TipoSeleccion>Autocompletar</TipoSeleccion>
                <Grafo>publicationtype.owl</Grafo>
                <UrlTipoEntSolicitada>http://w3id.org/roh/PublicationType</UrlTipoEntSolicitada>
				<PropsEntEdicion>
                    <NameProp>http://purl.org/dc/elements/1.1/title</NameProp>
                </PropsEntEdicion>
                <PropsEntLectura>
                    <Propiedad ID="http://purl.org/dc/elements/1.1/title" EntidadID="http://w3id.org/roh/PublicationType">
                        <AtrNombreLectura></AtrNombreLectura>
                    </Propiedad>
                </PropsEntLectura>
            </SeleccionEntidad>
        </Propiedad>
		<Propiedad  ID="http://w3id.org/roh/publicationHasRegion" EntidadID="http://w3id.org/roh/Activity">
            <AtrNombre>http://w3id.org/roh/publicationHasRegion</AtrNombre>
            <AtrNombreLectura>http://w3id.org/roh/publicationHasRegion</AtrNombreLectura>
			<SeleccionEntidad>
                <TipoSeleccion>Combo</TipoSeleccion>
                <Grafo>feature.owl</Grafo>
                <UrlTipoEntSolicitada>http://www.geonames.org/ontology#Feature</UrlTipoEntSolicitada>              
                <PropsEntEdicion>
                    <NameProp>http://www.geonames.org/ontology#name</NameProp>
                </PropsEntEdicion>
                <PropsEntLectura>
                    <Propiedad ID="http://www.geonames.org/ontology#name" EntidadID="http://www.geonames.org/ontology#Feature">
                        <AtrNombreLectura></AtrNombreLectura>
                    </Propiedad>
                </PropsEntLectura>
            </SeleccionEntidad>
        </Propiedad>
		<Propiedad  ID="http://w3id.org/roh/publicationHasCountryName" EntidadID="http://w3id.org/roh/Activity">
            <AtrNombre>http://w3id.org/roh/publicationHasCountryName</AtrNombre>
            <AtrNombreLectura>http://w3id.org/roh/publicationHasCountryName</AtrNombreLectura>
			<SeleccionEntidad>
                <TipoSeleccion>Combo</TipoSeleccion>
                <Grafo>feature.owl</Grafo>
                <UrlTipoEntSolicitada>http://www.geonames.org/ontology#Feature</UrlTipoEntSolicitada>              
                <PropsEntEdicion>
                    <NameProp>http://www.geonames.org/ontology#name</NameProp>
                </PropsEntEdicion>
                <PropsEntLectura>
                    <Propiedad ID="http://www.geonames.org/ontology#name" EntidadID="http://www.geonames.org/ontology#Feature">
                        <AtrNombreLectura></AtrNombreLectura>
                    </Propiedad>
                </PropsEntLectura>
            </SeleccionEntidad>
        </Propiedad>
				<Propiedad  ID="http://w3id.org/roh/owner" EntidadID="http://w3id.org/roh/Activity">
			<SeleccionEntidad>
                <TipoSeleccion>Autocompletar</TipoSeleccion>
                <Grafo>person.owl</Grafo>
                <UrlTipoEntSolicitada>http://xmlns.com/foaf/0.1/Person</UrlTipoEntSolicitada>              
                <PropsEntEdicion>
                    <NameProp>http://w3id.org/roh/title</NameProp>
                </PropsEntEdicion>
                <PropsEntLectura>
                    <Propiedad ID="http://xmlns.com/foaf/0.1/name" EntidadID="http://xmlns.com/foaf/0.1/Person">
                        <AtrNombreLectura></AtrNombreLectura>
                    </Propiedad>
                </PropsEntLectura>
            </SeleccionEntidad>
        </Propiedad>
    </EspefPropiedad>
    <EspefEntidad>
    </EspefEntidad>
</config>
