{
  "ProyectosConOntologias": null,
  "CMSActivado": true,
  "GruposVisibilidadAbierto": {},
  "OntologiaOtroProyecto": "00000000-0000-0000-0000-000000000000",
  "AutocompletarSiempreVirtuoso": false,
  "BuscarTodoEcosistema": true,
  "BuscarTodoProyecto": true,
  "PestanyasDeBusqueda": null,
  "PestanyasSeleccionadas": null,
  "PermitirRecursosPrivados": true,
  "InvitacionesDisponibles": true,
  "VotacionesDisponibles": true,
  "MostrarVotaciones": false,
  "PermitirVotacionesNegativas": false,
  "ComentariosDisponibles": true,
  "SupervisoresPuedenAdministrarGrupos": false,
  "CuentaTwitter": null,
  "HasTagTwitter": null,
  "UrlEnvioTwitter": null,
  "TokenTwitter": null,
  "TokenSecretTwitter": null,
  "MostrarAccionesListados": false,
  "IncluirGoogleSearch": false,
  "ConfiguracionCorreo": null,
  "NumeroCaracteresDescripcionSuscripcion": "",
  "ParametrosExtraYoutube": "",
  "CompartirRecursoPermitido": true
}